JvmtiExport can_access_local_variables 1
JvmtiExport can_hotswap_or_post_breakpoint 1
JvmtiExport can_post_on_exceptions 1
# 134 ciObject found
ciInstanceKlass java/util/Iterator 1 1 53 100 8 10 10 11 11 11 7 100 1 1 1 1 1 1 1 1 1 1 1 1 1 1 1 1 1 1 1 1 1 1 1 1 1 1 12 7 12 12 12 7 12 1 1 1 1 1 1 1 1 1 1
instanceKlass lq
instanceKlass ry
instanceKlass hn
instanceKlass ux
instanceKlass net/runelite/client/plugins/xptracker/XpTrackerPlugin$$Lambda$1995
instanceKlass net/runelite/client/plugins/xptracker/XpTrackerPlugin$$Lambda$1994
instanceKlass net/runelite/client/plugins/wiki/WikiPlugin$$Lambda$1993
instanceKlass net/runelite/client/plugins/wiki/WikiPlugin$$Lambda$1992
instanceKlass ii
instanceKlass tr
instanceKlass net/runelite/client/plugins/itemstats/Positivity$1
instanceKlass net/runelite/client/plugins/itemstats/potions/PotionDuration$PotionDurationRange
instanceKlass rx
instanceKlass bn
instanceKlass an
instanceKlass ay
instanceKlass bx
instanceKlass jk
instanceKlass com/google/common/collect/StandardTable$1
instanceKlass net/runelite/client/Notifier$1
instanceKlass net/runelite/client/events/NotificationFired
instanceKlass sun/nio/fs/WindowsFileCopy
instanceKlass net/runelite/client/plugins/loottracker/LootTrackerClient$1
instanceKlass net/runelite/client/plugins/loottracker/LootTrackerPlugin$$Lambda$1991
instanceKlass ud
instanceKlass ix
instanceKlass sr
instanceKlass xi
instanceKlass wb
instanceKlass aay
instanceKlass zp
instanceKlass aag
instanceKlass sh
instanceKlass com/pktracker/PkTrackerPlugin$$Lambda$1990
instanceKlass net/runelite/client/plugins/loottracker/LootTrackerPlugin$$Lambda$1989
instanceKlass net/runelite/http/api/loottracker/LootRecord
instanceKlass java/lang/invoke/LambdaForm$MH
instanceKlass java/lang/invoke/LambdaForm$DMH
instanceKlass java/lang/invoke/LambdaForm$DMH
instanceKlass net/runelite/client/plugins/loottracker/LootTrackerPlugin$$Lambda$1988
instanceKlass java/lang/invoke/LambdaForm$DMH
instanceKlass net/runelite/client/plugins/loottracker/LootTrackerPlugin$$Lambda$1987
instanceKlass net/runelite/client/plugins/loottracker/LootTrackerPlugin$$Lambda$1986
instanceKlass jdk/internal/math/FormattedFloatingDecimal$2
instanceKlass jdk/internal/math/FormattedFloatingDecimal
instanceKlass net/runelite/client/plugins/grounditems/GroundItemsOverlay$$Lambda$1985
instanceKlass net/runelite/client/events/NpcLootReceived
instanceKlass ss
instanceKlass zd
instanceKlass com/questhelper/managers/QuestManager$$Lambda$1984
instanceKlass net/runelite/client/game/LootManager$$Lambda$1983
instanceKlass net/runelite/client/plugins/discord/DiscordState$$Lambda$1982
instanceKlass net/runelite/client/plugins/discord/DiscordState$$Lambda$1981
instanceKlass java/lang/invoke/LambdaForm$MH
instanceKlass java/lang/invoke/LambdaForm$MH
instanceKlass java/lang/invoke/LambdaForm$MH
instanceKlass java/lang/invoke/LambdaForm$MH
instanceKlass java/lang/invoke/LambdaForm$MH
instanceKlass java/lang/invoke/LambdaForm$MH
instanceKlass java/lang/invoke/LambdaForm$MH
instanceKlass java/lang/invoke/LambdaForm$MH
instanceKlass java/lang/invoke/LambdaForm$MH
instanceKlass java/lang/invoke/LambdaForm$MH
instanceKlass net/runelite/client/ui/overlay/components/ProgressBarComponent$1
instanceKlass net/runelite/client/ui/overlay/components/PanelComponent$1
instanceKlass net/runelite/client/ui/overlay/components/ProgressBarComponent
instanceKlass net/runelite/client/ui/overlay/components/TitleComponent$TitleComponentBuilder
instanceKlass net/runelite/client/ui/overlay/components/TitleComponent
instanceKlass wv
instanceKlass hi
instanceKlass net/runelite/client/plugins/discord/DiscordGameEventType$1
instanceKlass sw
instanceKlass net/runelite/client/plugins/crowdsourcing/zmi/CrowdsourcingZMI$1
instanceKlass com/questhelper/runeliteobjects/extendedruneliteobjects/RuneliteObjectManager$$Lambda$1980
instanceKlass net/runelite/api/clan/ClanMember
instanceKlass java/lang/management/ManagementFactory$$Lambda$1979
instanceKlass java/lang/management/ManagementFactory$PlatformMBeanFinder$$Lambda$1978
instanceKlass sun/security/ssl/Alert$AlertConsumer
instanceKlass java/lang/invoke/LambdaForm$MH
instanceKlass java/lang/invoke/LambdaForm$MH
instanceKlass java/lang/invoke/LambdaForm$MH
instanceKlass java/lang/invoke/LambdaForm$MH
instanceKlass java/lang/invoke/LambdaForm$MH
instanceKlass java/lang/invoke/LambdaForm$MH
instanceKlass java/lang/invoke/LambdaForm$MH
instanceKlass java/lang/invoke/LambdaForm$MH
instanceKlass java/lang/invoke/LambdaForm$MH
instanceKlass java/lang/invoke/LambdaForm$MH
instanceKlass java/lang/invoke/LambdaForm$MH
instanceKlass java/lang/invoke/LambdaForm$MH
instanceKlass java/lang/invoke/LambdaForm$MH
instanceKlass java/lang/invoke/LambdaForm$MH
instanceKlass java/lang/invoke/LambdaForm$MH
instanceKlass java/lang/invoke/LambdaForm$MH
instanceKlass java/lang/invoke/LambdaForm$MH
instanceKlass java/lang/invoke/LambdaForm$MH
instanceKlass java/lang/invoke/LambdaForm$MH
instanceKlass java/lang/invoke/LambdaForm$MH
instanceKlass java/lang/invoke/LambdaForm$MH
instanceKlass net/runelite/client/ui/overlay/components/TooltipComponent
instanceKlass java/text/DigitList$1
instanceKlass shortestpath/pathfinder/TransportAvailability$Builder$$Lambda$1977
instanceKlass shortestpath/pathfinder/PathfinderConfig$$Lambda$1976
instanceKlass shortestpath/transport/parser/VarRequirement$1
instanceKlass shortestpath/pathfinder/PathfinderConfig$1
instanceKlass net/runelite/client/plugins/xptracker/XpStateSingle$1
instanceKlass net/runelite/client/plugins/timetracking/farming/FarmingWorld$$Lambda$1975
instanceKlass br
instanceKlass aq
instanceKlass bg
instanceKlass bt
instanceKlass com/questhelper/overlays/QuestHelperTooltipOverlay$$Lambda$1974
instanceKlass com/chatwidgets/overlay/RenderLine
instanceKlass com/chatwidgets/overlay/TextSegment
instanceKlass com/chatwidgets/overlay/DynamicChatOverlay$1
instanceKlass com/chatwidgets/overlay/ChatRenderUtils
instanceKlass net/runelite/client/plugins/playerindicators/PlayerIndicatorsMinimapOverlay$$Lambda$1973
instanceKlass net/runelite/api/WorldType$$Lambda$1972
instanceKlass net/runelite/api/Client$$Lambda$1971
instanceKlass java/lang/FdLibm$Cbrt
instanceKlass java/awt/geom/ArcIterator
instanceKlass net/runelite/client/plugins/poh/PohOverlay$$Lambda$1970
instanceKlass client$$Lambda$1969
instanceKlass net/runelite/client/ui/overlay/SnapCorners$1
instanceKlass net/runelite/client/plugins/playerindicators/PlayerIndicatorsService$$Lambda$1968
instanceKlass net/runelite/client/plugins/playerindicators/PlayerIndicatorsOverlay$$Lambda$1967
instanceKlass java/awt/Polygon$PolygonPathIterator
instanceKlass com/questhelper/runeliteobjects/extendedruneliteobjects/RuneliteObjectManager$$Lambda$1966
instanceKlass com/questhelper/overlays/QuestHelperWorldOverlay$$Lambda$1965
instanceKlass at/nightfirec/wildernesslines/WildernessLinesOverlay$$Lambda$1964
instanceKlass at/nightfirec/wildernesslines/WildernessLinesOverlay$$Lambda$1963
instanceKlass at/nightfirec/wildernesslines/WildernessLinesOverlay$$Lambda$1962
instanceKlass net/runelite/client/plugins/agility/AgilityOverlay$$Lambda$1961
instanceKlass java/lang/invoke/LambdaForm$DMH
instanceKlass java/lang/FdLibm
instanceKlass java/lang/FdLibm$Hypot
instanceKlass com/google/common/collect/Tables$AbstractCell
instanceKlass com/google/common/collect/Tables$1
instanceKlass com/google/common/collect/Table$Cell
instanceKlass com/google/common/collect/RowSortedTable
instanceKlass com/google/common/collect/Tables
instanceKlass net/runelite/client/plugins/poh/BurnerOverlay$$Lambda$1960
instanceKlass net/runelite/client/ui/overlay/OverlayUtil
instanceKlass hq
instanceKlass ls
instanceKlass net/runelite/client/plugins/gpu/VAO$Range
instanceKlass ul
instanceKlass rl2
instanceKlass rl21
instanceKlass ih
instanceKlass ng
instanceKlass ho
instanceKlass dv
instanceKlass cw
instanceKlass java/time/format/DateTimeFormatterBuilder$3
instanceKlass java/time/LocalTime$1
instanceKlass java/time/format/DateTimePrintContext
instanceKlass com/questhelper/panel/QuestHelperPanel$$Lambda$1959
instanceKlass com/questhelper/panel/QuestSelectPanel$$Lambda$1958
instanceKlass com/questhelper/panel/QuestHelperPanel$$Lambda$1957
instanceKlass com/questhelper/managers/QuestManager$$Lambda$1956
instanceKlass com/questhelper/managers/QuestManager$$Lambda$1955
instanceKlass com/questhelper/managers/QuestManager$$Lambda$1954
instanceKlass com/questhelper/config/SkillFiltering$$Lambda$1953
instanceKlass com/questhelper/config/SkillFiltering$$Lambda$1952
instanceKlass com/questhelper/config/SkillFiltering$$Lambda$1951
instanceKlass com/questhelper/config/SkillFiltering$$Lambda$1950
instanceKlass com/questhelper/config/SkillFiltering$$Lambda$1949
instanceKlass com/questhelper/config/SkillFiltering$$Lambda$1948
instanceKlass com/questhelper/config/SkillFiltering$$Lambda$1947
instanceKlass com/questhelper/config/SkillFiltering$$Lambda$1946
instanceKlass com/questhelper/config/SkillFiltering$$Lambda$1945
instanceKlass com/questhelper/config/SkillFiltering$$Lambda$1944
instanceKlass com/questhelper/managers/QuestManager$$Lambda$1943
instanceKlass com/questhelper/managers/QuestManager$$Lambda$1942
instanceKlass com/questhelper/config/SkillFiltering
instanceKlass com/questhelper/managers/QuestManager$$Lambda$1941
instanceKlass net/runelite/client/plugins/tithefarm/TitheFarmPlugin$$Lambda$1940
instanceKlass net/runelite/client/plugins/npchighlight/NpcIndicatorsPlugin$$Lambda$1939
instanceKlass com/google/common/collect/Lists$ReverseList$1
instanceKlass com/questhelper/requirements/zone/ZoneRequirement$$Lambda$1938
instanceKlass net/runelite/client/plugins/grandexchange/GrandExchangeOfferSlot$$Lambda$1937
instanceKlass com/questhelper/runeliteobjects/extendedruneliteobjects/RuneliteObjectManager$$Lambda$1936
instanceKlass java/lang/invoke/LambdaForm$MH
instanceKlass java/lang/invoke/LambdaForm$MH
instanceKlass java/lang/invoke/LambdaForm$MH
instanceKlass java/lang/invoke/LambdaForm$MH
instanceKlass java/lang/invoke/LambdaForm$MH
instanceKlass java/lang/invoke/LambdaForm$MH
instanceKlass java/lang/invoke/LambdaForm$MH
instanceKlass java/lang/invoke/LambdaForm$MH
instanceKlass java/lang/invoke/LambdaForm$MH
instanceKlass java/lang/invoke/LambdaForm$MH
instanceKlass java/lang/invoke/LambdaForm$MH
instanceKlass java/lang/invoke/LambdaForm$MH
instanceKlass java/lang/invoke/LambdaForm$MH
instanceKlass java/lang/invoke/LambdaForm$MH
instanceKlass java/lang/invoke/LambdaForm$MH
instanceKlass java/lang/invoke/LambdaForm$MH
instanceKlass java/lang/invoke/LambdaForm$MH
instanceKlass java/lang/invoke/LambdaForm$MH
instanceKlass java/lang/invoke/LambdaForm$MH
instanceKlass java/lang/invoke/LambdaForm$MH
instanceKlass java/lang/invoke/LambdaForm$MH
instanceKlass java/lang/invoke/LambdaForm$DMH
instanceKlass java/lang/invoke/LambdaForm$MH
instanceKlass java/lang/invoke/LambdaForm$DMH
instanceKlass java/lang/invoke/LambdaForm$MH
instanceKlass java/lang/invoke/LambdaForm$MH
instanceKlass java/lang/invoke/LambdaForm$MH
instanceKlass java/lang/invoke/LambdaForm$MH
instanceKlass java/lang/invoke/LambdaForm$MH
instanceKlass java/lang/invoke/LambdaForm$MH
instanceKlass java/lang/invoke/LambdaForm$MH
instanceKlass java/lang/invoke/LambdaForm$MH
instanceKlass java/lang/invoke/LambdaForm$MH
instanceKlass java/lang/invoke/LambdaForm$MH
instanceKlass java/lang/invoke/LambdaForm$MH
instanceKlass java/lang/invoke/LambdaForm$DMH
instanceKlass java/lang/invoke/LambdaForm$DMH
instanceKlass net/runelite/client/plugins/grandexchange/GrandExchangePlugin$$Lambda$1935
instanceKlass java/lang/invoke/LambdaForm$DMH
instanceKlass net/runelite/client/plugins/agility/Courses$$Lambda$1934
instanceKlass net/runelite/client/plugins/agility/Courses$$Lambda$1933
instanceKlass java/lang/invoke/LambdaForm$MH
instanceKlass net/runelite/client/plugins/agility/Courses$$Lambda$1932
instanceKlass java/lang/invoke/LambdaForm$DMH
instanceKlass java/lang/invoke/LambdaForm$DMH
instanceKlass net/runelite/client/plugins/xptracker/XpTrackerPlugin$1
instanceKlass java/lang/invoke/LambdaForm$MH
instanceKlass java/lang/invoke/LambdaForm$DMH
instanceKlass net/runelite/client/plugins/spellbook/SpellbookPlugin$$Lambda$1931
instanceKlass java/lang/invoke/LambdaForm$DMH
instanceKlass zf
instanceKlass net/runelite/client/plugins/itemcharges/ItemChargeType$$Lambda$1930
instanceKlass net/runelite/client/plugins/itemcharges/ItemChargeType$$Lambda$1929
instanceKlass net/runelite/client/plugins/itemcharges/ItemChargeType$$Lambda$1928
instanceKlass net/runelite/client/plugins/itemcharges/ItemChargeType$$Lambda$1927
instanceKlass net/runelite/client/plugins/itemcharges/ItemChargeType$$Lambda$1926
instanceKlass net/runelite/client/plugins/itemcharges/ItemChargeType$$Lambda$1925
instanceKlass net/runelite/client/plugins/itemcharges/ItemChargeType$$Lambda$1924
instanceKlass net/runelite/client/plugins/itemcharges/ItemChargeType$$Lambda$1923
instanceKlass net/runelite/client/plugins/itemcharges/ItemChargeType$$Lambda$1922
instanceKlass net/runelite/client/plugins/itemcharges/ItemChargeType$$Lambda$1921
instanceKlass net/runelite/client/plugins/itemcharges/ItemChargeType$$Lambda$1920
instanceKlass net/runelite/client/plugins/itemcharges/ItemChargeType$$Lambda$1919
instanceKlass net/runelite/client/plugins/itemcharges/ItemChargeType$$Lambda$1918
instanceKlass net/runelite/client/plugins/itemcharges/ItemChargeType$$Lambda$1917
instanceKlass net/runelite/client/plugins/itemcharges/ItemChargeType$$Lambda$1916
instanceKlass net/runelite/client/plugins/itemcharges/ItemChargeType$$Lambda$1915
instanceKlass net/runelite/client/plugins/itemcharges/ItemChargeType$$Lambda$1914
instanceKlass net/runelite/client/plugins/itemcharges/ItemChargeType$$Lambda$1913
instanceKlass net/runelite/client/plugins/itemcharges/ItemChargeType$$Lambda$1912
instanceKlass net/runelite/client/plugins/itemcharges/ItemChargeType$$Lambda$1911
instanceKlass net/runelite/client/plugins/itemcharges/ItemChargeType$$Lambda$1910
instanceKlass net/runelite/client/plugins/runecraft/RunecraftPlugin$$Lambda$1909
instanceKlass net/runelite/client/plugins/cluescrolls/ClueScrollPlugin$$Lambda$1908
instanceKlass com/questhelper/managers/QuestContainerManager$$Lambda$1907
instanceKlass com/questhelper/managers/QuestContainerManager$$Lambda$1906
instanceKlass com/questhelper/managers/QuestContainerManager$$Lambda$1905
instanceKlass zi
instanceKlass jm
instanceKlass net/runelite/client/plugins/camera/CameraPlugin$$Lambda$1904
instanceKlass ny
instanceKlass hu
instanceKlass net/runelite/client/plugins/spellbook/SpellbookPlugin$$Lambda$1903
instanceKlass net/runelite/client/plugins/spellbook/SpellbookPlugin$$Lambda$1902
instanceKlass net/runelite/client/plugins/spellbook/SpellbookPlugin$$Lambda$1901
instanceKlass net/runelite/client/plugins/spellbook/SpellbookPlugin$$Lambda$1900
instanceKlass net/runelite/client/plugins/spellbook/SpellbookPlugin$$Lambda$1899
instanceKlass net/runelite/client/plugins/spellbook/SpellbookPlugin$$Lambda$1898
instanceKlass java/lang/invoke/LambdaForm$DMH
instanceKlass java/util/stream/Streams$RangeIntSpliterator
instanceKlass net/runelite/client/plugins/spellbook/SpellbookPlugin$$Lambda$1897
instanceKlass java/util/stream/Nodes$IntArrayNode
instanceKlass java/util/stream/Node$Builder$OfInt
instanceKlass java/util/stream/IntPipeline$$Lambda$1896
instanceKlass net/runelite/client/plugins/prayer/PrayerReorder$$Lambda$1895
instanceKlass net/runelite/client/plugins/prayer/PrayerReorder$$Lambda$1894
instanceKlass ma
instanceKlass tt
instanceKlass com/github/m0bilebtw/SkillsTabProgressBarsPlugin$1
instanceKlass com/github/m0bilebtw/SkillsTabProgressBarsPlugin$$Lambda$1893
instanceKlass net/runelite/client/plugins/wiki/WikiPlugin$$Lambda$1892
instanceKlass net/runelite/client/plugins/wiki/WikiPlugin$$Lambda$1891
instanceKlass net/runelite/client/plugins/wiki/WikiPlugin$$Lambda$1890
instanceKlass rl14
instanceKlass net/runelite/api/events/PostStructComposition
instanceKlass com/questhelper/runeliteobjects/extendedruneliteobjects/RuneliteObjectManager$$Lambda$1889
instanceKlass hh
instanceKlass com/google/common/math/IntMath$1
instanceKlass com/google/common/math/MathPreconditions
instanceKlass com/google/common/math/IntMath
instanceKlass com/google/common/io/BaseEncoding$Alphabet
instanceKlass com/google/common/io/BaseEncoding
instanceKlass java/lang/invoke/LambdaForm$MH
instanceKlass java/lang/invoke/LambdaForm$MH
instanceKlass java/lang/invoke/LambdaForm$MH
instanceKlass java/lang/invoke/LambdaForm$MH
instanceKlass java/lang/invoke/LambdaForm$MH
instanceKlass java/lang/invoke/LambdaForm$MH
instanceKlass java/lang/invoke/LambdaForm$MH
instanceKlass java/lang/invoke/LambdaForm$MH
instanceKlass java/lang/invoke/LambdaForm$MH
instanceKlass java/lang/invoke/LambdaForm$MH
instanceKlass java/lang/invoke/LambdaForm$MH
instanceKlass lo
instanceKlass la
instanceKlass sz
instanceKlass ca
instanceKlass com/questhelper/runeliteobjects/extendedruneliteobjects/RuneliteObjectManager$$Lambda$1888
instanceKlass et
instanceKlass kb
instanceKlass kn
instanceKlass com/google/common/collect/StandardTable$Row$1
instanceKlass net/runelite/client/plugins/grounditems/GroundItemsPlugin$1
instanceKlass net/runelite/client/plugins/grounditems/GroundItem$GroundItemBuilder
instanceKlass fo
instanceKlass sg
instanceKlass com/questhelper/runeliteobjects/extendedruneliteobjects/RuneliteObjectManager$$Lambda$1887
instanceKlass aab
instanceKlass hz
instanceKlass gy
instanceKlass com/questhelper/requirements/var/VarplayerRequirement$$Lambda$1886
instanceKlass com/questhelper/managers/QuestManager$$Lambda$1885
instanceKlass com/questhelper/managers/QuestManager$$Lambda$1884
instanceKlass com/questhelper/config/LeagueFiltering
instanceKlass com/questhelper/managers/QuestManager$$Lambda$1883
instanceKlass com/questhelper/questhelpers/QuestDetails
instanceKlass java/util/function/Predicate$$Lambda$1882
instanceKlass java/lang/invoke/LambdaForm$DMH
instanceKlass com/questhelper/managers/QuestManager$$Lambda$1881
instanceKlass com/questhelper/managers/QuestManager$$Lambda$1880
instanceKlass com/questhelper/helpers/mischelpers/allneededitems/AllNeededItems$$Lambda$1879
instanceKlass com/questhelper/helpers/mischelpers/allneededitems/AllNeededItems$$Lambda$1878
instanceKlass com/questhelper/requirements/zone/ZoneRequirement$$Lambda$1877
instanceKlass com/questhelper/steps/widget/AbstractWidgetHighlight
instanceKlass com/questhelper/helpers/mischelpers/farmruns/FarmingUtils
instanceKlass com/questhelper/requirements/var/VarType$$Lambda$1876
instanceKlass com/questhelper/requirements/var/VarType$$Lambda$1875
instanceKlass java/util/function/ToIntBiFunction
instanceKlass java/lang/invoke/LambdaForm$DMH
instanceKlass com/questhelper/requirements/item/ItemRequirement$$Lambda$1874
instanceKlass com/questhelper/requirements/item/ItemRequirements$$Lambda$1873
instanceKlass java/util/stream/Sink$ChainedInt
instanceKlass com/questhelper/questhelpers/QuestUtil$$Lambda$1872
instanceKlass java/util/stream/IntPipeline$$Lambda$1871
instanceKlass zk
instanceKlass kt
instanceKlass java/util/AbstractList$RandomAccessSpliterator
instanceKlass com/questhelper/requirements/util/ComplexRequirementBuilder
instanceKlass com/questhelper/requirements/npc/FollowerRequirement$$Lambda$1870
instanceKlass com/questhelper/requirements/item/FollowerItemRequirement$$Lambda$1869
instanceKlass com/questhelper/requirements/item/FollowerItemRequirement$$Lambda$1868
instanceKlass com/questhelper/requirements/item/ItemRequirement$$Lambda$1867
instanceKlass com/questhelper/requirements/item/FollowerItemRequirement$$Lambda$1866
instanceKlass com/questhelper/collections/NpcCollections
instanceKlass com/questhelper/steps/tools/DefinedPoint
instanceKlass com/questhelper/helpers/quests/thegreatbrainrobbery/TheGreatBrainRobbery$$Lambda$1865
instanceKlass com/questhelper/requirements/conditional/Conditions$$Lambda$1864
instanceKlass com/questhelper/requirements/item/ItemRequirements$$Lambda$1863
instanceKlass com/questhelper/requirements/util/LogicType$$Lambda$1862
instanceKlass com/questhelper/requirements/util/LogicType$$Lambda$1861
instanceKlass com/questhelper/requirements/util/LogicType$$Lambda$1860
instanceKlass com/questhelper/requirements/util/LogicType$$Lambda$1859
instanceKlass com/questhelper/requirements/util/LogicType$$Lambda$1858
instanceKlass com/questhelper/requirements/util/LogicType$$Lambda$1857
instanceKlass com/questhelper/requirements/util/LogicType$$Lambda$1856
instanceKlass com/questhelper/requirements/util/LogicType$$Lambda$1855
instanceKlass com/questhelper/requirements/util/LogicType$$Lambda$1854
instanceKlass com/questhelper/requirements/util/LogicType$$Lambda$1853
instanceKlass com/questhelper/requirements/util/LogicHelper
instanceKlass com/questhelper/requirements/util/Operation$$Lambda$1852
instanceKlass com/questhelper/requirements/util/Operation$$Lambda$1851
instanceKlass com/questhelper/requirements/util/Operation$$Lambda$1850
instanceKlass com/questhelper/requirements/util/Operation$$Lambda$1849
instanceKlass com/questhelper/requirements/util/Operation$$Lambda$1848
instanceKlass com/questhelper/requirements/util/Operation$$Lambda$1847
instanceKlass com/questhelper/requirements/var/VarbitBuilder
instanceKlass com/questhelper/bank/banktab/BankSlotIcons
instanceKlass com/questhelper/collections/SharedCollections
instanceKlass com/questhelper/requirements/item/ItemRequirement$$Lambda$1846
instanceKlass com/questhelper/requirements/item/ItemRequirement$$Lambda$1845
instanceKlass com/questhelper/requirements/item/ItemRequirement$$Lambda$1844
instanceKlass java/util/stream/DistinctOps
instanceKlass com/questhelper/requirements/item/ContainerStateForRequirement
instanceKlass com/google/common/collect/LinkedHashMultimap$ValueSet$1
instanceKlass ks
instanceKlass net/runelite/client/plugins/camera/CameraPlugin$1
instanceKlass sk
instanceKlass jg
instanceKlass ts
instanceKlass net/runelite/api/widgets/JavaScriptCallback
instanceKlass ld
instanceKlass ge
instanceKlass ha
instanceKlass gr
instanceKlass net/runelite/client/plugins/timersandbuffs/TimersAndBuffsPlugin$$Lambda$1843
instanceKlass net/runelite/client/plugins/worldhopper/WorldHopperPlugin$$Lambda$1842
instanceKlass xd
instanceKlass net/runelite/client/plugins/screenshot/ScreenshotPlugin$$Lambda$1841
instanceKlass ch/qos/logback/classic/spi/StackTraceElementProxy
instanceKlass ch/qos/logback/classic/spi/ThrowableProxyUtil
instanceKlass ch/qos/logback/classic/spi/ThrowableProxy
instanceKlass java/util/concurrent/ConcurrentLinkedDeque$AbstractItr
instanceKlass net/runelite/client/util/DeduplicationFilter$LogException
instanceKlass net/runelite/client/plugins/chathistory/ChatHistoryPlugin$1
instanceKlass net/runelite/client/plugins/cluescrolls/ClueScrollPlugin$1
instanceKlass org/apache/commons/lang3/CharSequenceUtils
instanceKlass net/runelite/client/chat/ChatCommandManager$1
instanceKlass kl
instanceKlass rc
instanceKlass bv
instanceKlass net/runelite/api/ChatLineBuffer
instanceKlass com/questhelper/runeliteobjects/extendedruneliteobjects/RuneliteObjectManager$$Lambda$1840
instanceKlass rl6
instanceKlass shortestpath/ShortestPathPlugin$$Lambda$1839
instanceKlass net/runelite/client/ui/ClientUI$$Lambda$1838
instanceKlass net/runelite/client/plugins/xptracker/XpTrackerPlugin$$Lambda$1837
instanceKlass net/runelite/client/plugins/xptracker/XpPanel$$Lambda$1836
instanceKlass net/runelite/client/plugins/xptracker/XpWorldType$3
instanceKlass net/runelite/client/plugins/agility/AgilityPlugin$$Lambda$1835
instanceKlass com/questhelper/runeliteobjects/extendedruneliteobjects/RuneliteObjectManager$$Lambda$1834
instanceKlass com/questhelper/QuestHelperPlugin$$Lambda$1833
instanceKlass com/questhelper/QuestHelperPlugin$$Lambda$1832
instanceKlass java/lang/invoke/LambdaForm$DMH
instanceKlass net/runelite/api/JagexColor
instanceKlass java/util/function/Consumer$$Lambda$1831
instanceKlass java/lang/invoke/LambdaForm$DMH
instanceKlass com/questhelper/runeliteobjects/extendedruneliteobjects/actions/Action$$Lambda$1830
instanceKlass com/questhelper/runeliteobjects/extendedruneliteobjects/RuneliteObjectManager$$Lambda$1829
instanceKlass com/questhelper/runeliteobjects/extendedruneliteobjects/RuneliteObjectManager$$Lambda$1828
instanceKlass com/questhelper/steps/tools/QuestPerspective
instanceKlass net/runelite/api/RuneLiteObject$$Lambda$1827
instanceKlass net/runelite/api/AnimationController$$Lambda$1826
instanceKlass net/runelite/api/AnimationController
instanceKlass com/questhelper/runeliteobjects/extendedruneliteobjects/FakeNpc$$Lambda$1825
instanceKlass com/questhelper/runeliteobjects/Cheerer
instanceKlass com/questhelper/runeliteobjects/GlobalFakeObjects
instanceKlass java/lang/invoke/LambdaForm$MH
instanceKlass java/lang/invoke/LambdaForm$MH
instanceKlass java/lang/invoke/LambdaForm$BMH
instanceKlass java/lang/invoke/LambdaForm$MH
instanceKlass java/lang/invoke/LambdaForm$MH
instanceKlass java/lang/invoke/LambdaForm$MH
instanceKlass java/lang/invoke/LambdaForm$MH
instanceKlass java/lang/invoke/LambdaForm$MH
instanceKlass java/lang/invoke/LambdaForm$MH
instanceKlass java/lang/invoke/LambdaForm$MH
instanceKlass java/lang/invoke/LambdaForm$MH
instanceKlass java/lang/invoke/LambdaForm$MH
instanceKlass java/lang/invoke/LambdaForm$MH
instanceKlass java/lang/invoke/LambdaForm$MH
instanceKlass java/lang/invoke/LambdaForm$MH
instanceKlass java/lang/invoke/LambdaForm$MH
instanceKlass java/lang/invoke/LambdaForm$MH
instanceKlass java/lang/invoke/LambdaForm$MH
instanceKlass java/lang/invoke/LambdaForm$MH
instanceKlass java/lang/invoke/LambdaForm$MH
instanceKlass java/lang/invoke/LambdaForm$MH
instanceKlass java/lang/invoke/LambdaForm$MH
instanceKlass java/lang/invoke/LambdaForm$MH
instanceKlass java/lang/invoke/LambdaForm$MH
instanceKlass net/runelite/client/plugins/runecraft/AbyssRifts$$Lambda$1824
instanceKlass net/runelite/client/plugins/runecraft/AbyssRifts$$Lambda$1823
instanceKlass net/runelite/client/plugins/runecraft/AbyssRifts$$Lambda$1822
instanceKlass net/runelite/client/plugins/runecraft/AbyssRifts$$Lambda$1821
instanceKlass net/runelite/client/plugins/runecraft/AbyssRifts$$Lambda$1820
instanceKlass net/runelite/client/plugins/runecraft/AbyssRifts$$Lambda$1819
instanceKlass net/runelite/client/plugins/runecraft/AbyssRifts$$Lambda$1818
instanceKlass net/runelite/client/plugins/runecraft/AbyssRifts$$Lambda$1817
instanceKlass net/runelite/client/plugins/runecraft/AbyssRifts$$Lambda$1816
instanceKlass net/runelite/client/plugins/runecraft/AbyssRifts$$Lambda$1815
instanceKlass net/runelite/client/plugins/runecraft/AbyssRifts$$Lambda$1814
instanceKlass net/runelite/client/plugins/runecraft/AbyssRifts$$Lambda$1813
instanceKlass net/runelite/client/plugins/runecraft/AbyssRifts$$Lambda$1812
instanceKlass at/nightfirec/wildernesslines/WildernessLinesPlugin$$Lambda$1811
instanceKlass java/util/stream/Collectors$$Lambda$1810
instanceKlass net/runelite/api/geometry/Geometry$$Lambda$1808
instanceKlass java/util/stream/Collectors$$Lambda$1809
instanceKlass com/tilepacks/PointManager$$Lambda$1807
instanceKlass net/runelite/api/geometry/Geometry
instanceKlass com/tilepacks/data/GroundMarkerPoint
instanceKlass at/nightfirec/wildernesslines/WildernessLinesPlugin$$Lambda$1806
instanceKlass net/runelite/client/plugins/grounditems/GroundItemsPlugin$$Lambda$1805
instanceKlass net/runelite/client/plugins/grounditems/GroundItemsPlugin$$Lambda$1804
instanceKlass net/runelite/client/plugins/gpu/Zone$AlphaModel
instanceKlass net/runelite/client/plugins/gpu/GpuPlugin$$Lambda$1803
instanceKlass os
instanceKlass oj
instanceKlass net/runelite/api/events/PostAnimation
instanceKlass qr
instanceKlass ta
instanceKlass di
instanceKlass net/runelite/api/events/PostObjectComposition
instanceKlass kc
instanceKlass wd
instanceKlass wj
instanceKlass java/lang/invoke/LambdaForm$MH
instanceKlass java/lang/invoke/LambdaForm$MH
instanceKlass java/lang/invoke/LambdaForm$MH
instanceKlass java/lang/invoke/LambdaForm$MH
instanceKlass java/lang/invoke/LambdaForm$MH
instanceKlass java/lang/invoke/LambdaForm$MH
instanceKlass java/lang/invoke/LambdaForm$MH
instanceKlass java/lang/invoke/LambdaForm$MH
instanceKlass java/lang/invoke/LambdaForm$MH
instanceKlass net/runelite/client/plugins/loottracker/LootTrackerBox$$Lambda$1802
instanceKlass java/text/DecimalFormat$DigitArrays
instanceKlass java/text/DecimalFormat$FastPathData
instanceKlass java/util/stream/ReduceOps$8ReducingSink
instanceKlass java/util/stream/Sink$OfLong
instanceKlass java/util/function/LongConsumer
instanceKlass java/util/stream/LongPipeline$$Lambda$1801
instanceKlass java/util/function/LongBinaryOperator
instanceKlass java/lang/invoke/LambdaForm$DMH
instanceKlass java/util/stream/LongStream
instanceKlass net/runelite/client/plugins/loottracker/LootTrackerBox$$Lambda$1800
instanceKlass net/runelite/client/plugins/loottracker/LootTrackerBox$$Lambda$1799
instanceKlass net/runelite/client/plugins/loottracker/LootTrackerBox$$Lambda$1798
instanceKlass net/runelite/client/plugins/loottracker/LootTrackerBox$$Lambda$1797
instanceKlass java/util/Comparator$$Lambda$1796
instanceKlass net/runelite/client/plugins/loottracker/LootTrackerBox$$Lambda$1795
instanceKlass net/runelite/client/plugins/loottracker/LootTrackerBox$$Lambda$1794
instanceKlass java/util/function/ToLongFunction
instanceKlass java/lang/invoke/LambdaForm$DMH
instanceKlass net/runelite/client/plugins/loottracker/LootTrackerPanel$$Lambda$1793
instanceKlass net/runelite/client/plugins/loottracker/LootTrackerPanel$$Lambda$1792
instanceKlass net/runelite/client/plugins/loottracker/LootTrackerBox$$Lambda$1791
instanceKlass java/lang/invoke/LambdaForm$DMH
instanceKlass net/runelite/client/plugins/loottracker/LootTrackerPanel$$Lambda$1790
instanceKlass net/runelite/client/plugins/loottracker/LootTrackerPanel$$Lambda$1789
instanceKlass java/lang/invoke/LambdaForm$DMH
instanceKlass fk
instanceKlass net/runelite/client/plugins/loottracker/LootTrackerPanel$$Lambda$1788
instanceKlass net/runelite/client/plugins/loottracker/LootTrackerPlugin$$Lambda$1787
instanceKlass net/runelite/client/plugins/loottracker/LootTrackerPlugin$$Lambda$1786
instanceKlass jy
instanceKlass ai
instanceKlass net/runelite/client/plugins/timersandbuffs/TimersAndBuffsPlugin$$Lambda$1785
instanceKlass org/apache/commons/lang3/ArrayUtils
instanceKlass com/questhelper/runeliteobjects/extendedruneliteobjects/RuneliteObjectManager$$Lambda$1784
instanceKlass pm
instanceKlass rl4$$Lambda$1783
instanceKlass ef
instanceKlass js
instanceKlass hw
instanceKlass zj
instanceKlass jj
instanceKlass net/runelite/client/plugins/loottracker/LootTrackerPlugin$$Lambda$1782
instanceKlass net/runelite/client/plugins/loottracker/LootTrackerPlugin$$Lambda$1781
instanceKlass kw
instanceKlass net/runelite/client/config/ConfigManager$$Lambda$1780
instanceKlass net/runelite/client/config/ConfigManager$$Lambda$1779
instanceKlass mu
instanceKlass net/runelite/client/plugins/loottracker/LootTrackerPlugin$$Lambda$1778
instanceKlass net/runelite/client/config/ConfigManager$$Lambda$1777
instanceKlass java/lang/invoke/LambdaForm$DMH
instanceKlass mw$$Lambda$1776
instanceKlass mw
instanceKlass java/awt/geom/RoundRectIterator
instanceKlass net/runelite/client/plugins/config/ConfigPanel$$Lambda$1775
instanceKlass net/runelite/client/plugins/config/ConfigPanel$$Lambda$1774
instanceKlass net/runelite/client/plugins/config/ConfigPanel$$Lambda$1773
instanceKlass net/runelite/client/plugins/config/ConfigPanel$$Lambda$1772
instanceKlass net/runelite/client/plugins/config/ConfigPanel$$Lambda$1771
instanceKlass net/runelite/client/plugins/config/ConfigPanel$$Lambda$1770
instanceKlass net/runelite/client/plugins/config/ConfigPanel$$Lambda$1769
instanceKlass java/lang/invoke/LambdaForm$DMH
instanceKlass net/runelite/client/plugins/config/ConfigPanel$$Lambda$1768
instanceKlass net/runelite/client/plugins/config/ConfigPanel$$Lambda$1767
instanceKlass net/runelite/client/plugins/config/ConfigPanel$$Lambda$1766
instanceKlass net/runelite/client/plugins/config/ConfigPanel$$Lambda$1765
instanceKlass net/runelite/client/plugins/config/PluginSearch$$Lambda$1764
instanceKlass net/runelite/client/plugins/config/PluginSearch$$Lambda$1763
instanceKlass net/runelite/client/plugins/config/PluginSearch$$Lambda$1762
instanceKlass net/runelite/client/plugins/config/PluginSearch$$Lambda$1761
instanceKlass net/runelite/client/util/Text$$Lambda$1760
instanceKlass net/runelite/client/plugins/config/PluginSearch$$Lambda$1759
instanceKlass net/runelite/client/plugins/config/PluginSearch$$Lambda$1758
instanceKlass net/runelite/client/plugins/config/PluginSearch$$Lambda$1757
instanceKlass net/runelite/client/plugins/config/PluginSearch$$Lambda$1756
instanceKlass net/runelite/client/plugins/config/PluginSearch$$Lambda$1755
instanceKlass net/runelite/client/plugins/config/PluginSearch$$Lambda$1754
instanceKlass javax/swing/JComponent$ActionStandin
instanceKlass javax/swing/JComponent$IntVector
instanceKlass javax/swing/JComponent$KeyboardState
instanceKlass sun/awt/DebugSettings
instanceKlass yt
instanceKlass javax/swing/text/JTextComponent$InputMethodRequestsHandler
instanceKlass java/awt/KeyboardFocusManager$4
instanceKlass wi
instanceKlass ua
instanceKlass ui
instanceKlass un
instanceKlass org/json/JSONTokener
instanceKlass sun/net/www/http/KeepAliveEntry
instanceKlass sun/net/www/http/KeepAliveCache$1
instanceKlass qg
instanceKlass sun/net/www/http/KeepAliveStreamCleaner$2
instanceKlass sun/net/www/http/KeepAliveStreamCleaner$1
instanceKlass sun/net/www/http/Hurryable
instanceKlass java/util/OptionalInt
instanceKlass sun/net/www/HeaderParser
instanceKlass sun/net/www/protocol/http/AuthCacheImpl
instanceKlass sun/net/www/protocol/http/AuthCache
instanceKlass sun/net/www/protocol/http/AuthCacheValue
instanceKlass sun/security/ssl/TransportContext$NotifyHandshake$1
instanceKlass sun/security/ssl/TransportContext$NotifyHandshake
instanceKlass sun/security/util/AnchorCertificates$1
instanceKlass sun/security/util/AnchorCertificates
instanceKlass sun/net/www/protocol/http/AuthenticatorKeys
instanceKlass sun/net/www/http/KeepAliveKey
instanceKlass sun/net/NetworkClient$1
instanceKlass sun/net/NetworkClient
instanceKlass sun/net/www/protocol/http/HttpURLConnection$7
instanceKlass org/json/JSONArray
instanceKlass org/json/JSONString
instanceKlass qk
instanceKlass we
instanceKlass org/json/JSONObject$Null
instanceKlass org/json/JSONObject
instanceKlass wy
instanceKlass qb
instanceKlass java/net/ResponseCache
instanceKlass sun/net/www/protocol/http/HttpURLConnection$3
instanceKlass java/net/CookieHandler
instanceKlass sun/net/www/protocol/http/HttpURLConnection$2
instanceKlass sun/net/util/ProxyUtil
instanceKlass sun/net/www/protocol/http/HttpURLConnection$$Lambda$1753
instanceKlass javax/net/ssl/KeyManagerFactorySpi
instanceKlass javax/net/ssl/KeyManagerFactory$1
instanceKlass javax/net/ssl/KeyManagerFactory
instanceKlass sun/security/ssl/SSLContextImpl$DefaultManagersHolder$1
instanceKlass sun/security/ssl/SSLContextImpl$DefaultManagersHolder
instanceKlass javax/net/ssl/SSLSocketFactory$1
instanceKlass javax/net/ssl/HttpsURLConnection$DefaultHostnameVerifier
instanceKlass qa
instanceKlass hd
instanceKlass ok
instanceKlass net/runelite/client/plugins/timetracking/farming/CompostTracker$1
instanceKlass net/runelite/client/plugins/timersandbuffs/TimersAndBuffsPlugin$1
instanceKlass net/runelite/client/plugins/tearsofguthix/TearsOfGuthixPlugin$1
instanceKlass net/runelite/client/plugins/slayer/SlayerPlugin$1
instanceKlass net/runelite/client/plugins/reportbutton/ReportButtonPlugin$1
instanceKlass net/runelite/client/plugins/itemcharges/ItemChargePlugin$1
instanceKlass net/runelite/client/plugins/idlenotifier/IdleNotifierPlugin$1
instanceKlass net/runelite/client/plugins/herbiboars/HerbiboarPlugin$1
instanceKlass net/runelite/client/plugins/grandexchange/GrandExchangePlugin$2
instanceKlass net/runelite/client/plugins/discord/DiscordPlugin$2
instanceKlass net/runelite/client/plugins/chatcommands/ChatCommandsPlugin$3
instanceKlass net/runelite/client/plugins/agility/AgilityPlugin$1
instanceKlass rl
instanceKlass oh
instanceKlass java/security/DomainCombiner
instanceKlass shortestpath/ShortestPathPlugin$$Lambda$1752
instanceKlass shortestpath/PendingTask
instanceKlass li
instanceKlass net/runelite/client/util/WorldUtil$1
instanceKlass net/runelite/client/util/WorldUtil
instanceKlass net/runelite/client/plugins/worldhopper/WorldHopperPlugin$$Lambda$1751
instanceKlass java/lang/invoke/LambdaForm$DMH
instanceKlass sun/awt/ModalExclude
instanceKlass java/lang/invoke/LambdaForm$MH
instanceKlass java/lang/invoke/LambdaForm$DMH
instanceKlass java/lang/invoke/LambdaForm$DMH
instanceKlass sun/awt/windows/WMouseInfoPeer
instanceKlass java/awt/peer/MouseInfoPeer
instanceKlass java/awt/MouseInfo
instanceKlass com/formdev/flatlaf/ui/StackUtilsImpl$$Lambda$1750
instanceKlass java/util/stream/SliceOps
instanceKlass java/lang/StackStreamFactory$FrameBuffer
instanceKlass java/lang/StackStreamFactory$1
instanceKlass java/lang/StackStreamFactory
instanceKlass com/formdev/flatlaf/ui/StackUtilsImpl$$Lambda$1749
instanceKlass java/lang/invoke/LambdaForm$DMH
instanceKlass com/formdev/flatlaf/ui/StackUtils$$Lambda$1748
instanceKlass com/formdev/flatlaf/ui/StackUtils
instanceKlass javax/swing/plaf/basic/BasicToolTipUI$PropertyChangeHandler
instanceKlass com/formdev/flatlaf/ui/FlatToolTipUI$$Lambda$1747
instanceKlass net/runelite/client/plugins/timetracking/farming/PatchState$1
instanceKlass net/runelite/client/config/RuneScapeProfileType$$Lambda$1746
instanceKlass net/runelite/client/config/RuneScapeProfileType$$Lambda$1745
instanceKlass net/runelite/client/config/RuneScapeProfileType$$Lambda$1744
instanceKlass net/runelite/client/config/RuneScapeProfileType$$Lambda$1743
instanceKlass net/runelite/client/config/RuneScapeProfileType$$Lambda$1742
instanceKlass net/runelite/client/config/RuneScapeProfileType$$Lambda$1741
instanceKlass net/runelite/client/config/RuneScapeProfileType$$Lambda$1740
instanceKlass java/util/stream/Collectors$$Lambda$1739
instanceKlass java/util/stream/Collectors$$Lambda$1738
instanceKlass net/runelite/client/config/ConfigManager$$Lambda$1737
instanceKlass net/runelite/client/config/ConfigManager$$Lambda$1736
instanceKlass net/runelite/client/config/ConfigManager$$Lambda$1735
instanceKlass jdk/internal/math/FDBigInteger
instanceKlass net/runelite/client/task/Scheduler$$Lambda$1734
instanceKlass rl15
instanceKlass java/awt/LightweightDispatcher$1
instanceKlass java/awt/Container$MouseEventTargetFilter
instanceKlass net/runelite/client/plugins/gpu/GpuPlugin$$Lambda$1733
instanceKlass org/lwjgl/opengl/GL$ICDStatic$WriteOnce
instanceKlass net/runelite/client/plugins/xptracker/XpPanel$$Lambda$1732
instanceKlass net/runelite/client/plugins/xptracker/XpInfoBox$$Lambda$1731
instanceKlass java/lang/invoke/LambdaForm$DMH
instanceKlass net/runelite/client/plugins/xptracker/XpSnapshotSingle$XpSnapshotSingleBuilder
instanceKlass net/runelite/client/plugins/xptracker/XpState$$Lambda$1730
instanceKlass org/lwjgl/opengl/GL20C$$Lambda$1729
instanceKlass org/lwjgl/system/APIUtil$Encoder
instanceKlass com/google/common/io/CharStreams
instanceKlass net/runelite/client/plugins/gpu/template/Template$$Lambda$1728
instanceKlass net/runelite/client/plugins/gpu/GpuPlugin$$Lambda$1727
instanceKlass org/lwjgl/system/libc/LibCString
instanceKlass net/runelite/client/plugins/gpu/GpuPlugin$1
instanceKlass org/lwjgl/system/MultiReleaseTextDecoding
instanceKlass org/lwjgl/opengl/GL11C
instanceKlass org/lwjgl/system/CheckIntrinsics
instanceKlass org/lwjgl/opengl/GL$$Lambda$1726
instanceKlass org/lwjgl/system/MathUtil
instanceKlass org/lwjgl/system/JNI
instanceKlass org/lwjgl/opengl/WGL
instanceKlass org/lwjgl/system/SharedLibrary$Delegate
instanceKlass org/lwjgl/system/libc/LibCStdlib
instanceKlass org/lwjgl/system/MemoryManage$DebugAllocator
instanceKlass org/lwjgl/system/MemoryManage$StdlibAllocator
instanceKlass org/lwjgl/system/MemoryManage
instanceKlass org/lwjgl/system/MemoryUtil$MemoryAllocator
instanceKlass org/lwjgl/system/MemoryUtil$LazyInit
instanceKlass org/lwjgl/system/ThreadLocalUtil
instanceKlass org/lwjgl/system/windows/WinBase
instanceKlass org/lwjgl/system/MemoryStack$$Lambda$1725
instanceKlass org/lwjgl/system/MemoryUtil$2
instanceKlass org/lwjgl/system/MemoryUtil$$Lambda$1724
instanceKlass java/lang/invoke/LambdaForm$DMH
instanceKlass java/lang/invoke/LambdaForm$DMH
instanceKlass org/lwjgl/system/MemoryUtil$$Lambda$1723
instanceKlass java/lang/invoke/LambdaForm$DMH
instanceKlass java/lang/invoke/LambdaForm$DMH
instanceKlass org/lwjgl/system/MemoryAccessJNI
instanceKlass org/lwjgl/system/MemoryUtil$$Lambda$1722
instanceKlass java/util/function/LongPredicate
instanceKlass java/lang/invoke/LambdaForm$DMH
instanceKlass java/lang/invoke/LambdaForm$DMH
instanceKlass org/lwjgl/system/jni/JNINativeInterface
instanceKlass org/lwjgl/system/MemoryUtil$$Lambda$1721
instanceKlass org/lwjgl/system/MemoryUtil$$Lambda$1720
instanceKlass org/lwjgl/system/MemoryUtil$NativeShift
instanceKlass org/lwjgl/system/MemoryUtil
instanceKlass org/lwjgl/system/APIUtil$1
instanceKlass org/lwjgl/opengl/GL$2
instanceKlass java/nio/file/FileStore
instanceKlass sun/nio/fs/WindowsSecurity
instanceKlass sun/nio/fs/AbstractAclFileAttributeView
instanceKlass java/nio/file/attribute/AclFileAttributeView
instanceKlass java/nio/file/attribute/FileOwnerAttributeView
instanceKlass sun/nio/fs/WindowsLinkSupport
instanceKlass org/lwjgl/VersionImpl
instanceKlass org/lwjgl/Version
instanceKlass org/lwjgl/system/SharedLibraryLoader
instanceKlass org/lwjgl/system/Library$$Lambda$1719
instanceKlass org/lwjgl/system/Library$$Lambda$1718
instanceKlass org/lwjgl/system/InjectedInvoker
instanceKlass org/lwjgl/system/Library
instanceKlass org/lwjgl/system/Platform$$Lambda$1717
instanceKlass org/lwjgl/system/Platform$$Lambda$1716
instanceKlass org/lwjgl/system/Platform$$Lambda$1715
instanceKlass org/lwjgl/system/Platform$$Lambda$1714
instanceKlass org/lwjgl/opengl/GL$$Lambda$1713
instanceKlass org/lwjgl/opengl/GL$$Lambda$1712
instanceKlass java/lang/invoke/LambdaForm$MH
instanceKlass java/lang/invoke/LambdaForm$MH
instanceKlass tp
instanceKlass org/lwjgl/opengl/InjectedInvoker
instanceKlass java/lang/invoke/LambdaForm$MH
instanceKlass java/lang/invoke/LambdaForm$MH
instanceKlass java/lang/invoke/LambdaForm$MH
instanceKlass java/lang/invoke/MethodHandleImpl$BindCaller
instanceKlass org/lwjgl/opengl/GL$ICDStatic
instanceKlass org/lwjgl/system/Pointer$Default
instanceKlass org/lwjgl/opengl/GL$ICD
instanceKlass org/lwjgl/opengl/GL
instanceKlass java/awt/geom/AreaIterator
instanceKlass java/awt/geom/QuadCurve2D
instanceKlass com/formdev/flatlaf/ui/JBRCustomDecorations
instanceKlass com/formdev/flatlaf/ui/FlatTabbedPaneUI$$Lambda$1711
instanceKlass java/awt/Cursor$CursorDisposer
instanceKlass java/awt/event/MouseEvent$1
instanceKlass sun/awt/AWTAccessor$MouseEventAccessor
instanceKlass java/lang/invoke/LambdaForm$MH
instanceKlass java/lang/invoke/LambdaForm$DMH
instanceKlass java/lang/invoke/LambdaForm$DMH
instanceKlass com/formdev/flatlaf/ui/FlatTabbedPaneUI$$Lambda$1710
instanceKlass java/lang/invoke/LambdaForm$DMH
instanceKlass com/formdev/flatlaf/util/ScaledImageIcon$$Lambda$1709
instanceKlass java/lang/invoke/LambdaForm$DMH
instanceKlass com/formdev/flatlaf/ui/FlatTitlePaneIcon$$Lambda$1708
instanceKlass com/formdev/flatlaf/util/MultiResolutionImageSupport
instanceKlass java/lang/invoke/LambdaForm$MH
instanceKlass java/lang/invoke/LambdaForm$DMH
instanceKlass java/lang/invoke/LambdaForm$DMH
instanceKlass com/formdev/flatlaf/util/JavaCompatibility
instanceKlass sun/java2d/marlin/DHelpers
instanceKlass java/awt/geom/Path2D$Iterator
instanceKlass com/formdev/flatlaf/util/HiDPIUtils
instanceKlass com/formdev/flatlaf/icons/FlatWindowAbstractIcon$$Lambda$1707
instanceKlass com/formdev/flatlaf/util/HiDPIUtils$Painter
instanceKlass java/lang/invoke/LambdaForm$DMH
instanceKlass net/runelite/client/ui/ClientUI$9
instanceKlass javax/swing/SwingHeavyWeight
instanceKlass sun/awt/windows/WTrayIconPeer$IconObserver
instanceKlass java/awt/TrayIcon$1
instanceKlass sun/awt/AWTAccessor$TrayIconAccessor
instanceKlass java/awt/peer/TrayIconPeer
instanceKlass java/awt/peer/SystemTrayPeer
instanceKlass java/awt/SystemTray$$Lambda$1706
instanceKlass sun/awt/AWTAccessor$SystemTrayAccessor
instanceKlass java/awt/SystemTray
instanceKlass java/awt/font/TextLine$TextLineMetrics
instanceKlass sun/font/SunLayoutEngine$$Lambda$1705
instanceKlass sun/font/SunLayoutEngine$FaceRef
instanceKlass sun/font/GlyphLayout$LayoutEngineKey
instanceKlass sun/font/GlyphLayout$EngineRecord
instanceKlass sun/font/ScriptRunData
instanceKlass sun/font/GlyphLayout$SDCache$SDKey
instanceKlass sun/font/GlyphLayout$SDCache
instanceKlass sun/font/FontRunIterator
instanceKlass sun/font/ScriptRun
instanceKlass sun/font/TextRecord
instanceKlass sun/font/GlyphLayout$GVData
instanceKlass sun/font/SunLayoutEngine
instanceKlass sun/font/GlyphLayout$LayoutEngineFactory
instanceKlass sun/font/GlyphLayout$LayoutEngine
instanceKlass sun/font/GlyphLayout
instanceKlass sun/font/TextLabel
instanceKlass sun/font/Decoration$Label
instanceKlass sun/font/TextSource
instanceKlass sun/font/TextLineComponent
instanceKlass sun/font/TextLabelFactory
instanceKlass sun/font/Decoration
instanceKlass sun/text/normalizer/UBiDiProps$IsAcceptable
instanceKlass sun/text/normalizer/UBiDiProps
instanceKlass sun/text/bidi/BidiBase$ImpTabPair
instanceKlass sun/text/bidi/BidiBase
instanceKlass java/text/Bidi
instanceKlass java/awt/font/TextLine$Function
instanceKlass java/awt/font/TextLine
instanceKlass java/awt/font/LineMetrics
instanceKlass sun/font/CoreMetrics
instanceKlass java/awt/font/TextLayout$CaretPolicy
instanceKlass java/awt/font/TextLayout
instanceKlass com/questhelper/panel/DynamicPaddedGridLayout$$Lambda$1704
instanceKlass com/questhelper/panel/DynamicPaddedGridLayout$$Lambda$1703
instanceKlass com/formdev/flatlaf/ui/FlatListCellBorder$$Lambda$1702
instanceKlass javax/swing/GroupLayout$1
instanceKlass javax/swing/event/RowSorterListener
instanceKlass javax/swing/event/CellEditorListener
instanceKlass javax/swing/event/TableColumnModelListener
instanceKlass javax/swing/event/TableModelListener
instanceKlass sun/font/StandardGlyphVector$GlyphStrike
instanceKlass sun/font/FontSubstitution
instanceKlass java/awt/font/GlyphVector
instanceKlass java/awt/GridBagLayoutInfo
instanceKlass net/runelite/client/callback/Hooks$$Lambda$1701
instanceKlass com/sun/jna/win32/W32APIFunctionMapper
instanceKlass com/sun/jna/win32/W32APITypeMapper$2
instanceKlass com/sun/jna/DefaultTypeMapper$Entry
instanceKlass com/sun/jna/win32/W32APITypeMapper$1
instanceKlass com/sun/jna/DefaultTypeMapper
instanceKlass com/sun/jna/win32/W32APIOptions
instanceKlass com/sun/jna/FunctionMapper
instanceKlass net/runelite/client/util/WinUtil$RLUser32
instanceKlass com/sun/jna/win32/StdCallLibrary
instanceKlass com/sun/jna/win32/StdCall
instanceKlass com/sun/jna/Native$AWT
instanceKlass com/formdev/flatlaf/ui/FlatRootPaneUI$FlatRootLayout$$Lambda$1700
instanceKlass com/formdev/flatlaf/ui/FlatTitlePane$$Lambda$1699
instanceKlass com/formdev/flatlaf/ui/FlatRootPaneUI$FlatRootLayout$$Lambda$1698
instanceKlass com/formdev/flatlaf/ui/FlatRootPaneUI$FlatRootLayout
instanceKlass com/formdev/flatlaf/ui/FlatTitlePane$$Lambda$1697
instanceKlass com/formdev/flatlaf/util/ScaledImageIcon
instanceKlass com/formdev/flatlaf/ui/FlatTitlePane$$Lambda$1696
instanceKlass com/formdev/flatlaf/ui/FlatTitlePane$$Lambda$1695
instanceKlass com/formdev/flatlaf/ui/FlatTitlePane$$Lambda$1694
instanceKlass com/formdev/flatlaf/ui/FlatTitlePane$$Lambda$1693
instanceKlass com/formdev/flatlaf/ui/FlatWindowsNativeWindowBorder$WndProc
instanceKlass java/util/logging/Filter
instanceKlass java/util/logging/LogRecord
instanceKlass net/runelite/client/TelemetryClient$1
instanceKlass jdk/internal/module/IllegalAccessLogger$$Lambda$1692
instanceKlass jdk/internal/module/IllegalAccessLogger$$Lambda$1691
instanceKlass java/util/WeakHashMap$HashIterator
instanceKlass com/google/gson/internal/Streams
instanceKlass java/awt/LightweightDispatcher$2
instanceKlass net/runelite/http/api/telemetry/Telemetry
instanceKlass net/runelite/client/RuneLite$$Lambda$1690
instanceKlass net/runelite/client/ui/ClientUI$$Lambda$1689
instanceKlass java/awt/Window$1DisposeAction
instanceKlass net/runelite/client/ui/SplashScreen$$Lambda$1688
instanceKlass com/mycombatlevel/ExamplePlugin$$Lambda$1687
instanceKlass com/github/m0bilebtw/SkillsTabProgressBarsPlugin$$Lambda$1686
instanceKlass com/github/m0bilebtw/SkillsTabProgressBarsPlugin$$Lambda$1685
instanceKlass com/github/m0bilebtw/SkillsTabProgressBarsPlugin$$Lambda$1684
instanceKlass com/visualmetronome/VisualMetronomePlugin$$Lambda$1683
instanceKlass com/visualmetronome/VisualMetronomePlugin$$Lambda$1682
instanceKlass com/visualmetronome/VisualMetronomePlugin$$Lambda$1681
instanceKlass com/visualmetronome/VisualMetronomePlugin$$Lambda$1680
instanceKlass com/visualmetronome/VisualMetronomePlugin$$Lambda$1679
instanceKlass com/visualmetronome/VisualMetronomePlugin$$Lambda$1678
instanceKlass net/runelite/client/ui/ClientUI$$Lambda$1677
instanceKlass com/chatwidgets/ChatWidgetPlugin$$Lambda$1676
instanceKlass com/chatwidgets/ChatWidgetPlugin$$Lambda$1675
instanceKlass com/chatwidgets/ChatWidgetPlugin$$Lambda$1674
instanceKlass com/chatwidgets/ChatWidgetPlugin$$Lambda$1673
instanceKlass com/chatwidgets/ChatWidgetPlugin$$Lambda$1672
instanceKlass com/chatwidgets/ChatWidgetPlugin$$Lambda$1671
instanceKlass com/chatwidgets/ChatWidgetPlugin$$Lambda$1670
instanceKlass com/chatwidgets/ChatWidgetPlugin$$Lambda$1669
instanceKlass com/chatwidgets/ChatWidgetPlugin$$Lambda$1668
instanceKlass java/lang/invoke/LambdaForm$MH
instanceKlass java/lang/invoke/LambdaForm$MH
instanceKlass java/lang/invoke/LambdaForm$MH
instanceKlass java/lang/invoke/LambdaForm$MH
instanceKlass java/lang/invoke/LambdaForm$MH
instanceKlass java/lang/invoke/LambdaForm$MH
instanceKlass java/lang/invoke/LambdaForm$MH
instanceKlass java/lang/invoke/LambdaForm$MH
instanceKlass com/chatwidgets/ChatWidgetPanel$$Lambda$1667
instanceKlass com/chatwidgets/ChatWidgetPanel$$Lambda$1666
instanceKlass com/chatwidgets/ChatWidgetPanel$$Lambda$1665
instanceKlass com/chatwidgets/ChatWidgetPanel$$Lambda$1664
instanceKlass com/chatwidgets/ChatWidgetPanel$$Lambda$1663
instanceKlass com/chatwidgets/ChatWidgetPanel$$Lambda$1662
instanceKlass com/chatwidgets/ChatWidgetPanel$$Lambda$1661
instanceKlass com/chatwidgets/ChatWidgetPanel$$Lambda$1660
instanceKlass com/chatwidgets/ChatWidgetPanel$$Lambda$1659
instanceKlass com/chatwidgets/ChatWidgetPanel$$Lambda$1658
instanceKlass com/chatwidgets/ChatWidgetPanel$$Lambda$1657
instanceKlass com/chatwidgets/ChatWidgetPanel$$Lambda$1656
instanceKlass com/chatwidgets/ChatWidgetPanel$$Lambda$1655
instanceKlass com/chatwidgets/ChatWidgetPanel$$Lambda$1654
instanceKlass com/chatwidgets/ChatWidgetPanel$$Lambda$1653
instanceKlass com/chatwidgets/ChatWidgetPanel$$Lambda$1652
instanceKlass com/chatwidgets/ChatWidgetPanel$$Lambda$1651
instanceKlass com/chatwidgets/ChatWidgetPanel$$Lambda$1650
instanceKlass com/chatwidgets/ChatWidgetPanel$$Lambda$1649
instanceKlass net/runelite/client/ui/laf/RuneLiteCheckBoxUI$$Lambda$1648
instanceKlass com/chatwidgets/ChatWidgetPanel$$Lambda$1647
instanceKlass com/chatwidgets/ChatWidgetPanel$$Lambda$1646
instanceKlass com/chatwidgets/ChatWidgetPanel$$Lambda$1645
instanceKlass com/chatwidgets/ChatWidgetPanel$$Lambda$1644
instanceKlass com/chatwidgets/ChatWidgetPanel$$Lambda$1643
instanceKlass com/chatwidgets/ChatMessageFilter$$Lambda$1642
instanceKlass com/chatwidgets/ChatMessageFilter$$Lambda$1641
instanceKlass com/chatwidgets/ChatMessageFilter$$Lambda$1640
instanceKlass com/banktaglayouts/BankTagLayoutsPlugin$$Lambda$1639
instanceKlass com/banktaglayouts/BankTagLayoutsPlugin$$Lambda$1638
instanceKlass com/banktaglayouts/BankTagLayoutsPlugin$$Lambda$1637
instanceKlass com/banktaglayouts/BankTagLayoutsPlugin$$Lambda$1636
instanceKlass com/banktaglayouts/BankTagLayoutsPlugin$$Lambda$1635
instanceKlass com/banktaglayouts/BankTagLayoutsPlugin$$Lambda$1634
instanceKlass com/banktaglayouts/BankTagLayoutsPlugin$$Lambda$1633
instanceKlass com/banktaglayouts/BankTagLayoutsPlugin$$Lambda$1632
instanceKlass com/banktaglayouts/BankTagLayoutsPlugin$$Lambda$1631
instanceKlass com/pktracker/PkTrackerPlugin$$Lambda$1630
instanceKlass com/banktaglayouts/BankTagLayoutsPlugin$$Lambda$1629
instanceKlass com/banktaglayouts/BankTagLayoutsPlugin$$Lambda$1628
instanceKlass com/banktaglayouts/BankTagLayoutsPlugin$$Lambda$1627
instanceKlass com/banktaglayouts/BankTagLayoutsPlugin$$Lambda$1626
instanceKlass com/banktaglayouts/BankTagLayoutsPlugin$$Lambda$1625
instanceKlass com/banktaglayouts/BankTagLayoutsPlugin$$Lambda$1624
instanceKlass com/banktaglayouts/BankTagLayoutsPlugin$$Lambda$1623
instanceKlass com/pktracker/PkTrackerPlugin$$Lambda$1622
instanceKlass com/pktracker/PkTrackerPlugin$$Lambda$1621
instanceKlass com/banktaglayouts/BankTagLayoutsPlugin$1
instanceKlass com/banktaglayouts/UsedToBeReflection$$Lambda$1620
instanceKlass com/pktracker/PkTrackerPlugin$$Lambda$1619
instanceKlass com/pktracker/PkTrackerPlugin$$Lambda$1618
instanceKlass com/pktracker/PkTrackerPlugin$$Lambda$1617
instanceKlass com/pktracker/PkTrackerPlugin$$Lambda$1616
instanceKlass com/pktracker/PkTrackerPlugin$$Lambda$1615
instanceKlass com/pktracker/PkTrackerPlugin$$Lambda$1614
instanceKlass com/pktracker/PkTrackerPlugin$$Lambda$1613
instanceKlass com/pktracker/PkTrackerPlugin$$Lambda$1612
instanceKlass com/pktracker/PkTrackerPlugin$$Lambda$1611
instanceKlass com/pktracker/PkTrackerPlugin$$Lambda$1610
instanceKlass com/pktracker/PkTrackerPlugin$$Lambda$1609
instanceKlass com/pktracker/PkTrackerPanel$$Lambda$1608
instanceKlass com/pktracker/PkTrackerPanel$$Lambda$1607
instanceKlass com/pktracker/PkTrackerPanel$$Lambda$1606
instanceKlass com/pktracker/PkTrackerPanel$$Lambda$1605
instanceKlass com/pktracker/PkTrackerPanel$$Lambda$1604
instanceKlass com/pktracker/PkTrackerPanel$$Lambda$1603
instanceKlass com/pktracker/PkTrackerPanel$$Lambda$1602
instanceKlass com/pktracker/PkTrackerPanel$$Lambda$1601
instanceKlass com/pktracker/PkTrackerPanel$$Lambda$1600
instanceKlass java/text/BreakIterator$BreakIteratorCache
instanceKlass sun/text/SupplementaryCharacterData
instanceKlass sun/text/CompactByteArray
instanceKlass sun/util/resources/BreakIteratorResourceBundle$$Lambda$1599
instanceKlass sun/util/locale/provider/JRELocaleProviderAdapter$$Lambda$1598
instanceKlass net/runelite/client/plugins/xptracker/XpPauseState$$Lambda$1597
instanceKlass com/pktracker/PkTrackerPanel$$Lambda$1596
instanceKlass com/questhelper/panel/QuestHelperPanel$$Lambda$1595
instanceKlass com/pktracker/PkTrackerPanel$$Lambda$1594
instanceKlass java/lang/invoke/LambdaForm$MH
instanceKlass com/questhelper/panel/regionfiltering/RegionFilterPanel$$Lambda$1593
instanceKlass com/noexamine/NoExaminePlugin$$Lambda$1592
instanceKlass com/questhelper/QuestHelperPlugin$$Lambda$1591
instanceKlass com/questhelper/QuestHelperPlugin$$Lambda$1590
instanceKlass com/questhelper/QuestHelperPlugin$$Lambda$1589
instanceKlass com/questhelper/QuestHelperPlugin$$Lambda$1588
instanceKlass com/questhelper/QuestHelperPlugin$$Lambda$1587
instanceKlass com/questhelper/QuestHelperPlugin$$Lambda$1586
instanceKlass com/questhelper/QuestHelperPlugin$$Lambda$1585
instanceKlass com/questhelper/QuestHelperPlugin$$Lambda$1584
instanceKlass com/questhelper/QuestHelperPlugin$$Lambda$1583
instanceKlass com/questhelper/QuestHelperPlugin$$Lambda$1582
instanceKlass net/runelite/client/callback/ClientThread$$Lambda$1581
instanceKlass com/questhelper/QuestHelperPlugin$$Lambda$1580
instanceKlass sun/font/AttributeValues$1
instanceKlass com/questhelper/util/Fonts
instanceKlass org/apache/commons/lang3/tuple/Pair
instanceKlass com/questhelper/panel/QuestOverviewPanel$$Lambda$1579
instanceKlass com/questhelper/panel/QuestHelperPanel$13
instanceKlass com/questhelper/panel/QuestHelperPanel$$Lambda$1578
instanceKlass com/questhelper/panel/regionfiltering/RegionFilterPanel$$Lambda$1577
instanceKlass com/questhelper/panel/QuestHelperPanel$$Lambda$1576
instanceKlass com/questhelper/panel/QuestHelperPanel$$Lambda$1575
instanceKlass java/util/stream/AbstractSpinedBuffer
instanceKlass com/questhelper/QuestHelperConfig$QuestFilter$$Lambda$1574
instanceKlass com/questhelper/QuestHelperConfig$QuestFilter$$Lambda$1573
instanceKlass com/questhelper/panel/QuestHelperPanel$$Lambda$1572
instanceKlass com/questhelper/panel/QuestHelperPanel$$Lambda$1571
instanceKlass com/questhelper/panel/QuestHelperPanel$6
instanceKlass com/questhelper/panel/QuestHelperPanel$$Lambda$1570
instanceKlass com/questhelper/panel/QuestHelperPanel$$Lambda$1569
instanceKlass com/questhelper/panel/QuestHelperPanel$$Lambda$1568
instanceKlass com/questhelper/panel/QuestHelperPanel$$Lambda$1567
instanceKlass com/formdev/flatlaf/ui/FlatComboBoxUI$$Lambda$1566
instanceKlass com/formdev/flatlaf/ui/FlatComboBoxUI$FlatKeySelectionManager
instanceKlass javax/swing/plaf/basic/BasicComboBoxUI$DefaultKeySelectionManager
instanceKlass javax/swing/plaf/basic/BasicComboBoxUI$ComboBoxLayoutManager
instanceKlass javax/swing/plaf/basic/BasicComboBoxUI$FocusHandler
instanceKlass com/formdev/flatlaf/ui/FlatComboBoxUI$$Lambda$1565
instanceKlass javax/swing/plaf/basic/BasicComboBoxUI$Handler
instanceKlass javax/swing/plaf/basic/BasicComboBoxEditor
instanceKlass javax/swing/ComboBoxEditor
instanceKlass com/formdev/flatlaf/ui/FlatComboBoxUI$FlatComboPopup$$Lambda$1564
instanceKlass com/formdev/flatlaf/ui/FlatComboBoxUI$FlatComboPopup$PopupListCellRenderer
instanceKlass com/formdev/flatlaf/ui/FlatUIUtils$NonUIResourceBorder
instanceKlass javax/swing/plaf/basic/BasicComboPopup$Handler
instanceKlass javax/swing/plaf/basic/BasicComboPopup$EmptyListModelClass
instanceKlass javax/swing/plaf/basic/ComboPopup
instanceKlass javax/swing/JComboBox$KeySelectionManager
instanceKlass javax/swing/JComboBox$1
instanceKlass javax/swing/MutableComboBoxModel
instanceKlass javax/swing/ComboBoxModel
instanceKlass com/questhelper/panel/JGenerator
instanceKlass java/util/function/UnaryOperator$$Lambda$1563
instanceKlass com/questhelper/panel/QuestHelperPanel$$Lambda$1562
instanceKlass com/questhelper/panel/QuestHelperPanel$$Lambda$1561
instanceKlass com/questhelper/panel/QuestHelperPanel$$Lambda$1560
instanceKlass com/questhelper/panel/QuestHelperPanel$$Lambda$1559
instanceKlass java/util/function/UnaryOperator
instanceKlass com/questhelper/helpers/activities/charting/ChartingTaskDefinition
instanceKlass com/questhelper/helpers/mischelpers/farmruns/PatchStates
instanceKlass com/questhelper/helpers/mischelpers/farmruns/PaymentTracker
instanceKlass com/questhelper/helpers/mischelpers/farmruns/FarmingWorld$$Lambda$1558
instanceKlass com/questhelper/helpers/mischelpers/farmruns/FarmingWorld$$Lambda$1557
instanceKlass com/questhelper/helpers/mischelpers/farmruns/FarmingWorld$$Lambda$1556
instanceKlass com/questhelper/helpers/mischelpers/farmruns/FarmingWorld$$Lambda$1555
instanceKlass com/questhelper/helpers/mischelpers/farmruns/FarmingPatch
instanceKlass com/questhelper/helpers/mischelpers/farmruns/FarmingRegion
instanceKlass com/questhelper/helpers/mischelpers/farmruns/FarmingHandler
instanceKlass com/questhelper/helpers/mischelpers/farmruns/FarmingWorld
instanceKlass com/questhelper/requirements/conditional/ConditionForStep
instanceKlass com/questhelper/requirements/conditional/InitializableRequirement
instanceKlass com/questhelper/rewards/QuestPointReward
instanceKlass com/questhelper/rewards/ItemReward
instanceKlass com/questhelper/rewards/UnlockReward
instanceKlass com/questhelper/rewards/ExperienceReward
instanceKlass com/questhelper/rewards/Reward
instanceKlass com/questhelper/QuestHelperPlugin$$Lambda$1554
instanceKlass com/questhelper/runeliteobjects/extendedruneliteobjects/RuneliteObjectManager$$Lambda$1553
instanceKlass com/questhelper/runeliteobjects/extendedruneliteobjects/RuneliteObjectManager$$Lambda$1552
instanceKlass com/questhelper/runeliteobjects/extendedruneliteobjects/RuneliteObjectManager$$Lambda$1551
instanceKlass com/questhelper/runeliteobjects/extendedruneliteobjects/RuneliteObjectManager$$Lambda$1550
instanceKlass com/questhelper/runeliteobjects/extendedruneliteobjects/RuneliteObjectManager$$Lambda$1549
instanceKlass com/questhelper/runeliteobjects/extendedruneliteobjects/RuneliteObjectManager$$Lambda$1548
instanceKlass com/questhelper/runeliteobjects/extendedruneliteobjects/RuneliteObjectManager$$Lambda$1547
instanceKlass com/questhelper/questhelpers/QuestUtil
instanceKlass com/questhelper/util/Utils
instanceKlass com/questhelper/statemanagement/AchievementDiaryStepManager
instanceKlass com/questhelper/statemanagement/PlayerStateManager$$Lambda$1546
instanceKlass com/questhelper/statemanagement/PlayerStateManager$$Lambda$1545
instanceKlass com/questhelper/statemanagement/PlayerStateManager$$Lambda$1544
instanceKlass com/questhelper/statemanagement/PlayerStateManager$$Lambda$1543
instanceKlass com/questhelper/util/worldmap/WorldMapAreaManager$$Lambda$1542
instanceKlass com/questhelper/util/worldmap/WorldMapAreaManager$$Lambda$1541
instanceKlass com/questhelper/QuestHelperPlugin$$Lambda$1540
instanceKlass com/questhelper/QuestHelperPlugin$$Lambda$1539
instanceKlass com/questhelper/managers/ItemAndLastUpdated
instanceKlass com/questhelper/managers/QuestContainerManager
instanceKlass com/questhelper/bank/banktab/QuestBankTab$$Lambda$1538
instanceKlass com/questhelper/bank/banktab/QuestBankTab$$Lambda$1537
instanceKlass com/questhelper/bank/banktab/QuestBankTab$$Lambda$1536
instanceKlass com/questhelper/bank/banktab/QuestBankTab$$Lambda$1535
instanceKlass com/questhelper/bank/banktab/QuestBankTab$$Lambda$1534
instanceKlass com/questhelper/bank/banktab/QuestBankTab$$Lambda$1533
instanceKlass com/questhelper/bank/banktab/PotionStorage$$Lambda$1532
instanceKlass com/questhelper/bank/banktab/PotionStorage$$Lambda$1531
instanceKlass at/nightfirec/wildernesslines/WildernessLinesPlugin$$Lambda$1530
instanceKlass at/nightfirec/wildernesslines/WildernessLinesPlugin$$Lambda$1529
instanceKlass at/nightfirec/wildernesslines/WildernessLinesPlugin$$Lambda$1528
instanceKlass shortestpath/ShortestPathPlugin$$Lambda$1527
instanceKlass shortestpath/ShortestPathPlugin$$Lambda$1526
instanceKlass shortestpath/ShortestPathPlugin$$Lambda$1525
instanceKlass shortestpath/ShortestPathPlugin$$Lambda$1524
instanceKlass shortestpath/ShortestPathPlugin$$Lambda$1523
instanceKlass shortestpath/ShortestPathPlugin$$Lambda$1522
instanceKlass shortestpath/ShortestPathPlugin$$Lambda$1521
instanceKlass shortestpath/ShortestPathPlugin$$Lambda$1520
instanceKlass shortestpath/ShortestPathPlugin$$Lambda$1519
instanceKlass shortestpath/ShortestPathPlugin$$Lambda$1518
instanceKlass shortestpath/ShortestPathPlugin$$Lambda$1517
instanceKlass shortestpath/Destination$$Lambda$1516
instanceKlass shortestpath/DestinationRequirements
instanceKlass shortestpath/pathfinder/WildernessChecker
instanceKlass shortestpath/Destination
instanceKlass shortestpath/pathfinder/TransportAvailability
instanceKlass shortestpath/pathfinder/TransportAvailability$Builder
instanceKlass shortestpath/transport/LoadInterner$$Lambda$1515
instanceKlass shortestpath/transport/LoadInterner$$Lambda$1514
instanceKlass shortestpath/transport/LoadInterner$$Lambda$1513
instanceKlass shortestpath/transport/LoadInterner$$Lambda$1512
instanceKlass shortestpath/transport/LoadInterner$$Lambda$1511
instanceKlass shortestpath/transport/LoadInterner
instanceKlass java/util/JumboEnumSet$EnumSetIterator
instanceKlass shortestpath/transport/TransportLoader$$Lambda$1510
instanceKlass shortestpath/transport/TransportLoader$$Lambda$1509
instanceKlass shortestpath/ItemVariations$1
instanceKlass shortestpath/transport/parser/VarRequirement
instanceKlass shortestpath/transport/parser/WorldPointParser
instanceKlass shortestpath/transport/parser/VarRequirementParser
instanceKlass shortestpath/transport/parser/QuestParser
instanceKlass shortestpath/transport/parser/ItemRequirementParser
instanceKlass shortestpath/transport/parser/SkillRequirementParser
instanceKlass shortestpath/transport/parser/FieldParser
instanceKlass shortestpath/transport/Transport$TransportBuilder
instanceKlass shortestpath/transport/parser/TransportRecord
instanceKlass java/util/regex/Matcher$ImmutableMatchResult
instanceKlass java/util/Scanner$PatternLRUCache
instanceKlass java/util/regex/Pattern$CharPredicate$$Lambda$1508
instanceKlass java/util/regex/CharPredicates$$Lambda$1507
instanceKlass java/util/regex/CharPredicates$$Lambda$1506
instanceKlass java/util/Scanner
instanceKlass shortestpath/transport/parser/TsvParser
instanceKlass shortestpath/transport/TransportLoader
instanceKlass shortestpath/pathfinder/PathfinderConfig$$Lambda$1505
instanceKlass shortestpath/pathfinder/SplitFlagMap$RegionExtent
instanceKlass shortestpath/Util
instanceKlass shortestpath/pathfinder/SplitFlagMap
instanceKlass shortestpath/transport/TransportType$$Lambda$1504
instanceKlass shortestpath/transport/TransportType$$Lambda$1503
instanceKlass shortestpath/transport/TransportType$$Lambda$1502
instanceKlass shortestpath/transport/TransportType$$Lambda$1501
instanceKlass shortestpath/transport/TransportType$$Lambda$1500
instanceKlass shortestpath/transport/TransportType$$Lambda$1499
instanceKlass shortestpath/transport/TransportType$$Lambda$1498
instanceKlass shortestpath/transport/TransportType$$Lambda$1497
instanceKlass shortestpath/transport/TransportType$$Lambda$1496
instanceKlass shortestpath/transport/TransportType$$Lambda$1495
instanceKlass shortestpath/transport/TransportType$$Lambda$1494
instanceKlass shortestpath/transport/TransportType$$Lambda$1493
instanceKlass shortestpath/transport/TransportType$$Lambda$1492
instanceKlass shortestpath/transport/TransportType$$Lambda$1491
instanceKlass shortestpath/transport/TransportType$$Lambda$1490
instanceKlass shortestpath/transport/TransportType$$Lambda$1489
instanceKlass shortestpath/transport/TransportType$$Lambda$1488
instanceKlass shortestpath/transport/TransportType$$Lambda$1487
instanceKlass shortestpath/transport/TransportType$$Lambda$1486
instanceKlass shortestpath/transport/TransportType$$Lambda$1485
instanceKlass shortestpath/transport/TransportType$$Lambda$1484
instanceKlass shortestpath/transport/TransportType$$Lambda$1483
instanceKlass shortestpath/transport/TransportType$$Lambda$1482
instanceKlass shortestpath/transport/TransportType$$Lambda$1481
instanceKlass shortestpath/transport/TransportType$$Lambda$1480
instanceKlass shortestpath/transport/TransportType$$Lambda$1479
instanceKlass shortestpath/transport/TransportType$$Lambda$1478
instanceKlass shortestpath/transport/TransportType$$Lambda$1477
instanceKlass shortestpath/transport/TransportType$$Lambda$1476
instanceKlass shortestpath/transport/TransportType$$Lambda$1475
instanceKlass shortestpath/transport/TransportType$$Lambda$1474
instanceKlass shortestpath/transport/TransportType$$Lambda$1473
instanceKlass shortestpath/transport/TransportType$$Lambda$1472
instanceKlass shortestpath/transport/TransportType$$Lambda$1471
instanceKlass shortestpath/transport/TransportType$$Lambda$1470
instanceKlass shortestpath/transport/TransportType$$Lambda$1469
instanceKlass shortestpath/transport/TransportType$$Lambda$1468
instanceKlass shortestpath/transport/TransportType$$Lambda$1467
instanceKlass shortestpath/transport/TransportType$$Lambda$1466
instanceKlass shortestpath/transport/TransportType$$Lambda$1465
instanceKlass shortestpath/transport/TransportType$$Lambda$1464
instanceKlass shortestpath/transport/TransportType$$Lambda$1463
instanceKlass shortestpath/transport/TransportType$$Lambda$1462
instanceKlass shortestpath/transport/TransportType$$Lambda$1461
instanceKlass shortestpath/transport/TransportType$$Lambda$1460
instanceKlass shortestpath/transport/TransportType$$Lambda$1459
instanceKlass shortestpath/transport/TransportType$$Lambda$1458
instanceKlass shortestpath/transport/TransportTypeConfig
instanceKlass shortestpath/leagues/LeagueModeState
instanceKlass shortestpath/transport/requirement/ItemRequirement
instanceKlass shortestpath/transport/requirement/TransportItems
instanceKlass com/tilepacks/TilePacksPlugin$$Lambda$1457
instanceKlass com/tilepacks/TilePacksPlugin$$Lambda$1456
instanceKlass com/tilepacks/TilePacksPlugin$$Lambda$1455
instanceKlass com/tilepacks/data/TilePackConfig
instanceKlass java/lang/invoke/LambdaForm$MH
instanceKlass com/tilepacks/ui/panel/custom/CustomPackManagerPanel$$Lambda$1454
instanceKlass java/lang/invoke/LambdaForm$DMH
instanceKlass com/tilepacks/ui/panel/header/HeaderPanel$$Lambda$1453
instanceKlass com/tilepacks/ui/panel/header/HeaderPanel$SearchTextFieldKeyListener
instanceKlass com/tilepacks/data/TilePack
instanceKlass com/google/common/reflect/TypeCapture
instanceKlass net/runelite/client/plugins/menuentryswapper/MenuEntrySwapperPlugin$$Lambda$1452
instanceKlass net/runelite/client/plugins/menuentryswapper/MenuEntrySwapperPlugin$$Lambda$1451
instanceKlass net/runelite/client/plugins/menuentryswapper/MenuEntrySwapperPlugin$$Lambda$1450
instanceKlass net/runelite/client/plugins/menuentryswapper/MenuEntrySwapperPlugin$$Lambda$1449
instanceKlass net/runelite/client/plugins/menuentryswapper/MenuEntrySwapperPlugin$$Lambda$1448
instanceKlass net/runelite/client/plugins/menuentryswapper/MenuEntrySwapperPlugin$$Lambda$1447
instanceKlass net/runelite/client/plugins/menuentryswapper/MenuEntrySwapperPlugin$$Lambda$1446
instanceKlass net/runelite/client/plugins/menuentryswapper/MenuEntrySwapperPlugin$$Lambda$1445
instanceKlass net/runelite/client/plugins/menuentryswapper/MenuEntrySwapperPlugin$$Lambda$1444
instanceKlass net/runelite/client/plugins/menuentryswapper/MenuEntrySwapperPlugin$$Lambda$1443
instanceKlass net/runelite/client/plugins/menuentryswapper/MenuEntrySwapperPlugin$$Lambda$1442
instanceKlass net/runelite/client/plugins/menuentryswapper/MenuEntrySwapperPlugin$$Lambda$1441
instanceKlass net/runelite/client/plugins/menuentryswapper/MenuEntrySwapperPlugin$$Lambda$1440
instanceKlass net/runelite/client/plugins/menuentryswapper/MenuEntrySwapperPlugin$$Lambda$1439
instanceKlass net/runelite/client/plugins/menuentryswapper/MenuEntrySwapperPlugin$$Lambda$1438
instanceKlass net/runelite/client/plugins/menuentryswapper/MenuEntrySwapperPlugin$$Lambda$1437
instanceKlass net/runelite/client/plugins/menuentryswapper/MenuEntrySwapperPlugin$$Lambda$1436
instanceKlass net/runelite/client/plugins/menuentryswapper/MenuEntrySwapperPlugin$$Lambda$1435
instanceKlass net/runelite/client/plugins/menuentryswapper/MenuEntrySwapperPlugin$$Lambda$1434
instanceKlass net/runelite/client/plugins/menuentryswapper/MenuEntrySwapperPlugin$$Lambda$1433
instanceKlass net/runelite/client/plugins/menuentryswapper/MenuEntrySwapperPlugin$$Lambda$1432
instanceKlass net/runelite/client/plugins/menuentryswapper/MenuEntrySwapperPlugin$$Lambda$1431
instanceKlass net/runelite/client/plugins/menuentryswapper/MenuEntrySwapperPlugin$$Lambda$1430
instanceKlass net/runelite/client/plugins/menuentryswapper/MenuEntrySwapperPlugin$$Lambda$1429
instanceKlass net/runelite/client/plugins/menuentryswapper/MenuEntrySwapperPlugin$$Lambda$1428
instanceKlass net/runelite/client/plugins/menuentryswapper/MenuEntrySwapperPlugin$$Lambda$1427
instanceKlass net/runelite/client/plugins/menuentryswapper/MenuEntrySwapperPlugin$$Lambda$1426
instanceKlass net/runelite/client/plugins/menuentryswapper/MenuEntrySwapperPlugin$$Lambda$1425
instanceKlass net/runelite/client/plugins/menuentryswapper/MenuEntrySwapperPlugin$$Lambda$1424
instanceKlass net/runelite/client/plugins/menuentryswapper/MenuEntrySwapperPlugin$$Lambda$1423
instanceKlass net/runelite/client/plugins/menuentryswapper/MenuEntrySwapperPlugin$$Lambda$1422
instanceKlass net/runelite/client/plugins/menuentryswapper/MenuEntrySwapperPlugin$$Lambda$1421
instanceKlass net/runelite/client/plugins/menuentryswapper/MenuEntrySwapperPlugin$$Lambda$1420
instanceKlass net/runelite/client/plugins/menuentryswapper/MenuEntrySwapperPlugin$$Lambda$1419
instanceKlass net/runelite/client/plugins/menuentryswapper/MenuEntrySwapperPlugin$$Lambda$1418
instanceKlass net/runelite/client/plugins/menuentryswapper/MenuEntrySwapperPlugin$$Lambda$1417
instanceKlass net/runelite/client/plugins/menuentryswapper/MenuEntrySwapperPlugin$$Lambda$1416
instanceKlass net/runelite/client/plugins/menuentryswapper/MenuEntrySwapperPlugin$$Lambda$1415
instanceKlass net/runelite/client/plugins/menuentryswapper/MenuEntrySwapperPlugin$$Lambda$1414
instanceKlass net/runelite/client/plugins/menuentryswapper/MenuEntrySwapperPlugin$$Lambda$1413
instanceKlass net/runelite/client/plugins/menuentryswapper/MenuEntrySwapperPlugin$$Lambda$1412
instanceKlass net/runelite/client/plugins/menuentryswapper/MenuEntrySwapperPlugin$$Lambda$1411
instanceKlass net/runelite/client/plugins/menuentryswapper/MenuEntrySwapperPlugin$$Lambda$1410
instanceKlass net/runelite/client/plugins/menuentryswapper/MenuEntrySwapperPlugin$$Lambda$1409
instanceKlass net/runelite/client/plugins/menuentryswapper/MenuEntrySwapperPlugin$$Lambda$1408
instanceKlass net/runelite/client/plugins/menuentryswapper/MenuEntrySwapperPlugin$$Lambda$1407
instanceKlass net/runelite/client/plugins/menuentryswapper/MenuEntrySwapperPlugin$$Lambda$1406
instanceKlass net/runelite/client/plugins/menuentryswapper/MenuEntrySwapperPlugin$$Lambda$1405
instanceKlass net/runelite/client/plugins/menuentryswapper/MenuEntrySwapperPlugin$$Lambda$1404
instanceKlass net/runelite/client/plugins/menuentryswapper/MenuEntrySwapperPlugin$$Lambda$1403
instanceKlass net/runelite/client/plugins/menuentryswapper/MenuEntrySwapperPlugin$$Lambda$1402
instanceKlass net/runelite/client/plugins/menuentryswapper/MenuEntrySwapperPlugin$$Lambda$1401
instanceKlass net/runelite/client/plugins/menuentryswapper/MenuEntrySwapperPlugin$$Lambda$1400
instanceKlass net/runelite/client/plugins/menuentryswapper/MenuEntrySwapperPlugin$$Lambda$1399
instanceKlass net/runelite/client/plugins/menuentryswapper/MenuEntrySwapperPlugin$$Lambda$1398
instanceKlass net/runelite/client/plugins/menuentryswapper/MenuEntrySwapperPlugin$$Lambda$1397
instanceKlass net/runelite/client/plugins/menuentryswapper/MenuEntrySwapperPlugin$$Lambda$1396
instanceKlass net/runelite/client/plugins/menuentryswapper/MenuEntrySwapperPlugin$$Lambda$1395
instanceKlass net/runelite/client/plugins/menuentryswapper/MenuEntrySwapperPlugin$$Lambda$1394
instanceKlass net/runelite/client/plugins/menuentryswapper/MenuEntrySwapperPlugin$$Lambda$1393
instanceKlass net/runelite/client/plugins/menuentryswapper/MenuEntrySwapperPlugin$$Lambda$1392
instanceKlass net/runelite/client/plugins/menuentryswapper/MenuEntrySwapperPlugin$$Lambda$1391
instanceKlass net/runelite/client/plugins/menuentryswapper/MenuEntrySwapperPlugin$$Lambda$1390
instanceKlass net/runelite/client/plugins/menuentryswapper/MenuEntrySwapperPlugin$$Lambda$1389
instanceKlass net/runelite/client/plugins/menuentryswapper/MenuEntrySwapperPlugin$$Lambda$1388
instanceKlass net/runelite/client/plugins/menuentryswapper/MenuEntrySwapperPlugin$$Lambda$1387
instanceKlass net/runelite/client/plugins/menuentryswapper/MenuEntrySwapperPlugin$$Lambda$1386
instanceKlass net/runelite/client/plugins/menuentryswapper/MenuEntrySwapperPlugin$$Lambda$1385
instanceKlass net/runelite/client/plugins/menuentryswapper/MenuEntrySwapperPlugin$$Lambda$1384
instanceKlass net/runelite/client/plugins/menuentryswapper/MenuEntrySwapperPlugin$$Lambda$1383
instanceKlass net/runelite/client/plugins/menuentryswapper/MenuEntrySwapperPlugin$$Lambda$1382
instanceKlass net/runelite/client/plugins/menuentryswapper/MenuEntrySwapperPlugin$$Lambda$1381
instanceKlass net/runelite/client/plugins/menuentryswapper/MenuEntrySwapperPlugin$$Lambda$1380
instanceKlass net/runelite/client/plugins/menuentryswapper/MenuEntrySwapperPlugin$$Lambda$1379
instanceKlass net/runelite/client/plugins/menuentryswapper/MenuEntrySwapperPlugin$$Lambda$1378
instanceKlass net/runelite/client/plugins/menuentryswapper/MenuEntrySwapperPlugin$$Lambda$1377
instanceKlass net/runelite/client/plugins/menuentryswapper/MenuEntrySwapperPlugin$$Lambda$1376
instanceKlass net/runelite/client/plugins/menuentryswapper/MenuEntrySwapperPlugin$$Lambda$1375
instanceKlass net/runelite/client/plugins/menuentryswapper/MenuEntrySwapperPlugin$$Lambda$1374
instanceKlass net/runelite/client/plugins/menuentryswapper/MenuEntrySwapperPlugin$$Lambda$1373
instanceKlass net/runelite/client/plugins/menuentryswapper/MenuEntrySwapperPlugin$$Lambda$1372
instanceKlass net/runelite/client/plugins/menuentryswapper/MenuEntrySwapperPlugin$$Lambda$1371
instanceKlass net/runelite/client/plugins/menuentryswapper/MenuEntrySwapperPlugin$$Lambda$1370
instanceKlass net/runelite/client/plugins/menuentryswapper/MenuEntrySwapperPlugin$$Lambda$1369
instanceKlass net/runelite/client/plugins/menuentryswapper/MenuEntrySwapperPlugin$$Lambda$1368
instanceKlass net/runelite/client/plugins/menuentryswapper/MenuEntrySwapperPlugin$$Lambda$1367
instanceKlass net/runelite/client/plugins/menuentryswapper/MenuEntrySwapperPlugin$$Lambda$1366
instanceKlass net/runelite/client/plugins/menuentryswapper/MenuEntrySwapperPlugin$$Lambda$1365
instanceKlass net/runelite/client/plugins/menuentryswapper/MenuEntrySwapperPlugin$$Lambda$1364
instanceKlass net/runelite/client/plugins/menuentryswapper/MenuEntrySwapperPlugin$$Lambda$1363
instanceKlass net/runelite/client/plugins/menuentryswapper/MenuEntrySwapperPlugin$$Lambda$1362
instanceKlass net/runelite/client/plugins/menuentryswapper/MenuEntrySwapperPlugin$$Lambda$1361
instanceKlass net/runelite/client/plugins/menuentryswapper/MenuEntrySwapperPlugin$$Lambda$1360
instanceKlass net/runelite/client/plugins/menuentryswapper/MenuEntrySwapperPlugin$$Lambda$1359
instanceKlass net/runelite/client/plugins/menuentryswapper/MenuEntrySwapperPlugin$$Lambda$1358
instanceKlass net/runelite/client/plugins/menuentryswapper/MenuEntrySwapperPlugin$$Lambda$1357
instanceKlass net/runelite/client/plugins/menuentryswapper/MenuEntrySwapperPlugin$$Lambda$1356
instanceKlass net/runelite/client/plugins/menuentryswapper/MenuEntrySwapperPlugin$$Lambda$1355
instanceKlass net/runelite/client/plugins/menuentryswapper/MenuEntrySwapperPlugin$$Lambda$1354
instanceKlass net/runelite/client/plugins/menuentryswapper/MenuEntrySwapperPlugin$$Lambda$1353
instanceKlass net/runelite/client/plugins/menuentryswapper/MenuEntrySwapperPlugin$$Lambda$1352
instanceKlass net/runelite/client/plugins/menuentryswapper/MenuEntrySwapperPlugin$$Lambda$1351
instanceKlass net/runelite/client/plugins/menuentryswapper/MenuEntrySwapperPlugin$$Lambda$1350
instanceKlass net/runelite/client/plugins/menuentryswapper/MenuEntrySwapperPlugin$$Lambda$1349
instanceKlass net/runelite/client/plugins/menuentryswapper/MenuEntrySwapperPlugin$$Lambda$1348
instanceKlass net/runelite/client/plugins/menuentryswapper/MenuEntrySwapperPlugin$$Lambda$1347
instanceKlass net/runelite/client/plugins/menuentryswapper/MenuEntrySwapperPlugin$$Lambda$1346
instanceKlass net/runelite/client/plugins/menuentryswapper/MenuEntrySwapperPlugin$$Lambda$1345
instanceKlass net/runelite/client/plugins/menuentryswapper/MenuEntrySwapperPlugin$$Lambda$1344
instanceKlass net/runelite/client/plugins/menuentryswapper/MenuEntrySwapperPlugin$$Lambda$1343
instanceKlass net/runelite/client/plugins/menuentryswapper/MenuEntrySwapperPlugin$$Lambda$1342
instanceKlass net/runelite/client/plugins/menuentryswapper/MenuEntrySwapperPlugin$$Lambda$1341
instanceKlass net/runelite/client/plugins/menuentryswapper/MenuEntrySwapperPlugin$$Lambda$1340
instanceKlass net/runelite/client/plugins/menuentryswapper/MenuEntrySwapperPlugin$$Lambda$1339
instanceKlass net/runelite/client/plugins/menuentryswapper/MenuEntrySwapperPlugin$$Lambda$1338
instanceKlass net/runelite/client/plugins/menuentryswapper/MenuEntrySwapperPlugin$$Lambda$1337
instanceKlass net/runelite/client/plugins/menuentryswapper/MenuEntrySwapperPlugin$$Lambda$1336
instanceKlass net/runelite/client/plugins/menuentryswapper/MenuEntrySwapperPlugin$$Lambda$1335
instanceKlass net/runelite/client/plugins/menuentryswapper/MenuEntrySwapperPlugin$$Lambda$1334
instanceKlass net/runelite/client/plugins/menuentryswapper/MenuEntrySwapperPlugin$$Lambda$1333
instanceKlass net/runelite/client/plugins/menuentryswapper/MenuEntrySwapperPlugin$$Lambda$1332
instanceKlass net/runelite/client/plugins/menuentryswapper/MenuEntrySwapperPlugin$$Lambda$1331
instanceKlass net/runelite/client/plugins/menuentryswapper/MenuEntrySwapperPlugin$$Lambda$1330
instanceKlass net/runelite/client/plugins/menuentryswapper/MenuEntrySwapperPlugin$$Lambda$1329
instanceKlass net/runelite/client/plugins/menuentryswapper/MenuEntrySwapperPlugin$$Lambda$1328
instanceKlass net/runelite/client/plugins/menuentryswapper/MenuEntrySwapperPlugin$$Lambda$1327
instanceKlass net/runelite/client/plugins/menuentryswapper/MenuEntrySwapperPlugin$$Lambda$1326
instanceKlass net/runelite/client/plugins/menuentryswapper/MenuEntrySwapperPlugin$$Lambda$1325
instanceKlass net/runelite/client/plugins/menuentryswapper/MenuEntrySwapperPlugin$$Lambda$1324
instanceKlass net/runelite/client/plugins/menuentryswapper/MenuEntrySwapperPlugin$$Lambda$1323
instanceKlass net/runelite/client/plugins/menuentryswapper/MenuEntrySwapperPlugin$$Lambda$1322
instanceKlass net/runelite/client/plugins/menuentryswapper/MenuEntrySwapperPlugin$$Lambda$1321
instanceKlass net/runelite/client/plugins/menuentryswapper/MenuEntrySwapperPlugin$$Lambda$1320
instanceKlass net/runelite/client/plugins/menuentryswapper/MenuEntrySwapperPlugin$$Lambda$1319
instanceKlass net/runelite/client/plugins/menuentryswapper/MenuEntrySwapperPlugin$$Lambda$1318
instanceKlass net/runelite/client/plugins/menuentryswapper/MenuEntrySwapperPlugin$$Lambda$1317
instanceKlass net/runelite/client/plugins/menuentryswapper/MenuEntrySwapperPlugin$$Lambda$1316
instanceKlass net/runelite/client/plugins/menuentryswapper/MenuEntrySwapperPlugin$$Lambda$1315
instanceKlass net/runelite/client/plugins/menuentryswapper/MenuEntrySwapperPlugin$$Lambda$1314
instanceKlass com/google/common/base/Predicates$IsEqualToPredicate
instanceKlass net/runelite/client/plugins/menuentryswapper/MenuEntrySwapperPlugin$$Lambda$1313
instanceKlass net/runelite/client/plugins/poison/PoisonPlugin$$Lambda$1312
instanceKlass net/runelite/client/plugins/poison/PoisonPlugin$$Lambda$1311
instanceKlass net/runelite/client/game/SpriteManager$$Lambda$1310
instanceKlass net/runelite/client/plugins/chathistory/ChatHistoryPlugin$$Lambda$1309
instanceKlass net/runelite/client/plugins/chathistory/ChatHistoryPlugin$$Lambda$1308
instanceKlass net/runelite/client/plugins/chathistory/ChatHistoryPlugin$$Lambda$1307
instanceKlass net/runelite/client/plugins/skillcalculator/SkillCalculatorPlugin$$Lambda$1306
instanceKlass net/runelite/client/plugins/skillcalculator/SkillCalculatorPanel$$Lambda$1305
instanceKlass net/runelite/client/plugins/skillcalculator/SkillCalculator$$Lambda$1304
instanceKlass net/runelite/client/plugins/skillcalculator/SkillCalculator$$Lambda$1303
instanceKlass net/runelite/client/plugins/skillcalculator/SkillCalculator$$Lambda$1302
instanceKlass net/runelite/client/plugins/skillcalculator/SkillCalculator$$Lambda$1301
instanceKlass net/runelite/client/plugins/skillcalculator/SkillCalculator$$Lambda$1300
instanceKlass net/runelite/client/plugins/skillcalculator/SkillCalculator$$Lambda$1299
instanceKlass net/runelite/client/plugins/skillcalculator/SkillCalculator$$Lambda$1298
instanceKlass net/runelite/client/plugins/skillcalculator/SkillCalculator$$Lambda$1297
instanceKlass net/runelite/client/plugins/skillcalculator/SkillCalculator$$Lambda$1296
instanceKlass net/runelite/client/plugins/skillcalculator/SkillCalculator$$Lambda$1295
instanceKlass net/runelite/client/plugins/skillcalculator/SkillCalculator$$Lambda$1294
instanceKlass net/runelite/client/game/SpriteManager$$Lambda$1293
instanceKlass net/runelite/client/ui/UnitFormatterFactory$$Lambda$1292
instanceKlass com/formdev/flatlaf/ui/FlatSpinnerUI$$Lambda$1291
instanceKlass javax/swing/plaf/basic/BasicSpinnerUI$Handler
instanceKlass com/formdev/flatlaf/ui/FlatSpinnerUI$Handler
instanceKlass javax/swing/JSpinner$ModelListener
instanceKlass java/text/FieldPosition$Delegate
instanceKlass javax/swing/text/NavigationFilter$FilterBypass
instanceKlass javax/swing/text/NavigationFilter
instanceKlass javax/swing/text/DocumentFilter
instanceKlass java/util/Currency$OtherCurrencyEntry
instanceKlass java/util/Currency$SpecialCaseEntry
instanceKlass java/util/Currency$1
instanceKlass javax/swing/JFormattedTextField$AbstractFormatter
instanceKlass javax/swing/JFormattedTextField$DocumentHandler
instanceKlass javax/swing/JSpinner$DisabledAction
instanceKlass javax/swing/AbstractSpinnerModel
instanceKlass net/runelite/client/plugins/spellbook/SpellbookPlugin$$Lambda$1290
instanceKlass net/runelite/client/plugins/spellbook/SpellbookPlugin$$Lambda$1289
instanceKlass net/runelite/client/plugins/spellbook/SpellbookPlugin$$Lambda$1288
instanceKlass net/runelite/client/plugins/spellbook/SpellbookPlugin$$Lambda$1287
instanceKlass net/runelite/client/plugins/spellbook/SpellbookPlugin$$Lambda$1286
instanceKlass net/runelite/client/plugins/spellbook/SpellbookPlugin$$Lambda$1285
instanceKlass net/runelite/client/plugins/spellbook/SpellbookPlugin$$Lambda$1284
instanceKlass net/runelite/client/plugins/spellbook/SpellbookPlugin$$Lambda$1283
instanceKlass net/runelite/client/plugins/questlist/QuestListPlugin$$Lambda$1282
instanceKlass net/runelite/client/plugins/questlist/QuestListPlugin$$Lambda$1281
instanceKlass net/runelite/client/plugins/questlist/QuestListPlugin$$Lambda$1280
instanceKlass net/runelite/client/plugins/questlist/QuestListPlugin$$Lambda$1279
instanceKlass net/runelite/client/plugins/questlist/QuestListPlugin$$Lambda$1278
instanceKlass net/runelite/client/plugins/nightmarezone/NightmareZonePlugin$$Lambda$1277
instanceKlass net/runelite/client/plugins/nightmarezone/NightmareZonePlugin$$Lambda$1276
instanceKlass net/runelite/client/plugins/nightmarezone/NightmareZonePlugin$$Lambda$1275
instanceKlass net/runelite/client/plugins/nightmarezone/NightmareZonePlugin$$Lambda$1274
instanceKlass net/runelite/client/plugins/fairyring/FairyRingPlugin$$Lambda$1273
instanceKlass net/runelite/client/plugins/fairyring/FairyRingPlugin$$Lambda$1272
instanceKlass net/runelite/client/plugins/fairyring/FairyRingPlugin$$Lambda$1271
instanceKlass net/runelite/client/plugins/fairyring/FairyRingPlugin$$Lambda$1270
instanceKlass net/runelite/client/plugins/fairyring/FairyRingPlugin$$Lambda$1269
instanceKlass net/runelite/client/plugins/fishing/FishingPlugin$$Lambda$1268
instanceKlass net/runelite/client/plugins/fishing/FishingPlugin$$Lambda$1267
instanceKlass net/runelite/client/plugins/fishing/FishingPlugin$$Lambda$1266
instanceKlass net/runelite/client/plugins/fishing/FishingPlugin$$Lambda$1265
instanceKlass net/runelite/client/plugins/fishing/FishingPlugin$$Lambda$1264
instanceKlass net/runelite/client/plugins/fishing/FishingPlugin$$Lambda$1263
instanceKlass net/runelite/client/plugins/fishing/FishingPlugin$$Lambda$1262
instanceKlass net/runelite/client/plugins/fishing/FishingPlugin$$Lambda$1261
instanceKlass net/runelite/client/plugins/smelting/SmeltingPlugin$$Lambda$1260
instanceKlass net/runelite/client/plugins/smelting/SmeltingPlugin$$Lambda$1259
instanceKlass net/runelite/client/plugins/cooking/CookingPlugin$$Lambda$1258
instanceKlass net/runelite/client/plugins/cooking/CookingPlugin$$Lambda$1257
instanceKlass net/runelite/client/plugins/cooking/CookingPlugin$$Lambda$1256
instanceKlass net/runelite/client/plugins/agility/AgilityPlugin$$Lambda$1255
instanceKlass net/runelite/client/plugins/agility/AgilityPlugin$$Lambda$1254
instanceKlass net/runelite/client/plugins/agility/AgilityPlugin$$Lambda$1253
instanceKlass net/runelite/client/plugins/agility/AgilityPlugin$$Lambda$1252
instanceKlass net/runelite/client/plugins/agility/AgilityPlugin$$Lambda$1251
instanceKlass net/runelite/client/plugins/agility/AgilityPlugin$$Lambda$1250
instanceKlass net/runelite/client/plugins/agility/AgilityPlugin$$Lambda$1249
instanceKlass net/runelite/client/plugins/agility/AgilityPlugin$$Lambda$1248
instanceKlass net/runelite/client/plugins/agility/AgilityPlugin$$Lambda$1247
instanceKlass net/runelite/client/plugins/agility/AgilityPlugin$$Lambda$1246
instanceKlass net/runelite/client/plugins/agility/AgilityPlugin$$Lambda$1245
instanceKlass net/runelite/client/plugins/agility/AgilityPlugin$$Lambda$1244
instanceKlass net/runelite/client/plugins/agility/AgilityPlugin$$Lambda$1243
instanceKlass net/runelite/client/plugins/agility/AgilityPlugin$$Lambda$1242
instanceKlass net/runelite/client/plugins/agility/AgilityPlugin$$Lambda$1241
instanceKlass net/runelite/client/plugins/agility/AgilityPlugin$$Lambda$1240
instanceKlass net/runelite/client/plugins/agility/AgilityPlugin$$Lambda$1239
instanceKlass net/runelite/client/plugins/xptracker/XpTrackerPlugin$$Lambda$1238
instanceKlass net/runelite/client/plugins/xptracker/XpTrackerPlugin$$Lambda$1237
instanceKlass net/runelite/client/plugins/xptracker/XpTrackerPlugin$$Lambda$1236
instanceKlass net/runelite/client/plugins/xptracker/XpTrackerPlugin$$Lambda$1235
instanceKlass net/runelite/client/plugins/xptracker/XpTrackerPlugin$$Lambda$1234
instanceKlass net/runelite/client/plugins/xptracker/XpTrackerPlugin$$Lambda$1233
instanceKlass net/runelite/client/plugins/xptracker/XpTrackerPlugin$$Lambda$1232
instanceKlass net/runelite/client/plugins/xptracker/XpTrackerPlugin$$Lambda$1231
instanceKlass net/runelite/client/plugins/xptracker/XpTrackerPlugin$$Lambda$1230
instanceKlass net/runelite/client/plugins/xptracker/XpInfoBox$$Lambda$1229
instanceKlass net/runelite/client/plugins/xptracker/XpInfoBox$1
instanceKlass net/runelite/client/plugins/xptracker/XpInfoBox$$Lambda$1228
instanceKlass net/runelite/client/plugins/xptracker/XpInfoBox$$Lambda$1227
instanceKlass net/runelite/client/plugins/xptracker/XpInfoBox$$Lambda$1226
instanceKlass net/runelite/client/plugins/xptracker/XpInfoBox$$Lambda$1225
instanceKlass net/runelite/client/plugins/xptracker/XpInfoBox$$Lambda$1224
instanceKlass net/runelite/client/plugins/xptracker/XpPanel$$Lambda$1223
instanceKlass net/runelite/client/plugins/xptracker/XpPanel$1
instanceKlass net/runelite/client/plugins/xptracker/XpPanel$$Lambda$1222
instanceKlass net/runelite/client/plugins/xptracker/XpPanel$$Lambda$1221
instanceKlass net/runelite/client/plugins/xptracker/XpPanel$$Lambda$1220
instanceKlass net/runelite/client/plugins/xptracker/XpPanel$$Lambda$1219
instanceKlass net/runelite/client/plugins/chatcommands/ChatCommandsPlugin$$Lambda$1218
instanceKlass net/runelite/client/plugins/xptracker/XpPanel$$Lambda$1217
instanceKlass net/runelite/client/plugins/xpdrop/XpDropPlugin$$Lambda$1216
instanceKlass net/runelite/client/plugins/xpdrop/XpDropPlugin$$Lambda$1215
instanceKlass net/runelite/client/plugins/xpdrop/XpDropPlugin$$Lambda$1214
instanceKlass net/runelite/client/plugins/chatcommands/ChatCommandsPlugin$$Lambda$1213
instanceKlass net/runelite/client/plugins/chatcommands/ChatCommandsPlugin$$Lambda$1212
instanceKlass net/runelite/client/plugins/chatcommands/ChatCommandsPlugin$$Lambda$1211
instanceKlass net/runelite/client/plugins/chatcommands/ChatCommandsPlugin$$Lambda$1210
instanceKlass net/runelite/client/plugins/chatcommands/ChatCommandsPlugin$$Lambda$1209
instanceKlass net/runelite/client/plugins/chatcommands/ChatCommandsPlugin$$Lambda$1208
instanceKlass net/runelite/client/plugins/chatcommands/ChatCommandsPlugin$$Lambda$1207
instanceKlass net/runelite/client/plugins/chatcommands/ChatCommandsPlugin$$Lambda$1206
instanceKlass net/runelite/client/plugins/chatcommands/ChatCommandsPlugin$$Lambda$1205
instanceKlass net/runelite/client/plugins/chatcommands/ChatCommandsPlugin$$Lambda$1204
instanceKlass net/runelite/client/plugins/chatcommands/ChatCommandsPlugin$$Lambda$1203
instanceKlass net/runelite/client/plugins/chatcommands/ChatCommandsPlugin$$Lambda$1202
instanceKlass net/runelite/client/plugins/chatcommands/ChatCommandsPlugin$$Lambda$1201
instanceKlass net/runelite/client/plugins/chatcommands/ChatCommandsPlugin$$Lambda$1200
instanceKlass net/runelite/client/plugins/chatcommands/ChatCommandsPlugin$$Lambda$1199
instanceKlass net/runelite/client/plugins/chatcommands/ChatCommandsPlugin$$Lambda$1198
instanceKlass net/runelite/client/plugins/chatcommands/ChatCommandsPlugin$$Lambda$1197
instanceKlass net/runelite/client/plugins/chatcommands/ChatCommandsPlugin$$Lambda$1196
instanceKlass net/runelite/client/plugins/chatcommands/ChatCommandsPlugin$$Lambda$1195
instanceKlass net/runelite/client/plugins/chatcommands/ChatCommandsPlugin$$Lambda$1194
instanceKlass net/runelite/client/plugins/chatcommands/ChatCommandsPlugin$$Lambda$1193
instanceKlass net/runelite/client/plugins/chatcommands/ChatCommandsPlugin$$Lambda$1192
instanceKlass net/runelite/client/plugins/chatcommands/ChatCommandsPlugin$$Lambda$1191
instanceKlass net/runelite/client/plugins/chatcommands/ChatCommandsPlugin$$Lambda$1190
instanceKlass net/runelite/client/plugins/chatcommands/ChatCommandsPlugin$$Lambda$1189
instanceKlass net/runelite/client/plugins/chatcommands/ChatCommandsPlugin$$Lambda$1188
instanceKlass net/runelite/client/plugins/chatcommands/ChatCommandsPlugin$$Lambda$1187
instanceKlass net/runelite/client/plugins/chatcommands/ChatCommandsPlugin$$Lambda$1186
instanceKlass net/runelite/client/plugins/chatcommands/ChatCommandsPlugin$$Lambda$1185
instanceKlass net/runelite/client/plugins/chatcommands/ChatCommandsPlugin$$Lambda$1184
instanceKlass net/runelite/client/plugins/chatcommands/ChatCommandsPlugin$$Lambda$1183
instanceKlass net/runelite/client/plugins/chatcommands/ChatCommandsPlugin$$Lambda$1182
instanceKlass net/runelite/client/plugins/chatcommands/ChatCommandsPlugin$$Lambda$1181
instanceKlass net/runelite/client/plugins/timetracking/TimeTrackingPlugin$$Lambda$1180
instanceKlass net/runelite/client/plugins/timetracking/TimeTrackingPlugin$$Lambda$1179
instanceKlass net/runelite/client/plugins/timetracking/TimeTrackingPlugin$$Lambda$1178
instanceKlass net/runelite/client/plugins/timetracking/TimeTrackingPlugin$$Lambda$1177
instanceKlass net/runelite/client/plugins/timetracking/TimeTrackingPlugin$$Lambda$1176
instanceKlass net/runelite/client/plugins/timetracking/TimeTrackingPlugin$$Lambda$1175
instanceKlass net/runelite/client/plugins/timetracking/TimeTrackingPlugin$$Lambda$1174
instanceKlass net/runelite/client/plugins/timetracking/TimeTrackingPlugin$$Lambda$1173
instanceKlass net/runelite/client/plugins/timetracking/farming/FarmingTabPanel$$Lambda$1172
instanceKlass java/lang/invoke/LambdaForm$MH
instanceKlass java/lang/invoke/LambdaForm$MH
instanceKlass java/lang/invoke/LambdaForm$MH
instanceKlass java/lang/invoke/LambdaForm$MH
instanceKlass java/lang/invoke/LambdaForm$MH
instanceKlass java/lang/invoke/LambdaForm$MH
instanceKlass java/lang/invoke/LambdaForm$MH
instanceKlass java/lang/invoke/LambdaForm$MH
instanceKlass java/lang/invoke/LambdaForm$MH
instanceKlass java/lang/invoke/LambdaForm$MH
instanceKlass java/lang/invoke/LambdaForm$MH
instanceKlass java/lang/invoke/LambdaForm$MH
instanceKlass java/lang/invoke/LambdaForm$MH
instanceKlass java/lang/invoke/LambdaForm$MH
instanceKlass java/lang/invoke/LambdaForm$MH
instanceKlass java/lang/invoke/LambdaForm$MH
instanceKlass net/runelite/client/plugins/timetracking/hunter/BirdHouseTabPanel$$Lambda$1171
instanceKlass net/runelite/client/plugins/timetracking/TimeTrackingPanel$$Lambda$1170
instanceKlass net/runelite/client/plugins/timetracking/TimeTrackingPanel$$Lambda$1169
instanceKlass net/runelite/client/plugins/timetracking/OverviewTabPanel$$Lambda$1168
instanceKlass net/runelite/client/plugins/timetracking/OverviewTabPanel$$Lambda$1167
instanceKlass net/runelite/client/plugins/timetracking/OverviewTabPanel$$Lambda$1166
instanceKlass net/runelite/client/plugins/timetracking/OverviewTabPanel$$Lambda$1165
instanceKlass net/runelite/client/util/AsyncBufferedImage$$Lambda$1164
instanceKlass net/runelite/client/plugins/timetracking/OverviewItemPanel$$Lambda$1163
instanceKlass net/runelite/client/plugins/timetracking/OverviewItemPanel$$Lambda$1162
instanceKlass sun/reflect/annotation/AnnotationInvocationHandler$1
instanceKlass net/runelite/client/plugins/timetracking/farming/PaymentTracker$$Lambda$1161
instanceKlass net/runelite/client/plugins/timetracking/farming/PaymentTracker$$Lambda$1160
instanceKlass net/runelite/client/plugins/timetracking/farming/PaymentTracker$$Lambda$1159
instanceKlass net/runelite/client/plugins/timetracking/farming/PaymentTracker$$Lambda$1158
instanceKlass net/runelite/client/plugins/timetracking/farming/CompostTracker$$Lambda$1157
instanceKlass net/runelite/client/plugins/timetracking/farming/CompostTracker$$Lambda$1156
instanceKlass net/runelite/client/plugins/timetracking/farming/CompostTracker$$Lambda$1155
instanceKlass java/util/Collections$UnmodifiableMap$UnmodifiableEntrySet$UnmodifiableEntry
instanceKlass java/util/Collections$UnmodifiableMap$UnmodifiableEntrySet$1
instanceKlass net/runelite/client/plugins/screenmarkers/ScreenMarkerPlugin$$Lambda$1154
instanceKlass net/runelite/client/plugins/screenmarkers/ScreenMarkerPlugin$$Lambda$1153
instanceKlass net/runelite/client/plugins/screenmarkers/ScreenMarkerPlugin$$Lambda$1152
instanceKlass net/runelite/client/plugins/gpu/GpuPlugin$$Lambda$1151
instanceKlass net/runelite/client/plugins/gpu/GpuPlugin$$Lambda$1150
instanceKlass net/runelite/client/plugins/gpu/GpuPlugin$$Lambda$1149
instanceKlass net/runelite/client/plugins/gpu/GpuPlugin$$Lambda$1148
instanceKlass net/runelite/client/plugins/gpu/GpuPlugin$$Lambda$1147
instanceKlass net/runelite/client/plugins/gpu/Zone$AlphaModelComparator
instanceKlass org/lwjgl/system/Checks
instanceKlass java/util/regex/Pattern$$Lambda$1146
instanceKlass org/lwjgl/system/Configuration$StateInit$$Lambda$1145
instanceKlass org/lwjgl/system/Configuration$StateInit$$Lambda$1144
instanceKlass org/lwjgl/system/Configuration$StateInit$$Lambda$1143
instanceKlass org/lwjgl/system/Configuration$StateInit
instanceKlass org/lwjgl/system/Configuration
instanceKlass org/lwjgl/system/SharedLibrary
instanceKlass org/lwjgl/system/FunctionProvider
instanceKlass org/lwjgl/system/APIUtil
instanceKlass org/lwjgl/BufferUtils
instanceKlass jdk/internal/loader/URLClassPath$JarLoader$3
instanceKlass net/runelite/client/plugins/config/PluginListPanel$$Lambda$1142
instanceKlass net/runelite/client/plugins/config/ConfigPlugin$$Lambda$1141
instanceKlass net/runelite/client/plugins/config/TopLevelConfigPanel$$Lambda$1140
instanceKlass net/runelite/client/plugins/config/ProfilePanel$$Lambda$1139
instanceKlass net/runelite/client/plugins/config/ProfilePanel$$Lambda$1138
instanceKlass net/runelite/client/plugins/config/ProfilePanel$$Lambda$1137
instanceKlass net/runelite/client/plugins/config/ProfilePanel$$Lambda$1136
instanceKlass net/runelite/client/plugins/config/TopLevelConfigPanel$$Lambda$1135
instanceKlass net/runelite/client/plugins/config/ProfilePanel$$Lambda$1134
instanceKlass net/runelite/client/plugins/config/ProfilePanel$$Lambda$1133
instanceKlass net/runelite/client/plugins/config/ProfilePanel$$Lambda$1132
instanceKlass net/runelite/client/ui/components/DragAndDropReorderPane$DragListener
instanceKlass sun/java2d/pipe/AlphaPaintPipe$TileContext
instanceKlass java/awt/ColorPaintContext
instanceKlass java/awt/PaintContext
instanceKlass net/runelite/client/plugins/config/PluginListPanel$$Lambda$1131
instanceKlass net/runelite/client/plugins/config/PluginSearch$$Lambda$1130
instanceKlass net/runelite/client/plugins/config/PluginSearch$$Lambda$1129
instanceKlass net/runelite/client/plugins/config/PluginSearch$$Lambda$1128
instanceKlass net/runelite/client/plugins/config/PluginListPanel$$Lambda$1127
instanceKlass net/runelite/client/plugins/config/PluginListPanel$$Lambda$1126
instanceKlass com/intellij/rt/debugger/agent/CaptureStorage$StackData
instanceKlass com/intellij/rt/debugger/agent/CapturedStackDeduplicator$CapturedStackInfo
instanceKlass net/runelite/client/plugins/config/PluginConfigurationDescriptor$$Lambda$1125
instanceKlass net/runelite/client/plugins/config/PluginListItem$$Lambda$1124
instanceKlass net/runelite/client/discord/events/DiscordReady
instanceKlass net/runelite/client/plugins/config/PluginListItem$$Lambda$1123
instanceKlass net/runelite/client/plugins/config/PluginListPanel$$Lambda$1122
instanceKlass java/util/stream/StreamSpliterators$WrappingSpliterator$$Lambda$1121
instanceKlass net/runelite/client/plugins/config/PluginToggleButton$$Lambda$1120
instanceKlass net/runelite/client/plugins/config/PluginListItem$$Lambda$1119
instanceKlass net/runelite/client/plugins/config/PluginConfigurationDescriptor$$Lambda$1118
instanceKlass net/runelite/client/plugins/config/PluginListItem$$Lambda$1117
instanceKlass net/runelite/client/plugins/config/PluginListItem$$Lambda$1116
instanceKlass net/runelite/client/plugins/config/PluginListItem$$Lambda$1115
instanceKlass net/runelite/client/plugins/config/PluginListPanel$$Lambda$1114
instanceKlass net/runelite/client/plugins/config/PluginListPanel$$Lambda$1113
instanceKlass java/util/stream/StreamSpliterators$AbstractWrappingSpliterator
instanceKlass java/util/stream/AbstractPipeline$$Lambda$1112
instanceKlass net/runelite/client/plugins/config/PluginListPanel$$Lambda$1111
instanceKlass net/runelite/client/plugins/config/PluginListPanel$$Lambda$1110
instanceKlass net/runelite/client/config/ConfigManager$$Lambda$1109
instanceKlass net/runelite/client/config/ConfigManager$$Lambda$1108
instanceKlass net/runelite/client/config/ConfigManager$$Lambda$1107
instanceKlass com/google/common/collect/ComparisonChain
instanceKlass net/runelite/client/config/ConfigSection
instanceKlass net/runelite/client/config/ConfigManager$$Lambda$1106
instanceKlass net/runelite/client/config/ConfigManager$$Lambda$1105
instanceKlass net/runelite/client/config/ConfigManager$$Lambda$1104
instanceKlass net/runelite/client/config/ConfigManager$$Lambda$1103
instanceKlass net/runelite/client/plugins/config/PluginListPanel$$Lambda$1102
instanceKlass net/runelite/client/plugins/config/PluginListPanel$2
instanceKlass net/runelite/client/plugins/config/PluginListPanel$$Lambda$1101
instanceKlass net/runelite/client/plugins/config/PluginListPanel$$Lambda$1100
instanceKlass net/runelite/client/plugins/config/PluginListPanel$$Lambda$1099
instanceKlass net/runelite/client/plugins/achievementdiary/DiaryRequirementsPlugin$$Lambda$1098
instanceKlass net/runelite/client/plugins/reportbutton/ReportButtonPlugin$$Lambda$1097
instanceKlass net/runelite/client/plugins/reportbutton/ReportButtonPlugin$$Lambda$1096
instanceKlass net/runelite/client/plugins/reportbutton/ReportButtonPlugin$$Lambda$1095
instanceKlass net/runelite/client/plugins/reportbutton/ReportButtonPlugin$$Lambda$1094
instanceKlass java/time/format/DateTimeFormatterBuilder$LocalizedPrinterParser
instanceKlass net/runelite/client/plugins/reportbutton/ReportButtonPlugin$$Lambda$1093
instanceKlass net/runelite/client/plugins/cannon/CannonPlugin$$Lambda$1092
instanceKlass net/runelite/client/plugins/cannon/CannonPlugin$$Lambda$1091
instanceKlass net/runelite/client/plugins/cannon/CannonPlugin$$Lambda$1090
instanceKlass net/runelite/client/plugins/cannon/CannonPlugin$$Lambda$1089
instanceKlass net/runelite/client/plugins/cannon/CannonPlugin$$Lambda$1088
instanceKlass net/runelite/client/plugins/worldmap/WorldMapPlugin$$Lambda$1087
instanceKlass net/runelite/client/plugins/worldmap/WorldMapPlugin$$Lambda$1086
instanceKlass net/runelite/client/plugins/worldmap/WorldMapPlugin$$Lambda$1085
instanceKlass net/runelite/client/plugins/worldmap/WorldMapPlugin$$Lambda$1084
instanceKlass net/runelite/client/plugins/worldmap/WorldMapPlugin$$Lambda$1083
instanceKlass net/runelite/client/plugins/worldmap/WorldMapPlugin$$Lambda$1082
instanceKlass net/runelite/client/plugins/worldmap/WorldMapPlugin$$Lambda$1081
instanceKlass java/util/stream/Collectors$$Lambda$1080
instanceKlass java/util/stream/Collectors$$Lambda$1079
instanceKlass java/util/stream/Collectors$$Lambda$1078
instanceKlass java/util/stream/Collectors$$Lambda$1077
instanceKlass net/runelite/client/plugins/worldmap/FishingSpotLocation$$Lambda$1076
instanceKlass net/runelite/client/plugins/worldmap/WorldMapPlugin$$Lambda$1075
instanceKlass net/runelite/client/plugins/worldmap/WorldMapPlugin$$Lambda$1074
instanceKlass net/runelite/client/plugins/worldmap/WorldMapPlugin$$Lambda$1073
instanceKlass net/runelite/client/plugins/worldmap/WorldMapPlugin$$Lambda$1072
instanceKlass net/runelite/client/plugins/worldmap/WorldMapPlugin$$Lambda$1071
instanceKlass net/runelite/client/plugins/worldmap/WorldMapPlugin$$Lambda$1070
instanceKlass java/lang/invoke/LambdaForm$MH
instanceKlass java/lang/invoke/LambdaForm$MH
instanceKlass java/lang/invoke/LambdaForm$MH
instanceKlass java/lang/invoke/LambdaForm$MH
instanceKlass java/lang/invoke/LambdaForm$MH
instanceKlass java/lang/invoke/LambdaForm$MH
instanceKlass java/lang/invoke/LambdaForm$MH
instanceKlass java/lang/invoke/LambdaForm$MH
instanceKlass java/lang/invoke/LambdaForm$MH
instanceKlass java/lang/invoke/LambdaForm$MH
instanceKlass java/lang/invoke/LambdaForm$MH
instanceKlass java/lang/invoke/LambdaForm$MH
instanceKlass java/lang/invoke/LambdaForm$MH
instanceKlass java/lang/invoke/LambdaForm$MH
instanceKlass java/lang/invoke/LambdaForm$MH
instanceKlass java/lang/invoke/LambdaForm$MH
instanceKlass java/lang/invoke/LambdaForm$MH
instanceKlass net/runelite/client/plugins/worldmap/MiningSiteLocation$Rock
instanceKlass net/runelite/client/plugins/worldmap/WorldMapPlugin$$Lambda$1069
instanceKlass net/runelite/client/plugins/worldmap/WorldMapPlugin$$Lambda$1068
instanceKlass net/runelite/client/plugins/worldmap/WorldMapPlugin$$Lambda$1067
instanceKlass net/runelite/client/plugins/worldmap/WorldMapPlugin$1
instanceKlass net/runelite/client/plugins/worldmap/WorldMapPlugin$$Lambda$1066
instanceKlass net/runelite/client/plugins/worldmap/WorldMapPlugin$$Lambda$1065
instanceKlass net/runelite/client/plugins/worldmap/WorldMapPlugin$$Lambda$1064
instanceKlass java/lang/invoke/LambdaForm$MH
instanceKlass java/lang/invoke/LambdaForm$MH
instanceKlass java/lang/invoke/LambdaForm$MH
instanceKlass java/lang/invoke/LambdaForm$MH
instanceKlass java/lang/invoke/LambdaForm$BMH
instanceKlass java/lang/invoke/LambdaForm$DMH
instanceKlass java/lang/invoke/LambdaForm$MH
instanceKlass java/lang/invoke/LambdaForm$MH
instanceKlass java/lang/invoke/LambdaForm$MH
instanceKlass java/lang/invoke/LambdaForm$MH
instanceKlass java/lang/invoke/LambdaForm$MH
instanceKlass java/lang/invoke/LambdaForm$MH
instanceKlass java/lang/invoke/LambdaForm$MH
instanceKlass java/lang/invoke/LambdaForm$MH
instanceKlass java/lang/invoke/LambdaForm$MH
instanceKlass java/lang/invoke/LambdaForm$MH
instanceKlass java/lang/invoke/LambdaForm$MH
instanceKlass java/lang/invoke/LambdaForm$MH
instanceKlass java/lang/invoke/LambdaForm$MH
instanceKlass java/lang/invoke/LambdaForm$MH
instanceKlass java/lang/invoke/LambdaForm$MH
instanceKlass java/lang/invoke/LambdaForm$MH
instanceKlass java/lang/invoke/LambdaForm$MH
instanceKlass java/lang/invoke/LambdaForm$MH
instanceKlass java/lang/invoke/LambdaForm$MH
instanceKlass java/lang/invoke/LambdaForm$MH
instanceKlass java/lang/invoke/LambdaForm$MH
instanceKlass net/runelite/client/plugins/worldmap/WorldMapPlugin$$Lambda$1063
instanceKlass net/runelite/client/plugins/worldmap/WorldMapPlugin$$Lambda$1062
instanceKlass net/runelite/client/plugins/worldmap/WorldMapPlugin$$Lambda$1061
instanceKlass net/runelite/client/plugins/worldmap/WorldMapPlugin$$Lambda$1060
instanceKlass net/runelite/client/plugins/worldmap/WorldMapPlugin$$Lambda$1059
instanceKlass net/runelite/client/plugins/worldmap/WorldMapPlugin$$Lambda$1058
instanceKlass net/runelite/client/plugins/worldmap/WorldMapPlugin$$Lambda$1057
instanceKlass net/runelite/client/plugins/worldmap/WorldMapPlugin$$Lambda$1056
instanceKlass net/runelite/client/plugins/worldmap/WorldMapPlugin$$Lambda$1055
instanceKlass net/runelite/client/plugins/worldmap/WorldMapPlugin$$Lambda$1054
instanceKlass net/runelite/client/plugins/worldmap/WorldMapPlugin$$Lambda$1053
instanceKlass net/runelite/client/plugins/worldmap/WorldMapPlugin$$Lambda$1052
instanceKlass net/runelite/client/plugins/worldmap/WorldMapPlugin$$Lambda$1051
instanceKlass net/runelite/client/plugins/worldmap/WorldMapPlugin$$Lambda$1050
instanceKlass net/runelite/client/plugins/worldmap/WorldMapPlugin$$Lambda$1049
instanceKlass net/runelite/client/plugins/worldmap/WorldMapPlugin$$Lambda$1048
instanceKlass net/runelite/client/plugins/worldmap/WorldMapPlugin$$Lambda$1047
instanceKlass java/lang/invoke/LambdaForm$MH
instanceKlass java/lang/invoke/LambdaForm$MH
instanceKlass java/lang/invoke/LambdaForm$MH
instanceKlass java/lang/invoke/LambdaForm$MH
instanceKlass java/lang/invoke/LambdaForm$MH
instanceKlass java/lang/invoke/LambdaForm$MH
instanceKlass java/lang/invoke/LambdaForm$MH
instanceKlass java/lang/invoke/LambdaForm$MH
instanceKlass java/lang/invoke/LambdaForm$MH
instanceKlass java/lang/invoke/LambdaForm$MH
instanceKlass net/runelite/client/ui/overlay/worldmap/WorldMapPoint$WorldMapPointBuilder
instanceKlass net/runelite/client/plugins/worldmap/WorldMapPlugin$$Lambda$1046
instanceKlass net/runelite/client/plugins/worldmap/WorldMapPlugin$$Lambda$1045
instanceKlass net/runelite/client/plugins/worldmap/WorldMapPlugin$$Lambda$1044
instanceKlass net/runelite/client/plugins/worldmap/WorldMapPlugin$$Lambda$1043
instanceKlass net/runelite/client/plugins/npchighlight/NpcIndicatorsPlugin$$Lambda$1042
instanceKlass net/runelite/client/plugins/npchighlight/NpcIndicatorsPlugin$$Lambda$1041
instanceKlass net/runelite/client/plugins/npchighlight/NpcIndicatorsPlugin$$Lambda$1040
instanceKlass net/runelite/client/plugins/npchighlight/NpcIndicatorsPlugin$$Lambda$1039
instanceKlass net/runelite/client/plugins/npchighlight/NpcIndicatorsPlugin$$Lambda$1038
instanceKlass net/runelite/client/plugins/npchighlight/NpcIndicatorsPlugin$$Lambda$1037
instanceKlass net/runelite/client/plugins/npchighlight/NpcIndicatorsPlugin$$Lambda$1036
instanceKlass net/runelite/client/plugins/npchighlight/NpcIndicatorsPlugin$$Lambda$1035
instanceKlass net/runelite/client/plugins/npchighlight/NpcIndicatorsPlugin$$Lambda$1034
instanceKlass net/runelite/client/plugins/runecraft/RunecraftPlugin$$Lambda$1033
instanceKlass net/runelite/client/plugins/runecraft/RunecraftPlugin$$Lambda$1032
instanceKlass net/runelite/client/plugins/runecraft/RunecraftPlugin$$Lambda$1031
instanceKlass net/runelite/client/plugins/runecraft/RunecraftPlugin$$Lambda$1030
instanceKlass net/runelite/client/plugins/runecraft/RunecraftPlugin$$Lambda$1029
instanceKlass net/runelite/client/plugins/notes/NotesPlugin$$Lambda$1028
instanceKlass net/runelite/client/plugins/notes/NotesPanel$3
instanceKlass net/runelite/client/plugins/notes/NotesPanel$$Lambda$1027
instanceKlass com/formdev/flatlaf/ui/FlatTextAreaUI$$Lambda$1026
instanceKlass com/formdev/flatlaf/ui/FlatTextAreaUI$$Lambda$1025
instanceKlass com/formdev/flatlaf/ui/FlatTextAreaUI$$Lambda$1024
instanceKlass net/runelite/client/plugins/puzzlesolver/PuzzleSolverPlugin$$Lambda$1023
instanceKlass net/runelite/client/plugins/puzzlesolver/PuzzleSolverPlugin$$Lambda$1022
instanceKlass net/runelite/client/plugins/puzzlesolver/PuzzleSolverPlugin$$Lambda$1021
instanceKlass net/runelite/client/plugins/camera/CameraPlugin$$Lambda$1020
instanceKlass net/runelite/client/plugins/camera/CameraPlugin$$Lambda$1019
instanceKlass net/runelite/client/plugins/camera/CameraPlugin$$Lambda$1018
instanceKlass net/runelite/client/plugins/camera/CameraPlugin$$Lambda$1017
instanceKlass net/runelite/client/plugins/camera/CameraPlugin$$Lambda$1016
instanceKlass net/runelite/client/plugins/camera/CameraPlugin$$Lambda$1015
instanceKlass net/runelite/client/plugins/camera/CameraPlugin$$Lambda$1014
instanceKlass net/runelite/client/plugins/camera/CameraPlugin$$Lambda$1013
instanceKlass net/runelite/client/plugins/camera/CameraPlugin$$Lambda$1012
instanceKlass com/google/common/primitives/Floats
instanceKlass net/runelite/client/ui/ClientToolbarPanel$$Lambda$1011
instanceKlass net/runelite/client/ui/ClientToolbarPanel$$Lambda$1010
instanceKlass net/runelite/client/plugins/screenshot/ScreenshotPlugin$$Lambda$1009
instanceKlass net/runelite/client/plugins/screenshot/ScreenshotPlugin$$Lambda$1008
instanceKlass net/runelite/client/plugins/screenshot/ScreenshotPlugin$$Lambda$1007
instanceKlass net/runelite/client/plugins/screenshot/ScreenshotPlugin$$Lambda$1006
instanceKlass net/runelite/client/plugins/screenshot/ScreenshotPlugin$$Lambda$1005
instanceKlass net/runelite/client/plugins/screenshot/ScreenshotPlugin$$Lambda$1004
instanceKlass net/runelite/client/plugins/screenshot/ScreenshotPlugin$$Lambda$1003
instanceKlass net/runelite/client/plugins/screenshot/ScreenshotPlugin$$Lambda$1002
instanceKlass net/runelite/client/plugins/screenshot/ScreenshotPlugin$$Lambda$1001
instanceKlass net/runelite/client/plugins/screenshot/ScreenshotPlugin$$Lambda$1000
instanceKlass net/runelite/client/plugins/screenshot/ScreenshotPlugin$$Lambda$999
instanceKlass net/runelite/client/plugins/screenshot/ScreenshotPlugin$$Lambda$998
instanceKlass net/runelite/client/plugins/pestcontrol/PestControlPlugin$$Lambda$997
instanceKlass net/runelite/client/plugins/pestcontrol/PestControlPlugin$$Lambda$996
instanceKlass net/runelite/client/plugins/pestcontrol/PestControlPlugin$$Lambda$995
instanceKlass net/runelite/client/plugins/pestcontrol/PestControlPlugin$$Lambda$994
instanceKlass net/runelite/client/plugins/cluescrolls/ClueScrollPlugin$$Lambda$993
instanceKlass net/runelite/client/plugins/cluescrolls/ClueScrollPlugin$$Lambda$992
instanceKlass net/runelite/client/plugins/cluescrolls/ClueScrollPlugin$$Lambda$991
instanceKlass net/runelite/client/plugins/cluescrolls/ClueScrollPlugin$$Lambda$990
instanceKlass net/runelite/client/plugins/cluescrolls/ClueScrollPlugin$$Lambda$989
instanceKlass net/runelite/client/plugins/cluescrolls/ClueScrollPlugin$$Lambda$988
instanceKlass net/runelite/client/plugins/cluescrolls/ClueScrollPlugin$$Lambda$987
instanceKlass net/runelite/client/plugins/cluescrolls/ClueScrollPlugin$$Lambda$986
instanceKlass net/runelite/client/plugins/cluescrolls/ClueScrollPlugin$$Lambda$985
instanceKlass net/runelite/client/plugins/cluescrolls/ClueScrollPlugin$$Lambda$984
instanceKlass net/runelite/client/plugins/cluescrolls/ClueScrollPlugin$$Lambda$983
instanceKlass net/runelite/client/plugins/cluescrolls/ClueScrollPlugin$$Lambda$982
instanceKlass net/runelite/client/plugins/cluescrolls/ClueScrollPlugin$$Lambda$981
instanceKlass net/runelite/client/plugins/cluescrolls/ClueScrollPlugin$$Lambda$980
instanceKlass net/runelite/client/plugins/cluescrolls/ClueScrollPlugin$$Lambda$979
instanceKlass net/runelite/client/plugins/cluescrolls/ClueScrollPlugin$$Lambda$978
instanceKlass net/runelite/client/plugins/cluescrolls/ClueScrollPlugin$$Lambda$977
instanceKlass net/runelite/client/plugins/cluescrolls/ClueScrollPlugin$$Lambda$976
instanceKlass net/runelite/client/plugins/cluescrolls/ClueScrollPlugin$$Lambda$975
instanceKlass net/runelite/client/plugins/cluescrolls/ClueScrollPlugin$$Lambda$974
instanceKlass net/runelite/client/plugins/cluescrolls/ClueScrollPlugin$$Lambda$973
instanceKlass net/runelite/client/plugins/cluescrolls/ClueScrollPlugin$$Lambda$972
instanceKlass net/runelite/client/plugins/cluescrolls/ClueScrollPlugin$$Lambda$971
instanceKlass net/runelite/client/plugins/cluescrolls/ClueScrollPlugin$$Lambda$970
instanceKlass net/runelite/client/plugins/banktags/BankTagsPlugin$$Lambda$969
instanceKlass net/runelite/client/plugins/banktags/BankTagsPlugin$$Lambda$968
instanceKlass net/runelite/client/plugins/banktags/BankTagsPlugin$$Lambda$967
instanceKlass net/runelite/client/plugins/banktags/BankTagsPlugin$$Lambda$966
instanceKlass net/runelite/client/plugins/banktags/BankTagsPlugin$$Lambda$965
instanceKlass net/runelite/client/plugins/banktags/tabs/PotionStorage$$Lambda$964
instanceKlass net/runelite/client/plugins/banktags/tabs/PotionStorage$$Lambda$963
instanceKlass net/runelite/client/plugins/banktags/tabs/PotionStorage$$Lambda$962
instanceKlass net/runelite/client/plugins/banktags/tabs/LayoutManager$$Lambda$961
instanceKlass net/runelite/client/plugins/banktags/tabs/TabInterface$$Lambda$960
instanceKlass net/runelite/client/plugins/banktags/tabs/TabInterface$$Lambda$959
instanceKlass net/runelite/client/plugins/banktags/tabs/TabInterface$$Lambda$958
instanceKlass net/runelite/client/plugins/banktags/tabs/TabInterface$$Lambda$957
instanceKlass net/runelite/client/plugins/banktags/tabs/TabInterface$$Lambda$956
instanceKlass net/runelite/client/plugins/banktags/tabs/TabInterface$$Lambda$955
instanceKlass net/runelite/client/game/SpriteManager$$Lambda$954
instanceKlass net/runelite/client/plugins/banktags/BankTagsPlugin$$Lambda$953
instanceKlass net/runelite/client/plugins/banktags/BankTagsPlugin$$Lambda$952
instanceKlass net/runelite/client/config/ConfigManager$$Lambda$951
instanceKlass net/runelite/client/plugins/grandexchange/GrandExchangePlugin$$Lambda$950
instanceKlass net/runelite/client/plugins/grandexchange/GrandExchangePlugin$$Lambda$949
instanceKlass net/runelite/client/plugins/grandexchange/GrandExchangePlugin$$Lambda$948
instanceKlass net/runelite/client/plugins/grandexchange/GrandExchangePlugin$$Lambda$947
instanceKlass net/runelite/client/plugins/grandexchange/GrandExchangePlugin$$Lambda$946
instanceKlass net/runelite/client/plugins/grandexchange/GrandExchangePlugin$$Lambda$945
instanceKlass net/runelite/client/plugins/grandexchange/GrandExchangePlugin$$Lambda$944
instanceKlass net/runelite/client/plugins/grandexchange/GrandExchangePlugin$$Lambda$943
instanceKlass net/runelite/client/plugins/grandexchange/GrandExchangePlugin$$Lambda$942
instanceKlass net/runelite/client/plugins/grandexchange/GrandExchangePlugin$$Lambda$941
instanceKlass net/runelite/client/plugins/grandexchange/GrandExchangePlugin$$Lambda$940
instanceKlass java/awt/CardLayout$Card
instanceKlass net/runelite/client/plugins/grandexchange/GrandExchangeSearchPanel$$Lambda$939
instanceKlass net/runelite/client/plugins/grandexchange/GrandExchangeSearchPanel$$Lambda$938
instanceKlass com/google/common/collect/StandardTable$RowMap$EntrySet$1
instanceKlass com/google/common/collect/StandardTable$CellIterator
instanceKlass net/runelite/client/plugins/grounditems/GroundItemsPlugin$$Lambda$937
instanceKlass net/runelite/client/plugins/grounditems/GroundItemsPlugin$$Lambda$936
instanceKlass net/runelite/client/plugins/grounditems/GroundItemsPlugin$$Lambda$935
instanceKlass net/runelite/client/plugins/grounditems/GroundItemsPlugin$$Lambda$934
instanceKlass net/runelite/client/plugins/grounditems/GroundItemsPlugin$$Lambda$933
instanceKlass net/runelite/client/plugins/grounditems/GroundItemsPlugin$$Lambda$932
instanceKlass net/runelite/client/plugins/grounditems/GroundItemsPlugin$$Lambda$930
instanceKlass net/runelite/client/plugins/grounditems/GroundItemsPlugin$$Lambda$931
instanceKlass net/runelite/client/plugins/grounditems/GroundItemsPlugin$$Lambda$929
instanceKlass net/runelite/client/plugins/grounditems/GroundItemsPlugin$PriceHighlight
instanceKlass net/runelite/client/plugins/grounditems/GroundItemsPlugin$$Lambda$928
instanceKlass net/runelite/client/plugins/grounditems/GroundItemsPlugin$$Lambda$927
instanceKlass net/runelite/client/plugins/grounditems/GroundItemsPlugin$$Lambda$926
instanceKlass net/runelite/client/plugins/grounditems/GroundItemsPlugin$$Lambda$925
instanceKlass net/runelite/client/plugins/statusbars/StatusBarsPlugin$$Lambda$924
instanceKlass net/runelite/client/plugins/statusbars/StatusBarsPlugin$$Lambda$923
instanceKlass net/runelite/client/plugins/statusbars/StatusBarsPlugin$$Lambda$922
instanceKlass net/runelite/client/plugins/itemstats/ItemStatPlugin$$Lambda$921
instanceKlass net/runelite/client/plugins/itemstats/ItemStatPlugin$$Lambda$920
instanceKlass net/runelite/client/plugins/itemstats/ItemStatPlugin$$Lambda$919
instanceKlass net/runelite/client/plugins/itemstats/ItemStatPlugin$$Lambda$918
instanceKlass cn
instanceKlass net/runelite/client/plugins/playerindicators/PlayerIndicatorsPlugin$$Lambda$917
instanceKlass net/runelite/client/plugins/playerindicators/PlayerIndicatorsPlugin$$Lambda$916
instanceKlass net/runelite/client/plugins/playerindicators/PlayerIndicatorsPlugin$$Lambda$915
instanceKlass net/runelite/client/plugins/stretchedmode/StretchedModePlugin$$Lambda$914
instanceKlass net/runelite/client/plugins/stretchedmode/StretchedModePlugin$$Lambda$913
instanceKlass javax/swing/JComponent$$Lambda$912
instanceKlass net/runelite/client/plugins/defaultworld/DefaultWorldPlugin$$Lambda$911
instanceKlass net/runelite/client/plugins/defaultworld/DefaultWorldPlugin$$Lambda$910
instanceKlass net/runelite/client/plugins/loottracker/LootTrackerPlugin$$Lambda$909
instanceKlass net/runelite/client/plugins/loottracker/LootTrackerPlugin$$Lambda$908
instanceKlass net/runelite/client/plugins/loottracker/LootTrackerPlugin$$Lambda$907
instanceKlass net/runelite/client/plugins/loottracker/LootTrackerPlugin$$Lambda$906
instanceKlass net/runelite/client/plugins/loottracker/LootTrackerPlugin$$Lambda$905
instanceKlass net/runelite/client/plugins/loottracker/LootTrackerPlugin$$Lambda$904
instanceKlass net/runelite/client/plugins/loottracker/LootTrackerPlugin$$Lambda$903
instanceKlass net/runelite/client/plugins/loottracker/LootTrackerPlugin$$Lambda$902
instanceKlass net/runelite/client/plugins/loottracker/LootTrackerPlugin$$Lambda$901
instanceKlass net/runelite/client/plugins/loottracker/LootTrackerPlugin$$Lambda$900
instanceKlass net/runelite/client/plugins/loottracker/LootTrackerPlugin$$Lambda$899
instanceKlass net/runelite/client/plugins/loottracker/LootTrackerPlugin$$Lambda$898
instanceKlass net/runelite/client/plugins/loottracker/LootTrackerPlugin$$Lambda$897
instanceKlass net/runelite/client/plugins/loottracker/LootTrackerPlugin$$Lambda$896
instanceKlass net/runelite/client/plugins/loottracker/LootTrackerPlugin$$Lambda$895
instanceKlass net/runelite/client/plugins/loottracker/LootTrackerPlugin$$Lambda$894
instanceKlass net/runelite/client/plugins/loottracker/LootTrackerPlugin$$Lambda$893
instanceKlass net/runelite/client/plugins/loottracker/LootTrackerPanel$$Lambda$892
instanceKlass net/runelite/client/plugins/loottracker/LootTrackerPanel$$Lambda$891
instanceKlass net/runelite/client/plugins/loottracker/LootTrackerPanel$$Lambda$890
instanceKlass net/runelite/client/plugins/loottracker/LootTrackerPanel$$Lambda$889
instanceKlass net/runelite/client/util/QuantityFormatter
instanceKlass net/runelite/client/plugins/loottracker/LootTrackerPanel$$Lambda$888
instanceKlass net/runelite/client/plugins/loottracker/LootTrackerPanel$$Lambda$887
instanceKlass javax/swing/ButtonGroup
instanceKlass net/runelite/client/plugins/loottracker/LootTrackerPanel$$Lambda$886
instanceKlass net/runelite/client/plugins/loottracker/LootTrackerPanel$$Lambda$885
instanceKlass net/runelite/client/plugins/loottracker/LootTrackerPanel$$Lambda$884
instanceKlass net/runelite/client/util/SwingUtil$$Lambda$883
instanceKlass com/formdev/flatlaf/ui/FlatRadioButtonUI$$Lambda$882
instanceKlass net/runelite/client/ui/laf/RuneLiteRadioButtonUI$$Lambda$881
instanceKlass javax/swing/plaf/basic/BasicButtonUI$KeyHandler
instanceKlass net/runelite/client/ui/laf/RuneLiteToggleButtonUI$$Lambda$880
instanceKlass net/runelite/client/plugins/hunter/HunterPlugin$$Lambda$879
instanceKlass net/runelite/client/plugins/hunter/HunterPlugin$$Lambda$878
instanceKlass net/runelite/client/plugins/hunter/HunterPlugin$$Lambda$877
instanceKlass net/runelite/client/plugins/herbiboars/HerbiboarPlugin$$Lambda$876
instanceKlass net/runelite/client/plugins/herbiboars/HerbiboarPlugin$$Lambda$875
instanceKlass net/runelite/client/plugins/herbiboars/HerbiboarPlugin$$Lambda$874
instanceKlass net/runelite/client/plugins/herbiboars/HerbiboarPlugin$$Lambda$873
instanceKlass net/runelite/client/plugins/herbiboars/HerbiboarPlugin$$Lambda$872
instanceKlass net/runelite/client/plugins/herbiboars/HerbiboarPlugin$$Lambda$871
instanceKlass net/runelite/client/plugins/herbiboars/HerbiboarPlugin$$Lambda$870
instanceKlass net/runelite/client/plugins/wintertodt/WintertodtPlugin$$Lambda$869
instanceKlass net/runelite/client/plugins/wintertodt/WintertodtPlugin$$Lambda$868
instanceKlass net/runelite/client/plugins/wintertodt/WintertodtPlugin$$Lambda$867
instanceKlass net/runelite/client/plugins/wintertodt/WintertodtPlugin$$Lambda$866
instanceKlass net/runelite/client/plugins/wintertodt/WintertodtPlugin$$Lambda$865
instanceKlass net/runelite/client/plugins/wiki/WikiDpsManager$$Lambda$864
instanceKlass net/runelite/client/plugins/prayer/PrayerPlugin$$Lambda$863
instanceKlass net/runelite/client/plugins/prayer/PrayerPlugin$$Lambda$862
instanceKlass net/runelite/client/plugins/prayer/PrayerPlugin$$Lambda$861
instanceKlass net/runelite/client/plugins/prayer/PrayerReorder$$Lambda$860
instanceKlass net/runelite/client/plugins/prayer/PrayerReorder$$Lambda$859
instanceKlass net/runelite/client/plugins/prayer/PrayerReorder$$Lambda$858
instanceKlass yr
instanceKlass net/runelite/client/plugins/prayer/PrayerReorder$$Lambda$857
instanceKlass net/runelite/client/plugins/prayer/PrayerReorder$$Lambda$856
instanceKlass net/runelite/client/plugins/prayer/PrayerReorder$$Lambda$855
instanceKlass net/runelite/client/plugins/prayer/PrayerReorder$$Lambda$854
instanceKlass net/runelite/client/plugins/instancemap/InstanceMapPlugin$$Lambda$853
instanceKlass net/runelite/client/plugins/instancemap/InstanceMapPlugin$$Lambda$852
instanceKlass net/runelite/client/plugins/minimap/MinimapPlugin$$Lambda$851
instanceKlass net/runelite/client/plugins/minimap/MinimapPlugin$$Lambda$850
instanceKlass net/runelite/client/plugins/minimap/MinimapPlugin$$Lambda$849
instanceKlass net/runelite/client/plugins/minimap/MinimapPlugin$$Lambda$848
instanceKlass java/util/regex/CharPredicates$$Lambda$847
instanceKlass com/google/common/primitives/Doubles
instanceKlass net/runelite/client/plugins/minimap/MinimapPlugin$$Lambda$846
instanceKlass net/runelite/client/plugins/tithefarm/TitheFarmPlugin$$Lambda$845
instanceKlass net/runelite/client/plugins/tithefarm/TitheFarmPlugin$$Lambda$844
instanceKlass net/runelite/client/plugins/tithefarm/TitheFarmPlugin$$Lambda$843
instanceKlass net/runelite/client/plugins/implings/ImplingsPlugin$$Lambda$842
instanceKlass net/runelite/client/plugins/implings/ImplingsPlugin$$Lambda$841
instanceKlass net/runelite/client/plugins/implings/ImplingsPlugin$$Lambda$840
instanceKlass net/runelite/client/plugins/itemcharges/ItemChargePlugin$$Lambda$839
instanceKlass net/runelite/client/plugins/itemcharges/ItemChargePlugin$$Lambda$838
instanceKlass net/runelite/client/plugins/itemcharges/ItemChargePlugin$$Lambda$837
instanceKlass net/runelite/client/plugins/itemcharges/ItemChargePlugin$$Lambda$836
instanceKlass net/runelite/client/plugins/itemcharges/ItemChargePlugin$$Lambda$835
instanceKlass net/runelite/client/plugins/itemcharges/ItemChargePlugin$$Lambda$834
instanceKlass net/runelite/client/plugins/bank/BankPlugin$$Lambda$833
instanceKlass net/runelite/client/plugins/bank/BankPlugin$$Lambda$832
instanceKlass net/runelite/client/plugins/bank/BankPlugin$$Lambda$831
instanceKlass net/runelite/client/plugins/bank/BankPlugin$$Lambda$830
instanceKlass net/runelite/client/plugins/bank/BankPlugin$$Lambda$829
instanceKlass net/runelite/client/plugins/bank/BankPlugin$$Lambda$828
instanceKlass net/runelite/client/plugins/bank/BankPlugin$$Lambda$827
instanceKlass net/runelite/client/plugins/chatchannel/ChatChannelPlugin$$Lambda$826
instanceKlass net/runelite/client/plugins/chatchannel/ChatChannelPlugin$$Lambda$825
instanceKlass net/runelite/client/plugins/chatchannel/ChatChannelPlugin$$Lambda$824
instanceKlass net/runelite/client/plugins/chatchannel/ChatChannelPlugin$$Lambda$823
instanceKlass net/runelite/client/plugins/chatchannel/ChatChannelPlugin$$Lambda$822
instanceKlass net/runelite/client/plugins/chatchannel/ChatChannelPlugin$$Lambda$821
instanceKlass net/runelite/client/plugins/chatchannel/ChatChannelPlugin$$Lambda$820
instanceKlass net/runelite/client/plugins/chatchannel/ChatChannelPlugin$$Lambda$819
instanceKlass net/runelite/client/plugins/chatchannel/ChatChannelPlugin$$Lambda$818
instanceKlass net/runelite/client/plugins/chatchannel/ChatChannelPlugin$$Lambda$817
instanceKlass net/runelite/client/plugins/chatchannel/ChatChannelPlugin$$Lambda$816
instanceKlass net/runelite/client/plugins/chatchannel/ChatChannelPlugin$$Lambda$815
instanceKlass net/runelite/client/plugins/chatchannel/ChatChannelPlugin$$Lambda$814
instanceKlass net/runelite/client/plugins/chatchannel/ChatChannelPlugin$$Lambda$813
instanceKlass net/runelite/client/plugins/wiki/WikiPlugin$$Lambda$812
instanceKlass net/runelite/client/plugins/wiki/WikiPlugin$$Lambda$811
instanceKlass net/runelite/client/plugins/wiki/WikiPlugin$$Lambda$810
instanceKlass net/runelite/client/plugins/wiki/WikiPlugin$$Lambda$809
instanceKlass net/runelite/client/plugins/wiki/WikiPlugin$$Lambda$808
instanceKlass net/runelite/client/plugins/wiki/WikiDpsManager$$Lambda$807
instanceKlass net/runelite/client/plugins/wiki/WikiDpsManager$$Lambda$806
instanceKlass net/runelite/client/plugins/wiki/WikiPlugin$$Lambda$805
instanceKlass net/runelite/client/plugins/inventorytags/InventoryTagsPlugin$$Lambda$804
instanceKlass java/util/stream/Nodes$ArrayNode
instanceKlass java/util/stream/Node$Builder
instanceKlass net/runelite/client/plugins/inventorytags/InventoryTagsPlugin$$Lambda$803
instanceKlass java/util/stream/Node$OfDouble
instanceKlass net/runelite/client/plugins/groundmarkers/GroundMarkerPlugin$$Lambda$802
instanceKlass net/runelite/client/plugins/groundmarkers/GroundMarkerPlugin$$Lambda$801
instanceKlass java/util/stream/Node$OfLong
instanceKlass net/runelite/client/plugins/groundmarkers/GroundMarkerPlugin$$Lambda$800
instanceKlass net/runelite/client/plugins/groundmarkers/GroundMarkerPlugin$$Lambda$799
instanceKlass net/runelite/client/plugins/groundmarkers/GroundMarkerPlugin$$Lambda$798
instanceKlass net/runelite/client/plugins/groundmarkers/GroundMarkerSharingManager$$Lambda$797
instanceKlass net/runelite/client/plugins/groundmarkers/GroundMarkerSharingManager$$Lambda$796
instanceKlass java/util/stream/Node$OfInt
instanceKlass java/util/stream/Node$OfPrimitive
instanceKlass net/runelite/client/plugins/groundmarkers/GroundMarkerSharingManager$$Lambda$795
instanceKlass java/util/stream/Nodes$EmptyNode
instanceKlass java/util/stream/Node
instanceKlass java/util/stream/Nodes
instanceKlass net/runelite/client/plugins/idlenotifier/IdleNotifierPlugin$$Lambda$794
instanceKlass net/runelite/client/plugins/idlenotifier/IdleNotifierPlugin$$Lambda$793
instanceKlass net/runelite/client/plugins/idlenotifier/IdleNotifierPlugin$$Lambda$792
instanceKlass net/runelite/client/plugins/idlenotifier/IdleNotifierPlugin$$Lambda$791
instanceKlass net/runelite/client/plugins/idlenotifier/IdleNotifierPlugin$$Lambda$790
instanceKlass net/runelite/client/plugins/idlenotifier/IdleNotifierPlugin$$Lambda$789
instanceKlass net/runelite/client/plugins/slayer/SlayerPlugin$$Lambda$788
instanceKlass java/util/function/IntFunction
instanceKlass net/runelite/client/plugins/idlenotifier/IdleNotifierPlugin$$Lambda$787
instanceKlass net/runelite/client/plugins/slayer/SlayerPlugin$$Lambda$786
instanceKlass net/runelite/client/plugins/idlenotifier/IdleNotifierPlugin$$Lambda$785
instanceKlass ht
instanceKlass net/runelite/client/plugins/tearsofguthix/TearsOfGuthixPlugin$$Lambda$784
instanceKlass net/runelite/client/plugins/tearsofguthix/TearsOfGuthixPlugin$$Lambda$783
instanceKlass net/runelite/client/plugins/tearsofguthix/TearsOfGuthixPlugin$$Lambda$782
instanceKlass net/runelite/client/plugins/slayer/SlayerPlugin$$Lambda$781
instanceKlass net/runelite/client/plugins/slayer/SlayerPlugin$$Lambda$780
instanceKlass net/runelite/client/plugins/slayer/SlayerPlugin$$Lambda$779
instanceKlass net/runelite/client/plugins/slayer/SlayerPlugin$$Lambda$778
instanceKlass net/runelite/client/plugins/slayer/SlayerPlugin$$Lambda$777
instanceKlass net/runelite/client/plugins/slayer/SlayerPlugin$$Lambda$776
instanceKlass net/runelite/client/plugins/slayer/SlayerPlugin$$Lambda$775
instanceKlass net/runelite/client/plugins/slayer/SlayerPlugin$$Lambda$774
instanceKlass net/runelite/client/plugins/slayer/SlayerPlugin$$Lambda$773
instanceKlass net/runelite/client/plugins/slayer/SlayerPlugin$$Lambda$772
instanceKlass net/runelite/client/plugins/slayer/SlayerPlugin$$Lambda$771
instanceKlass net/runelite/client/plugins/slayer/SlayerPlugin$$Lambda$770
instanceKlass java/lang/invoke/LambdaForm$DMH
instanceKlass com/formdev/flatlaf/ui/FlatTabbedPaneUI$FlatSelectedTabRepainter$$Lambda$769
instanceKlass net/runelite/client/plugins/discord/DiscordPlugin$$Lambda$768
instanceKlass net/runelite/client/plugins/discord/DiscordPlugin$$Lambda$767
instanceKlass net/runelite/client/plugins/discord/DiscordPlugin$$Lambda$766
instanceKlass net/runelite/client/plugins/discord/DiscordPlugin$$Lambda$765
instanceKlass net/runelite/client/plugins/discord/DiscordPlugin$$Lambda$764
instanceKlass net/runelite/client/plugins/discord/DiscordPlugin$$Lambda$763
instanceKlass com/sun/jna/Structure$NativeStringTracking
instanceKlass java/util/function/BinaryOperator$$Lambda$762
instanceKlass net/runelite/client/plugins/discord/DiscordState$$Lambda$761
instanceKlass net/runelite/client/plugins/discord/DiscordState$$Lambda$760
instanceKlass net/runelite/client/plugins/discord/DiscordState$1
instanceKlass net/runelite/client/discord/DiscordPresence$DiscordPresenceBuilder
instanceKlass net/runelite/client/plugins/discord/DiscordState$$Lambda$759
instanceKlass net/runelite/client/plugins/discord/DiscordState$$Lambda$758
instanceKlass net/runelite/client/plugins/discord/DiscordState$$Lambda$757
instanceKlass java/lang/invoke/LambdaForm$MH
instanceKlass java/lang/invoke/LambdaForm$DMH
instanceKlass java/lang/invoke/LambdaForm$DMH
instanceKlass net/runelite/client/plugins/discord/DiscordPlugin$$Lambda$756
instanceKlass net/runelite/client/plugins/worldhopper/WorldHopperPlugin$$Lambda$755
instanceKlass java/lang/invoke/LambdaForm$DMH
instanceKlass net/runelite/client/plugins/worldhopper/WorldSwitcherPanel$$Lambda$754
instanceKlass com/google/common/collect/Ordering
instanceKlass net/runelite/client/plugins/worldhopper/WorldSwitcherPanel$$Lambda$753
instanceKlass net/runelite/client/plugins/worldhopper/WorldSwitcherPanel$$Lambda$752
instanceKlass net/runelite/client/plugins/worldhopper/WorldTableRow$3
instanceKlass net/runelite/client/plugins/worldhopper/WorldTableRow$$Lambda$751
instanceKlass net/runelite/client/plugins/worldhopper/WorldSwitcherPanel$$Lambda$750
instanceKlass net/runelite/client/plugins/worldhopper/WorldSwitcherPanel$$Lambda$749
instanceKlass com/sun/jna/Klass
instanceKlass com/sun/jna/NativeMappedConverter
instanceKlass com/sun/jna/TypeConverter
instanceKlass net/runelite/client/plugins/worldhopper/WorldSwitcherPanel$5
instanceKlass net/runelite/client/plugins/loginscreen/LoginScreenPlugin$$Lambda$748
instanceKlass net/runelite/client/plugins/worldhopper/WorldHopperPlugin$$Lambda$746
instanceKlass net/runelite/client/plugins/loginscreen/LoginScreenPlugin$$Lambda$747
instanceKlass net/runelite/client/plugins/loginscreen/LoginScreenPlugin$$Lambda$745
instanceKlass net/runelite/client/plugins/loginscreen/LoginScreenPlugin$$Lambda$744
instanceKlass net/runelite/client/plugins/worldhopper/ping/Ping$1
instanceKlass net/runelite/client/plugins/worldhopper/WorldHopperPlugin$$Lambda$743
instanceKlass net/runelite/client/plugins/worldhopper/WorldHopperPlugin$$Lambda$742
instanceKlass net/runelite/client/plugins/worldhopper/WorldHopperPlugin$$Lambda$741
instanceKlass net/runelite/client/plugins/worldhopper/WorldHopperPlugin$$Lambda$740
instanceKlass net/runelite/client/plugins/worldhopper/WorldHopperPlugin$$Lambda$739
instanceKlass com/google/common/base/Charsets
instanceKlass net/runelite/client/plugins/worldhopper/WorldHopperPlugin$$Lambda$738
instanceKlass net/runelite/client/plugins/worldhopper/WorldHopperPlugin$$Lambda$737
instanceKlass net/runelite/client/plugins/worldhopper/WorldHopperPlugin$$Lambda$736
instanceKlass net/runelite/client/plugins/worldhopper/WorldHopperPlugin$$Lambda$735
instanceKlass net/runelite/client/plugins/worldhopper/WorldHopperPlugin$$Lambda$734
instanceKlass net/runelite/client/plugins/worldhopper/WorldHopperPlugin$$Lambda$733
instanceKlass net/runelite/client/plugins/worldhopper/WorldHopperPlugin$$Lambda$732
instanceKlass net/runelite/client/plugins/worldhopper/WorldHopperPlugin$$Lambda$731
instanceKlass net/runelite/client/plugins/worldhopper/WorldHopperPlugin$$Lambda$730
instanceKlass net/runelite/client/plugins/worldhopper/WorldSwitcherPanel$$Lambda$729
instanceKlass net/runelite/client/plugins/worldhopper/WorldSwitcherPanel$$Lambda$728
instanceKlass net/runelite/client/plugins/worldhopper/WorldSwitcherPanel$$Lambda$727
instanceKlass net/runelite/client/plugins/worldhopper/WorldTableHeader$$Lambda$726
instanceKlass com/formdev/flatlaf/ui/FlatMenuItemUI$$Lambda$725
instanceKlass com/formdev/flatlaf/ui/FlatMenuItemUI$$Lambda$724
instanceKlass javax/swing/plaf/basic/BasicMenuItemUI$Handler
instanceKlass javax/swing/event/MenuDragMouseListener
instanceKlass com/formdev/flatlaf/ui/FlatMenuItemRenderer
instanceKlass sun/swing/MenuItemLayoutHelper
instanceKlass javax/swing/JMenuItem$MenuItemFocusListener
instanceKlass net/runelite/client/plugins/worldhopper/WorldSwitcherPanel$$Lambda$723
instanceKlass net/runelite/client/plugins/runenergy/RunEnergyPlugin$$Lambda$722
instanceKlass net/runelite/client/plugins/runenergy/RunEnergyPlugin$$Lambda$721
instanceKlass net/runelite/client/plugins/runenergy/RunEnergyPlugin$$Lambda$720
instanceKlass net/runelite/client/plugins/runenergy/RunEnergyPlugin$$Lambda$719
instanceKlass net/runelite/client/plugins/runenergy/RunEnergyPlugin$$Lambda$718
instanceKlass net/runelite/client/plugins/crowdsourcing/CrowdsourcingPlugin$$Lambda$717
instanceKlass net/runelite/client/plugins/crowdsourcing/zmi/CrowdsourcingZMI$$Lambda$716
instanceKlass net/runelite/client/plugins/crowdsourcing/zmi/CrowdsourcingZMI$$Lambda$715
instanceKlass net/runelite/client/plugins/crowdsourcing/zmi/CrowdsourcingZMI$$Lambda$714
instanceKlass net/runelite/client/plugins/crowdsourcing/zmi/CrowdsourcingZMI$$Lambda$713
instanceKlass net/runelite/client/plugins/crowdsourcing/woodcutting/CrowdsourcingWoodcutting$$Lambda$712
instanceKlass net/runelite/client/plugins/crowdsourcing/woodcutting/CrowdsourcingWoodcutting$$Lambda$711
instanceKlass net/runelite/client/plugins/crowdsourcing/woodcutting/CrowdsourcingWoodcutting$$Lambda$710
instanceKlass net/runelite/client/plugins/crowdsourcing/woodcutting/CrowdsourcingWoodcutting$$Lambda$709
instanceKlass net/runelite/client/plugins/crowdsourcing/thieving/CrowdsourcingThieving$$Lambda$708
instanceKlass net/runelite/client/plugins/crowdsourcing/thieving/CrowdsourcingThieving$$Lambda$707
instanceKlass net/runelite/client/plugins/crowdsourcing/music/CrowdsourcingMusic$$Lambda$706
instanceKlass net/runelite/client/plugins/crowdsourcing/dialogue/CrowdsourcingDialogue$$Lambda$705
instanceKlass net/runelite/client/plugins/crowdsourcing/dialogue/CrowdsourcingDialogue$$Lambda$704
instanceKlass net/runelite/client/plugins/crowdsourcing/cooking/CrowdsourcingCooking$$Lambda$703
instanceKlass net/runelite/client/plugins/crowdsourcing/cooking/CrowdsourcingCooking$$Lambda$702
instanceKlass net/runelite/client/plugins/kourendlibrary/KourendLibraryPlugin$$Lambda$701
instanceKlass net/runelite/client/plugins/kourendlibrary/KourendLibraryPlugin$$Lambda$700
instanceKlass net/runelite/client/plugins/kourendlibrary/KourendLibraryPlugin$$Lambda$699
instanceKlass net/runelite/client/plugins/kourendlibrary/KourendLibraryPlugin$$Lambda$698
instanceKlass net/runelite/client/plugins/kourendlibrary/KourendLibraryPlugin$$Lambda$697
instanceKlass net/runelite/client/plugins/kourendlibrary/KourendLibraryPlugin$$Lambda$696
instanceKlass net/runelite/client/plugins/kourendlibrary/KourendLibraryPlugin$$Lambda$695
instanceKlass net/runelite/client/plugins/kourendlibrary/KourendLibraryPlugin$$Lambda$694
instanceKlass net/runelite/client/plugins/kourendlibrary/KourendLibraryPlugin$$Lambda$693
instanceKlass net/runelite/client/plugins/kourendlibrary/KourendLibraryPlugin$$Lambda$692
instanceKlass net/runelite/client/plugins/kourendlibrary/KourendLibraryPanel$$Lambda$691
instanceKlass net/runelite/client/plugins/kourendlibrary/KourendLibraryPanel$$Lambda$690
instanceKlass javax/swing/GroupLayout$ComponentInfo
instanceKlass javax/swing/GroupLayout
instanceKlass net/runelite/client/plugins/kourendlibrary/KourendLibraryPanel$$Lambda$689
instanceKlass net/runelite/client/plugins/kourendlibrary/KourendLibraryPanel$$Lambda$688
instanceKlass net/runelite/client/plugins/kourendlibrary/KourendLibraryPanel$$Lambda$687
instanceKlass sun/java2d/pipe/RegionSpanIterator
instanceKlass net/runelite/client/plugins/logouttimer/LogoutTimerPlugin$$Lambda$686
instanceKlass net/runelite/client/plugins/friendnotes/FriendNotesPlugin$$Lambda$685
instanceKlass net/runelite/client/plugins/friendnotes/FriendNotesPlugin$$Lambda$684
instanceKlass net/runelite/client/plugins/friendnotes/FriendNotesPlugin$$Lambda$683
instanceKlass net/runelite/client/plugins/friendnotes/FriendNotesPlugin$$Lambda$682
instanceKlass net/runelite/client/plugins/friendnotes/FriendNotesPlugin$$Lambda$681
instanceKlass net/runelite/client/game/ChatIconManager$$Lambda$680
instanceKlass net/runelite/client/game/ChatIconManager$ChatIcon
instanceKlass net/runelite/client/plugins/combatlevel/CombatLevelPlugin$$Lambda$679
instanceKlass net/runelite/client/plugins/combatlevel/CombatLevelPlugin$$Lambda$678
instanceKlass net/runelite/client/plugins/combatlevel/CombatLevelPlugin$$Lambda$677
instanceKlass net/runelite/client/plugins/combatlevel/CombatLevelPlugin$$Lambda$676
instanceKlass net/runelite/api/Experience
instanceKlass net/runelite/client/plugins/regenmeter/RegenMeterPlugin$$Lambda$675
instanceKlass net/runelite/client/plugins/regenmeter/RegenMeterPlugin$$Lambda$674
instanceKlass net/runelite/client/plugins/regenmeter/RegenMeterPlugin$$Lambda$673
instanceKlass net/runelite/client/plugins/regenmeter/RegenMeterPlugin$$Lambda$672
instanceKlass net/runelite/client/plugins/timersandbuffs/TimersAndBuffsPlugin$$Lambda$671
instanceKlass net/runelite/client/plugins/timersandbuffs/TimersAndBuffsPlugin$$Lambda$670
instanceKlass net/runelite/client/plugins/timersandbuffs/TimersAndBuffsPlugin$$Lambda$669
instanceKlass net/runelite/client/plugins/timersandbuffs/TimersAndBuffsPlugin$$Lambda$668
instanceKlass net/runelite/client/plugins/timersandbuffs/TimersAndBuffsPlugin$$Lambda$667
instanceKlass net/runelite/client/plugins/timersandbuffs/TimersAndBuffsPlugin$$Lambda$666
instanceKlass net/runelite/client/plugins/timersandbuffs/TimersAndBuffsPlugin$$Lambda$665
instanceKlass net/runelite/client/plugins/timersandbuffs/TimersAndBuffsPlugin$$Lambda$664
instanceKlass net/runelite/client/plugins/timersandbuffs/TimersAndBuffsPlugin$$Lambda$663
instanceKlass net/runelite/client/plugins/timersandbuffs/TimersAndBuffsPlugin$$Lambda$662
instanceKlass net/runelite/client/plugins/timersandbuffs/TimersAndBuffsPlugin$$Lambda$661
instanceKlass net/runelite/client/plugins/raids/RaidsPlugin$$Lambda$660
instanceKlass net/runelite/client/plugins/raids/RaidsPlugin$$Lambda$659
instanceKlass net/runelite/client/plugins/raids/RaidsPlugin$$Lambda$658
instanceKlass net/runelite/client/plugins/raids/RaidsPlugin$$Lambda$657
instanceKlass rl20$$Lambda$656
instanceKlass net/runelite/client/plugins/raids/RaidsPlugin$$Lambda$655
instanceKlass rl20
instanceKlass net/runelite/client/plugins/raids/RaidsPlugin$$Lambda$654
instanceKlass net/runelite/client/plugins/raids/RaidsPlugin$$Lambda$653
instanceKlass net/runelite/client/plugins/friendlist/FriendListPlugin$$Lambda$652
instanceKlass net/runelite/client/plugins/friendlist/FriendListPlugin$$Lambda$651
instanceKlass net/runelite/client/plugins/friendlist/FriendListPlugin$$Lambda$650
instanceKlass net/runelite/client/plugins/friendlist/FriendListPlugin$$Lambda$649
instanceKlass net/runelite/client/plugins/opponentinfo/OpponentInfoPlugin$$Lambda$648
instanceKlass net/runelite/client/plugins/opponentinfo/OpponentInfoPlugin$$Lambda$647
instanceKlass net/runelite/client/plugins/opponentinfo/OpponentInfoPlugin$$Lambda$646
instanceKlass net/runelite/client/plugins/opponentinfo/OpponentInfoPlugin$$Lambda$645
instanceKlass net/runelite/client/plugins/opponentinfo/OpponentInfoPlugin$$Lambda$644
instanceKlass net/runelite/client/plugins/corp/CorpPlugin$$Lambda$643
instanceKlass net/runelite/client/plugins/corp/CorpPlugin$$Lambda$642
instanceKlass net/runelite/client/plugins/corp/CorpPlugin$$Lambda$641
instanceKlass net/runelite/client/plugins/corp/CorpPlugin$$Lambda$640
instanceKlass net/runelite/client/plugins/corp/CorpPlugin$$Lambda$639
instanceKlass net/runelite/client/plugins/corp/CorpPlugin$$Lambda$638
instanceKlass net/runelite/client/plugins/corp/CorpPlugin$$Lambda$637
instanceKlass net/runelite/client/callback/ClientThread$$Lambda$636
instanceKlass net/runelite/client/game/npcoverlay/NpcOverlayService$$Lambda$635
instanceKlass net/runelite/client/plugins/metronome/MetronomePlugin$$Lambda$634
instanceKlass net/runelite/client/plugins/info/InfoPanel$$Lambda$633
instanceKlass net/runelite/client/plugins/info/InfoPanel$$Lambda$632
instanceKlass javax/swing/event/UndoableEditListener
instanceKlass javax/swing/text/DefaultCaret$1
instanceKlass javax/swing/text/AbstractDocument$UndoRedoDocumentEvent
instanceKlass javax/swing/text/DefaultStyledDocument$AbstractChangeHandler
instanceKlass net/runelite/client/plugins/info/InfoPanel$$Lambda$631
instanceKlass net/runelite/client/plugins/info/InfoPanel$$Lambda$630
instanceKlass java/text/BreakIterator
instanceKlass javax/swing/text/Utilities
instanceKlass javax/swing/text/GlyphView$GlyphPainter
instanceKlass javax/swing/text/TabableView
instanceKlass javax/swing/text/FlowView$FlowStrategy
instanceKlass javax/swing/text/html/StyleSheet$1
instanceKlass javax/swing/text/html/CSSBorder$StrokePainter
instanceKlass javax/swing/text/html/CSSBorder$SolidPainter
instanceKlass javax/swing/text/html/CSSBorder$NullPainter
instanceKlass javax/swing/text/html/CSSBorder$BorderPainter
instanceKlass javax/swing/text/html/StyleSheet$BoxPainter
instanceKlass javax/swing/text/html/StyleSheet$SearchBuffer
instanceKlass javax/swing/text/html/MuxingAttributeSet
instanceKlass javax/swing/text/GapContent$UndoPosRef
instanceKlass javax/swing/text/SegmentCache
instanceKlass javax/swing/event/DocumentEvent$ElementChange
instanceKlass javax/swing/text/DefaultStyledDocument$ElementBuffer$ElemChanges
instanceKlass java/lang/invoke/LambdaForm$MH
instanceKlass java/lang/invoke/LambdaForm$DMH
instanceKlass java/lang/invoke/LambdaForm$MH
instanceKlass java/lang/invoke/LambdaForm$DMH
instanceKlass java/lang/invoke/LambdaForm$MH
instanceKlass java/lang/invoke/LambdaForm$DMH
instanceKlass java/lang/invoke/LambdaForm$MH
instanceKlass java/lang/invoke/LambdaForm$DMH
instanceKlass java/lang/invoke/LambdaForm$MH
instanceKlass java/lang/invoke/LambdaForm$MH
instanceKlass java/lang/invoke/LambdaForm$MH
instanceKlass java/lang/invoke/LambdaForm$MH
instanceKlass java/lang/invoke/LambdaForm$MH
instanceKlass java/lang/invoke/LambdaForm$MH
instanceKlass java/lang/invoke/LambdaForm$MH
instanceKlass java/lang/invoke/LambdaForm$MH
instanceKlass java/lang/invoke/LambdaForm$MH
instanceKlass java/lang/invoke/LambdaForm$MH
instanceKlass java/lang/invoke/LambdaForm$MH
instanceKlass java/lang/invoke/LambdaForm$MH
instanceKlass java/lang/invoke/LambdaForm$MH
instanceKlass java/lang/invoke/LambdaForm$MH
instanceKlass java/lang/invoke/LambdaForm$MH
instanceKlass java/lang/invoke/LambdaForm$MH
instanceKlass java/lang/invoke/LambdaForm$MH
instanceKlass java/lang/invoke/LambdaForm$MH
instanceKlass java/lang/invoke/LambdaForm$MH
instanceKlass java/lang/invoke/LambdaForm$MH
instanceKlass java/lang/invoke/LambdaForm$MH
instanceKlass java/lang/invoke/LambdaForm$MH
instanceKlass java/lang/invoke/LambdaForm$MH
instanceKlass java/lang/invoke/LambdaForm$MH
instanceKlass java/lang/invoke/LambdaForm$MH
instanceKlass javax/swing/text/DefaultStyledDocument$ElementSpec
instanceKlass javax/swing/text/html/parser/ContentModelState
instanceKlass javax/swing/text/html/parser/TagStack
instanceKlass javax/swing/text/html/parser/TagElement
instanceKlass javax/swing/text/html/parser/Parser
instanceKlass javax/swing/text/html/HTMLDocument$HTMLReader$TagAction
instanceKlass javax/swing/text/html/HTMLEditorKit$ParserCallback
instanceKlass javax/swing/text/html/parser/AttributeList
instanceKlass javax/swing/text/html/parser/ContentModel
instanceKlass javax/swing/text/html/parser/ParserDelegator$1
instanceKlass javax/swing/text/html/parser/Entity
instanceKlass javax/swing/text/html/parser/Element
instanceKlass javax/swing/text/html/parser/DTD
instanceKlass javax/swing/text/html/parser/DTDConstants
instanceKlass javax/swing/text/html/HTMLEditorKit$Parser
instanceKlass sun/swing/text/UndoableEditLockSupport
instanceKlass javax/swing/event/DocumentEvent$EventType
instanceKlass javax/swing/event/DocumentEvent
instanceKlass javax/swing/undo/AbstractUndoableEdit
instanceKlass javax/swing/undo/UndoableEdit
instanceKlass javax/swing/text/DefaultStyledDocument$ElementBuffer
instanceKlass java/lang/invoke/LambdaForm$MH
instanceKlass java/lang/invoke/LambdaForm$MH
instanceKlass java/lang/invoke/LambdaForm$MH
instanceKlass java/lang/invoke/LambdaForm$MH
instanceKlass java/lang/invoke/LambdaForm$MH
instanceKlass java/lang/invoke/LambdaForm$MH
instanceKlass java/lang/invoke/LambdaForm$MH
instanceKlass java/lang/invoke/LambdaForm$MH
instanceKlass java/lang/invoke/LambdaForm$MH
instanceKlass java/lang/invoke/LambdaForm$MH
instanceKlass java/lang/invoke/LambdaForm$MH
instanceKlass java/lang/invoke/LambdaForm$MH
instanceKlass java/lang/invoke/LambdaForm$MH
instanceKlass net/runelite/client/plugins/info/JRichTextPane$$Lambda$629
instanceKlass javax/swing/event/HyperlinkListener
instanceKlass com/formdev/flatlaf/ui/FlatEditorPaneUI$$Lambda$628
instanceKlass com/formdev/flatlaf/ui/FlatEditorPaneUI$$Lambda$627
instanceKlass com/formdev/flatlaf/ui/FlatEditorPaneUI$$Lambda$626
instanceKlass javax/swing/text/StyledDocument
instanceKlass net/runelite/client/plugins/account/AccountPlugin$$Lambda$625
instanceKlass net/runelite/client/plugins/account/AccountPlugin$$Lambda$624
instanceKlass net/runelite/client/ui/ClientToolbar$$Lambda$623
instanceKlass net/runelite/client/plugins/account/AccountPlugin$$Lambda$622
instanceKlass net/runelite/client/plugins/account/AccountPlugin$$Lambda$621
instanceKlass net/runelite/client/plugins/poh/PohPlugin$$Lambda$620
instanceKlass net/runelite/client/plugins/poh/PohPlugin$$Lambda$619
instanceKlass net/runelite/client/plugins/poh/PohPlugin$$Lambda$618
instanceKlass net/runelite/client/plugins/poh/PohPlugin$$Lambda$617
instanceKlass net/runelite/client/plugins/poh/PohPlugin$$Lambda$616
instanceKlass net/runelite/client/plugins/poh/PohPlugin$$Lambda$615
instanceKlass net/runelite/client/plugins/poh/PohPlugin$$Lambda$614
instanceKlass java/lang/invoke/LambdaForm$MH
instanceKlass java/lang/invoke/LambdaForm$DMH
instanceKlass java/lang/invoke/LambdaForm$MH
instanceKlass java/lang/invoke/LambdaForm$MH
instanceKlass java/lang/invoke/LambdaForm$MH
instanceKlass java/lang/invoke/LambdaForm$MH
instanceKlass java/lang/invoke/LambdaForm$MH
instanceKlass java/lang/invoke/LambdaForm$MH
instanceKlass java/lang/invoke/LambdaForm$MH
instanceKlass java/lang/invoke/LambdaForm$MH
instanceKlass java/lang/invoke/LambdaForm$MH
instanceKlass java/lang/invoke/LambdaForm$MH
instanceKlass java/lang/invoke/LambdaForm$MH
instanceKlass java/lang/invoke/LambdaForm$MH
instanceKlass java/lang/invoke/LambdaForm$MH
instanceKlass java/lang/invoke/LambdaForm$MH
instanceKlass java/lang/invoke/LambdaForm$BMH
instanceKlass java/lang/invoke/LambdaForm$DMH
instanceKlass java/lang/invoke/LambdaForm$MH
instanceKlass java/lang/invoke/LambdaForm$MH
instanceKlass java/lang/invoke/LambdaForm$MH
instanceKlass java/lang/invoke/LambdaForm$MH
instanceKlass java/lang/invoke/LambdaForm$MH
instanceKlass java/lang/invoke/LambdaForm$MH
instanceKlass java/lang/invoke/LambdaForm$MH
instanceKlass java/lang/invoke/LambdaForm$MH
instanceKlass java/lang/invoke/LambdaForm$MH
instanceKlass java/lang/invoke/LambdaForm$MH
instanceKlass java/lang/invoke/LambdaForm$MH
instanceKlass java/lang/invoke/LambdaForm$MH
instanceKlass java/lang/invoke/LambdaForm$MH
instanceKlass java/lang/invoke/LambdaForm$MH
instanceKlass java/lang/invoke/LambdaForm$MH
instanceKlass java/lang/invoke/LambdaForm$MH
instanceKlass java/lang/invoke/LambdaForm$MH
instanceKlass java/lang/invoke/LambdaForm$MH
instanceKlass java/lang/invoke/LambdaForm$MH
instanceKlass java/lang/invoke/LambdaForm$MH
instanceKlass java/lang/invoke/LambdaForm$MH
instanceKlass java/lang/invoke/LambdaForm$MH
instanceKlass java/lang/invoke/LambdaForm$MH
instanceKlass net/runelite/client/plugins/hiscore/HiscorePanel$$Lambda$613
instanceKlass javax/accessibility/AccessibleRelationSet
instanceKlass javax/accessibility/AccessibleContext$1
instanceKlass sun/awt/AWTAccessor$AccessibleContextAccessor
instanceKlass javax/accessibility/AccessibleComponent
instanceKlass java/awt/image/FilteredImageSource
instanceKlass net/runelite/client/plugins/hiscore/HiscorePlugin$$Lambda$612
instanceKlass net/runelite/client/plugins/hiscore/HiscorePlugin$$Lambda$611
instanceKlass net/runelite/client/plugins/hiscore/HiscorePlugin$$Lambda$610
instanceKlass net/runelite/client/plugins/hiscore/HiscorePlugin$$Lambda$609
instanceKlass net/runelite/client/plugins/hiscore/HiscorePlugin$$Lambda$608
instanceKlass net/runelite/client/plugins/hiscore/HiscorePlugin$$Lambda$607
instanceKlass net/runelite/client/ui/ClientToolbar$$Lambda$606
instanceKlass java/util/stream/SortedOps$RefSortingSink$$Lambda$605
instanceKlass java/util/stream/SortedOps
instanceKlass net/runelite/client/plugins/hiscore/HiscorePanel$$Lambda$604
instanceKlass net/runelite/client/plugins/hiscore/HiscorePanel$$Lambda$603
instanceKlass net/runelite/client/plugins/hiscore/HiscorePanel$$Lambda$602
instanceKlass net/runelite/client/plugins/hiscore/HiscorePanel$$Lambda$601
instanceKlass net/runelite/client/plugins/hiscore/HiscorePanel$$Lambda$600
instanceKlass java/lang/invoke/LambdaForm$MH
instanceKlass java/lang/invoke/LambdaForm$DMH
instanceKlass sun/awt/image/ImageWatched$WeakLink$$Lambda$599
instanceKlass java/lang/invoke/LambdaForm$DMH
instanceKlass sun/awt/image/ImageDecoder
instanceKlass sun/awt/image/ImageFetcher$1
instanceKlass sun/awt/image/FetcherInfo
instanceKlass sun/awt/image/ImageConsumerQueue
instanceKlass sun/awt/image/ImageWatched$Link
instanceKlass sun/awt/image/ImageWatched
instanceKlass sun/awt/image/InputStreamImageSource
instanceKlass sun/awt/image/ImageFetchable
instanceKlass javax/swing/text/Segment
instanceKlass net/runelite/client/ui/components/IconTextField$4
instanceKlass net/runelite/client/ui/components/IconTextField$$Lambda$598
instanceKlass java/lang/invoke/LambdaForm$DMH
instanceKlass com/formdev/flatlaf/ui/FlatPopupMenuUI$$Lambda$597
instanceKlass com/formdev/flatlaf/ui/FlatPopupMenuUI$$Lambda$596
instanceKlass javax/swing/plaf/basic/BasicPopupMenuUI$MenuKeyboardHelper
instanceKlass javax/swing/plaf/basic/BasicPopupMenuUI$MouseGrabber
instanceKlass javax/swing/plaf/basic/BasicPopupMenuUI$BasicMenuKeyListener
instanceKlass javax/swing/plaf/basic/BasicPopupMenuUI$BasicPopupMenuListener
instanceKlass javax/swing/plaf/basic/BasicLookAndFeel$1
instanceKlass java/awt/Toolkit$SelectiveAWTEventListener
instanceKlass javax/swing/plaf/basic/BasicLookAndFeel$AWTEventHelper
instanceKlass javax/swing/JList$ListSelectionHandler
instanceKlass net/runelite/client/ui/components/IconTextField$$Lambda$595
instanceKlass com/formdev/flatlaf/ui/FlatListUI$$Lambda$594
instanceKlass com/formdev/flatlaf/ui/FlatListUI$$Lambda$593
instanceKlass com/formdev/flatlaf/ui/FlatListUI$$Lambda$592
instanceKlass javax/swing/plaf/basic/BasicListUI$Handler
instanceKlass javax/swing/event/ListSelectionListener
instanceKlass javax/swing/plaf/basic/BasicListUI$FocusHandler
instanceKlass javax/swing/DefaultListSelectionModel
instanceKlass javax/swing/ListSelectionModel
instanceKlass net/runelite/client/ui/components/IconTextField$2
instanceKlass net/runelite/client/ui/components/IconTextField$$Lambda$591
instanceKlass javax/swing/JTextField$ScrollRepainter
instanceKlass com/formdev/flatlaf/ui/FlatTextFieldUI$$Lambda$590
instanceKlass javax/swing/plaf/synth/SynthUI
instanceKlass javax/swing/plaf/synth/SynthConstants
instanceKlass javax/swing/text/JTextComponent$DefaultKeymap
instanceKlass javax/swing/text/Keymap
instanceKlass com/formdev/flatlaf/ui/FlatUIUtils$RepaintFocusListener
instanceKlass javax/swing/text/PlainView$2
instanceKlass javax/swing/text/PlainView$1
instanceKlass javax/swing/text/PlainView$FPMethodItem
instanceKlass javax/swing/text/TabExpander
instanceKlass javax/swing/text/GapContent$StickyPosition
instanceKlass javax/swing/text/Position
instanceKlass javax/swing/text/AbstractDocument$1
instanceKlass javax/swing/text/AbstractDocument$AbstractElement
instanceKlass javax/swing/text/Element
instanceKlass javax/swing/text/GapVector
instanceKlass javax/swing/text/AbstractDocument$Content
instanceKlass javax/swing/text/AbstractDocument
instanceKlass javax/swing/TransferHandler$TransferSupport
instanceKlass javax/swing/TransferHandler$DropHandler
instanceKlass java/awt/datatransfer/SystemFlavorMap$SoftCache
instanceKlass java/awt/datatransfer/SystemFlavorMap$$Lambda$589
instanceKlass java/awt/datatransfer/DataFlavor
instanceKlass sun/awt/datatransfer/DesktopDatatransferServiceImpl
instanceKlass sun/datatransfer/DataFlavorUtil$DefaultDesktopDatatransferService
instanceKlass sun/datatransfer/DesktopDatatransferService
instanceKlass sun/datatransfer/DataFlavorUtil
instanceKlass java/awt/datatransfer/SystemFlavorMap
instanceKlass java/awt/datatransfer/FlavorTable
instanceKlass java/awt/datatransfer/FlavorMap
instanceKlass java/awt/dnd/DropTargetContext$1
instanceKlass sun/awt/AWTAccessor$DropTargetContextAccessor
instanceKlass java/awt/dnd/DropTargetContext
instanceKlass javax/swing/ClientPropertyKey$1
instanceKlass sun/awt/AWTAccessor$ClientPropertyKeyAccessor
instanceKlass javax/swing/text/DefaultHighlighter$SafeDamager
instanceKlass javax/swing/text/Highlighter$Highlight
instanceKlass javax/swing/text/LayeredHighlighter
instanceKlass javax/swing/text/Highlighter
instanceKlass javax/swing/text/DefaultCaret$Handler
instanceKlass java/awt/datatransfer/ClipboardOwner
instanceKlass java/lang/invoke/LambdaForm$DMH
instanceKlass javax/swing/event/MouseInputListener
instanceKlass javax/swing/plaf/basic/DragRecognitionSupport$BeforeDrag
instanceKlass javax/swing/plaf/basic/BasicTextUI$UpdateHandler
instanceKlass javax/swing/text/Caret
instanceKlass com/sun/beans/util/Cache$CacheEntry
instanceKlass com/sun/beans/util/Cache
instanceKlass javax/swing/text/JTextComponent$1
instanceKlass sun/swing/SwingAccessor$JTextComponentAccessor
instanceKlass com/formdev/flatlaf/ui/FlatLabelUI$$Lambda$588
instanceKlass com/formdev/flatlaf/ui/FlatLabelUI$$Lambda$587
instanceKlass javax/swing/AbstractListModel
instanceKlass javax/swing/text/Document
instanceKlass javax/swing/ListModel
instanceKlass java/awt/GridBagConstraints
instanceKlass java/awt/GridBagLayout
instanceKlass javax/swing/BorderFactory
instanceKlass com/formdev/flatlaf/ui/FlatScrollPaneUI$$Lambda$586
instanceKlass com/formdev/flatlaf/ui/FlatScrollPaneUI$Handler
instanceKlass com/formdev/flatlaf/ui/FlatScrollPaneUI$$Lambda$585
instanceKlass com/formdev/flatlaf/ui/FlatScrollPaneUI$$Lambda$584
instanceKlass javax/swing/plaf/basic/BasicScrollPaneUI$Handler
instanceKlass com/formdev/flatlaf/ui/FlatScrollBarUI$$Lambda$583
instanceKlass javax/swing/plaf/basic/BasicScrollBarUI$ScrollListener
instanceKlass com/formdev/flatlaf/ui/FlatScrollBarUI$$Lambda$582
instanceKlass javax/swing/plaf/basic/BasicScrollBarUI$Handler
instanceKlass javax/swing/plaf/basic/BasicScrollBarUI$ModelListener
instanceKlass com/formdev/flatlaf/ui/FlatStylingSupport$StyleableLookupProvider
instanceKlass javax/swing/JScrollBar$ModelListener
instanceKlass java/awt/Adjustable
instanceKlass com/formdev/flatlaf/ui/FlatViewportUI$$Lambda$581
instanceKlass javax/swing/ViewportLayout
instanceKlass javax/swing/ScrollPaneLayout
instanceKlass net/runelite/client/hiscore/Skill
instanceKlass net/runelite/client/plugins/PluginManager$$Lambda$580
instanceKlass net/runelite/client/plugins/PluginManager$$Lambda$579
instanceKlass net/runelite/client/ui/overlay/OverlayManager$$Lambda$578
instanceKlass net/runelite/client/ui/overlay/OverlayManager$$Lambda$577
instanceKlass java/lang/invoke/LambdaForm$DMH
instanceKlass net/runelite/client/config/ConfigManager$$Lambda$576
instanceKlass net/runelite/client/config/ConfigManager$$Lambda$575
instanceKlass net/runelite/client/config/ConfigManager$$Lambda$574
instanceKlass net/runelite/client/config/ConfigManager$$Lambda$573
instanceKlass net/runelite/client/config/ConfigManager$$Lambda$572
instanceKlass net/runelite/client/config/ConfigManager$$Lambda$571
instanceKlass net/runelite/client/config/ConfigManager$$Lambda$570
instanceKlass net/runelite/client/ui/overlay/OverlayManager$$Lambda$569
instanceKlass net/runelite/client/ui/overlay/OverlayManager$$Lambda$568
instanceKlass net/runelite/client/externalplugins/ExternalPluginManager$$Lambda$567
instanceKlass net/runelite/client/plugins/PluginManager$$Lambda$566
instanceKlass net/runelite/client/ui/ClientUI$$Lambda$565
instanceKlass net/runelite/client/ui/ClientUI$$Lambda$564
instanceKlass net/runelite/client/discord/DiscordService$$Lambda$563
instanceKlass com/sun/jna/Structure$ByReference
instanceKlass com/sun/jna/Function$PostCallRead
instanceKlass com/sun/jna/CallbackReference$DefaultCallbackProxy
instanceKlass com/sun/jna/NativeString
instanceKlass com/sun/jna/Library$Handler$FunctionInfo
instanceKlass com/sun/jna/VarArgsChecker
instanceKlass java/lang/reflect/AnnotatedType
instanceKlass com/sun/jna/internal/ReflectionUtils
instanceKlass net/runelite/client/discord/DiscordService$$Lambda$562
instanceKlass net/runelite/client/discord/DiscordService$$Lambda$561
instanceKlass net/runelite/client/discord/DiscordService$$Lambda$560
instanceKlass net/runelite/client/discord/DiscordService$$Lambda$559
instanceKlass net/runelite/client/discord/DiscordService$$Lambda$558
instanceKlass net/runelite/client/discord/DiscordService$$Lambda$557
instanceKlass com/sun/jna/WeakMemoryHolder
instanceKlass com/sun/jna/Structure$StructField
instanceKlass com/sun/jna/Structure$LayoutInfo
instanceKlass com/sun/jna/Native$Buffers
instanceKlass com/sun/jna/TypeMapper
instanceKlass net/runelite/discord/DiscordEventHandlers$OnJoinRequest
instanceKlass net/runelite/discord/DiscordEventHandlers$OnGameUpdate
instanceKlass net/runelite/discord/DiscordEventHandlers$OnStatus
instanceKlass net/runelite/discord/DiscordEventHandlers$OnReady
instanceKlass net/runelite/client/util/WinUtil
instanceKlass net/runelite/client/ui/DynamicGridLayout$$Lambda$556
instanceKlass javax/swing/SizeRequirements
instanceKlass net/runelite/client/ui/ClientUI$Layout$$Lambda$555
instanceKlass com/formdev/flatlaf/ui/FlatNativeWindowsLibrary
instanceKlass net/runelite/client/ui/DynamicGridLayout$$Lambda$554
instanceKlass java/util/TreeMap$NavigableSubMap$SubMapIterator
instanceKlass net/runelite/client/ui/ClientToolbarPanel$$Lambda$553
instanceKlass com/formdev/flatlaf/ui/FlatButtonUI$$Lambda$552
instanceKlass com/formdev/flatlaf/ui/FlatStylingSupport$StyleableBorder
instanceKlass net/runelite/client/ui/laf/RuneLiteButtonUI$$Lambda$551
instanceKlass net/runelite/client/ui/ClientUI$$Lambda$550
instanceKlass net/runelite/client/ui/NavigationButton$NavigationButtonBuilder
instanceKlass net/runelite/client/ui/ClientUI$$Lambda$549
instanceKlass com/formdev/flatlaf/FlatClientProperties
instanceKlass javax/swing/KeyboardManager$ComponentKeyStrokePair
instanceKlass com/formdev/flatlaf/ui/FlatMenuBarUI$$Lambda$548
instanceKlass javax/swing/KeyboardManager
instanceKlass com/formdev/flatlaf/ui/FlatStylingSupport$$Lambda$547
instanceKlass com/formdev/flatlaf/ui/FlatMenuBarUI$$Lambda$546
instanceKlass javax/swing/plaf/basic/BasicMenuBarUI$Handler
instanceKlass javax/swing/BoxLayout
instanceKlass net/runelite/client/ui/ClientUI$6
instanceKlass net/runelite/client/ui/ClientUI$$Lambda$545
instanceKlass net/runelite/client/ui/ClientUI$$Lambda$544
instanceKlass net/runelite/client/ui/ClientUI$$Lambda$543
instanceKlass net/runelite/client/ui/ClientUI$$Lambda$542
instanceKlass com/formdev/flatlaf/ui/FlatStylingSupport$StyleableFields
instanceKlass com/formdev/flatlaf/ui/FlatStylingSupport$StyleableField
instanceKlass com/formdev/flatlaf/ui/FlatStylingSupport$Styleable
instanceKlass com/formdev/flatlaf/ui/FlatStylingSupport$$Lambda$541
instanceKlass com/formdev/flatlaf/FlatLaf$$Lambda$540
instanceKlass com/formdev/flatlaf/ui/FlatTabbedPaneUI$Handler$$Lambda$539
instanceKlass com/formdev/flatlaf/ui/FlatTabbedPaneUI$$Lambda$538
instanceKlass java/lang/invoke/LambdaForm$DMH
instanceKlass com/formdev/flatlaf/ui/FlatTabbedPaneUI$FlatSelectedTabRepainter
instanceKlass sun/swing/UIAction
instanceKlass javax/swing/text/View
instanceKlass com/formdev/flatlaf/ui/FlatTabbedPaneUI$RunWithOriginalLayoutManagerDelegateAction
instanceKlass net/runelite/client/ui/laf/RuneLiteTabbedPaneUI$1
instanceKlass javax/swing/plaf/basic/BasicTabbedPaneUI$Handler
instanceKlass com/formdev/flatlaf/ui/FlatTabbedPaneUI$Handler$$Lambda$537
instanceKlass com/formdev/flatlaf/ui/FlatTabbedPaneUI$Handler
instanceKlass com/formdev/flatlaf/ui/MigLayoutVisualPadding
instanceKlass com/formdev/flatlaf/icons/FlatAbstractIcon
instanceKlass javax/swing/plaf/basic/BasicTabbedPaneUI$TabbedPaneLayout
instanceKlass javax/swing/event/PopupMenuListener
instanceKlass javax/swing/JTabbedPane$ModelListener
instanceKlass javax/swing/DefaultSingleSelectionModel
instanceKlass javax/swing/SingleSelectionModel
instanceKlass net/runelite/client/ui/ClientUI$Layout
instanceKlass java/awt/event/WindowAdapter
instanceKlass com/formdev/flatlaf/ui/FlatNativeWindowBorder$$Lambda$536
instanceKlass com/formdev/flatlaf/util/NativeLibrary$$Lambda$535
instanceKlass com/formdev/flatlaf/util/NativeLibrary
instanceKlass com/formdev/flatlaf/ui/FlatNativeLibrary
instanceKlass com/formdev/flatlaf/ui/FlatWindowsNativeWindowBorder
instanceKlass com/formdev/flatlaf/ui/FlatNativeWindowBorder$Provider
instanceKlass com/formdev/flatlaf/ui/FlatNativeWindowBorder
instanceKlass com/formdev/flatlaf/ui/FlatRootPaneUI$$Lambda$534
instanceKlass com/formdev/flatlaf/ui/FlatWindowResizer
instanceKlass com/formdev/flatlaf/ui/FlatPanelUI$$Lambda$533
instanceKlass com/formdev/flatlaf/FlatLaf$ActiveFont$$Lambda$532
instanceKlass com/formdev/flatlaf/ui/FlatUIUtils$$Lambda$531
instanceKlass com/formdev/flatlaf/ui/FlatUIUtils$$Lambda$530
instanceKlass com/formdev/flatlaf/ui/FlatPanelUI$$Lambda$529
instanceKlass com/formdev/flatlaf/ui/FlatStylingSupport
instanceKlass com/formdev/flatlaf/ui/FlatUIUtils
instanceKlass sun/reflect/misc/Trampoline
instanceKlass sun/reflect/misc/MethodUtil$1
instanceKlass com/formdev/flatlaf/ui/FlatStylingSupport$StyleableUI
instanceKlass javax/swing/text/html/CSS$ShorthandMarginParser
instanceKlass javax/swing/text/StyleContext$KeyEnumeration
instanceKlass javax/swing/text/html/CSS$LengthUnit
instanceKlass javax/swing/text/html/CSSParser
instanceKlass javax/swing/text/html/StyleSheet$CssParser
instanceKlass javax/swing/text/html/CSSParser$CSSParserCallback
instanceKlass javax/swing/text/html/HTMLEditorKit$1
instanceKlass javax/swing/text/html/StyleSheet$SelectorMapping
instanceKlass javax/swing/text/html/CSS$CssValue
instanceKlass javax/swing/text/html/CSS$Value
instanceKlass javax/swing/text/html/CSS$Attribute
instanceKlass javax/swing/text/html/CSS
instanceKlass javax/swing/text/Position$Bias
instanceKlass javax/swing/text/StyledEditorKit$AttributeTracker
instanceKlass javax/swing/text/html/HTML$Attribute
instanceKlass javax/swing/text/html/HTML
instanceKlass javax/swing/text/html/HTML$Tag
instanceKlass javax/swing/text/LayeredHighlighter$LayerPainter
instanceKlass javax/swing/text/Highlighter$HighlightPainter
instanceKlass javax/swing/event/CaretListener
instanceKlass javax/swing/text/html/HTMLEditorKit$HTMLFactory
instanceKlass javax/swing/text/StyledEditorKit$StyledViewFactory
instanceKlass javax/swing/text/ViewFactory
instanceKlass javax/swing/AbstractAction
instanceKlass javax/swing/text/EditorKit
instanceKlass com/formdev/flatlaf/FlatLaf$$Lambda$528
instanceKlass com/formdev/flatlaf/FlatSystemProperties
instanceKlass com/formdev/flatlaf/util/UIScale
instanceKlass com/formdev/flatlaf/util/FontUtils
instanceKlass com/formdev/flatlaf/UIDefaultsLoader$$Lambda$527
instanceKlass com/formdev/flatlaf/UIDefaultsLoader$$Lambda$526
instanceKlass java/lang/invoke/LambdaForm$MH
instanceKlass java/lang/invoke/LambdaForm$DMH
instanceKlass com/formdev/flatlaf/UIDefaultsLoader$$Lambda$525
instanceKlass java/lang/invoke/LambdaForm$DMH
instanceKlass com/formdev/flatlaf/UIDefaultsLoader$$Lambda$524
instanceKlass com/formdev/flatlaf/UIDefaultsLoader$$Lambda$523
instanceKlass com/formdev/flatlaf/UIDefaultsLoader$$Lambda$522
instanceKlass java/lang/invoke/LambdaForm$MH
instanceKlass java/lang/invoke/LambdaForm$DMH
instanceKlass java/lang/invoke/LambdaForm$DMH
instanceKlass com/formdev/flatlaf/UIDefaultsLoader$$Lambda$521
instanceKlass java/lang/invoke/LambdaForm$DMH
instanceKlass com/formdev/flatlaf/util/ColorFunctions$HSLChange
instanceKlass com/formdev/flatlaf/util/ColorFunctions$Fade
instanceKlass com/formdev/flatlaf/UIDefaultsLoader$$Lambda$520
instanceKlass com/formdev/flatlaf/util/HSLColor
instanceKlass com/formdev/flatlaf/util/ColorFunctions$Mix
instanceKlass com/formdev/flatlaf/util/ColorFunctions
instanceKlass com/formdev/flatlaf/util/ColorFunctions$HSLIncreaseDecrease
instanceKlass com/formdev/flatlaf/UIDefaultsLoader$1
instanceKlass com/formdev/flatlaf/UIDefaultsLoader$$Lambda$519
instanceKlass com/formdev/flatlaf/UIDefaultsLoader$$Lambda$518
instanceKlass com/formdev/flatlaf/util/SoftCache
instanceKlass com/formdev/flatlaf/util/ColorFunctions$ColorFunction
instanceKlass com/formdev/flatlaf/UIDefaultsLoader
instanceKlass com/formdev/flatlaf/FlatLaf$$Lambda$517
instanceKlass com/formdev/flatlaf/FlatDefaultsAddon
instanceKlass com/formdev/flatlaf/FlatInputMaps$LazyInputMapEx
instanceKlass com/formdev/flatlaf/FlatInputMaps$$Lambda$516
instanceKlass com/formdev/flatlaf/FlatInputMaps$LazyModifyInputMap
instanceKlass com/formdev/flatlaf/FlatInputMaps
instanceKlass com/formdev/flatlaf/FlatLaf$ActiveFont
instanceKlass java/util/ResourceBundle$Control$1
instanceKlass com/formdev/flatlaf/FlatLaf$$Lambda$515
instanceKlass com/formdev/flatlaf/FlatLaf$$Lambda$514
instanceKlass com/formdev/flatlaf/SubMenuUsabilityHelper
instanceKlass javax/swing/MenuSelectionManager
instanceKlass com/formdev/flatlaf/MnemonicHandler
instanceKlass javax/swing/Popup
instanceKlass javax/swing/PopupFactory$1
instanceKlass sun/swing/SwingAccessor$PopupFactoryAccessor
instanceKlass com/formdev/flatlaf/util/StringUtils
instanceKlass com/formdev/flatlaf/util/SystemInfo
instanceKlass java/awt/image/ImageFilter
instanceKlass javax/swing/PopupFactory
instanceKlass net/runelite/client/ui/ClientUI$$Lambda$513
instanceKlass net/runelite/client/ClientSessionManager$$Lambda$512
instanceKlass net/runelite/client/ClientSessionManager$$Lambda$511
instanceKlass java/lang/invoke/LambdaForm$MH
instanceKlass java/lang/invoke/LambdaForm$MH
instanceKlass java/lang/invoke/LambdaForm$DMH
instanceKlass java/lang/invoke/LambdaForm$MH
instanceKlass java/lang/invoke/LambdaForm$MH
instanceKlass java/lang/invoke/LambdaForm$DMH
instanceKlass com/questhelper/panel/questorders/QuestOrders$$Lambda$510
instanceKlass com/questhelper/panel/questorders/QuestOrders$$Lambda$509
instanceKlass com/questhelper/panel/questorders/QuestOrders$$Lambda$508
instanceKlass com/questhelper/panel/questorders/QuestOrders$$Lambda$507
instanceKlass com/questhelper/panel/questorders/QuestOrders$$Lambda$506
instanceKlass java/util/Comparator$$Lambda$505
instanceKlass java/lang/invoke/LambdaForm$DMH
instanceKlass com/questhelper/panel/questorders/QuestOrders$$Lambda$504
instanceKlass com/questhelper/QuestHelperConfig$QuestFilter$$Lambda$503
instanceKlass com/questhelper/QuestHelperConfig$QuestFilter$$Lambda$502
instanceKlass com/questhelper/QuestHelperConfig$QuestFilter$$Lambda$501
instanceKlass com/questhelper/QuestHelperConfig$QuestFilter$$Lambda$500
instanceKlass com/questhelper/QuestHelperConfig$QuestFilter$$Lambda$499
instanceKlass org/apache/commons/lang3/StringUtils
instanceKlass org/apache/commons/text/WordUtils
instanceKlass com/questhelper/QuestHelperConfig$QuestFilter$$Lambda$498
instanceKlass com/questhelper/panel/questorders/QuestOrders$$Lambda$497
instanceKlass com/questhelper/panel/questorders/QuestOrders
instanceKlass net/runelite/http/api/gson/ColorTypeAdapter$1
instanceKlass net/runelite/client/plugins/xptracker/XpPanelLabel$$Lambda$496
instanceKlass net/runelite/client/plugins/xptracker/XpPanelLabel$$Lambda$495
instanceKlass net/runelite/client/plugins/xptracker/XpPanelLabel$$Lambda$494
instanceKlass net/runelite/client/plugins/xptracker/XpPanelLabel$$Lambda$493
instanceKlass net/runelite/client/plugins/xptracker/XpPanelLabel$$Lambda$492
instanceKlass net/runelite/client/plugins/xptracker/XpPanelLabel$$Lambda$491
instanceKlass net/runelite/client/plugins/xptracker/XpPanelLabel$$Lambda$490
instanceKlass net/runelite/client/plugins/xptracker/XpProgressBarLabel$$Lambda$489
instanceKlass net/runelite/client/plugins/xptracker/XpProgressBarLabel$$Lambda$488
instanceKlass net/runelite/client/plugins/xptracker/XpProgressBarLabel$$Lambda$487
instanceKlass net/runelite/client/plugins/grounditems/Lootbeam$Style$$Lambda$486
instanceKlass net/runelite/client/plugins/grounditems/Lootbeam$$Lambda$485
instanceKlass net/runelite/client/plugins/grounditems/Lootbeam$Style$$Lambda$484
instanceKlass net/runelite/client/config/NotificationSerializer
instanceKlass java/lang/invoke/LambdaForm$MH
instanceKlass java/lang/invoke/LambdaForm$DMH
instanceKlass net/runelite/client/config/FontTypeSerializer
instanceKlass net/runelite/client/config/Units
instanceKlass net/runelite/client/config/Alpha
instanceKlass com/google/common/collect/CollectSpliterators$1$$Lambda$483
instanceKlass net/runelite/client/config/Keybind$$Lambda$482
instanceKlass com/google/common/collect/CollectSpliterators$1
instanceKlass com/google/common/collect/CollectSpliterators
instanceKlass com/google/common/collect/ImmutableMap$$Lambda$481
instanceKlass net/runelite/client/plugins/PluginManager$$Lambda$480
instanceKlass com/mycombatlevel/ExampleConfig
instanceKlass com/github/m0bilebtw/SkillsTabProgressBarsConfig
instanceKlass com/github/m0bilebtw/SkillBarWidgetGrouping
instanceKlass net/runelite/client/util/ReflectUtil$PrivateLookupHelper
instanceKlass com/visualmetronome/VisualMetronomeConfig
instanceKlass net/runelite/client/util/ReflectUtil$PrivateLookupHelper
instanceKlass com/chatwidgets/model/WidgetMessage
instanceKlass com/chatwidgets/overlay/OverlayConfig
instanceKlass com/chatwidgets/ChatWidgetConfig
instanceKlass com/chatwidgets/ChatMessageFilter
instanceKlass com/chatwidgets/model/MessageMergeRule
instanceKlass net/runelite/client/util/ReflectUtil$PrivateLookupHelper
instanceKlass com/banktaglayouts/VersionNumber
instanceKlass com/banktaglayouts/BankTagLayoutsPlugin$FakeItem
instanceKlass com/banktaglayouts/BankTagLayoutsPlugin$functionalinterfacetrashname
instanceKlass com/banktaglayouts/Layout
instanceKlass com/banktaglayouts/BankTagLayoutsPlugin$LayoutableThing
instanceKlass com/banktaglayouts/UsedToBeReflection
instanceKlass com/banktaglayouts/BankTagLayoutsConfig
instanceKlass com/banktaglayouts/LayoutGenerator
instanceKlass com/banktaglayouts/AntiDragPluginUtil
instanceKlass com/banktaglayouts/BankTagLayoutsPlugin$$Lambda$479
instanceKlass net/runelite/client/util/ReflectUtil$PrivateLookupHelper
instanceKlass com/pktracker/KillEntry
instanceKlass com/pktracker/KillEntry$LootItem
instanceKlass com/pktracker/OpponentStats
instanceKlass com/pktracker/PkTrackerConfig
instanceKlass net/runelite/client/util/ReflectUtil$PrivateLookupHelper
instanceKlass com/noexamine/NoExamineConfig
instanceKlass net/runelite/client/util/ReflectUtil$PrivateLookupHelper
instanceKlass com/questhelper/steps/choice/WidgetChoiceSteps
instanceKlass com/questhelper/steps/choice/DialogChoiceSteps
instanceKlass com/questhelper/steps/choice/WidgetChoiceStep
instanceKlass com/questhelper/helpers/activities/charting/ChartingTaskInterface
instanceKlass com/questhelper/helpers/mischelpers/farmruns/FarmingUtils$PlantableItem
instanceKlass com/questhelper/helpers/mischelpers/farmruns/FarmingUtils$ConfigEnum
instanceKlass com/questhelper/helpers/quests/thepathofglouphrie/sections/TheWarpedDepths
instanceKlass com/questhelper/helpers/quests/thepathofglouphrie/sections/FindLongramble
instanceKlass com/questhelper/helpers/quests/thepathofglouphrie/sections/InformKingBolren
instanceKlass com/questhelper/helpers/quests/thepathofglouphrie/sections/UnveilEvil
instanceKlass com/questhelper/helpers/quests/thepathofglouphrie/sections/StartingOff
instanceKlass com/questhelper/steps/widget/Spell
instanceKlass com/questhelper/steps/OwnerStep
instanceKlass on
instanceKlass je
instanceKlass ln
instanceKlass kv
instanceKlass net/runelite/api/events/PostItemComposition
instanceKlass pb
instanceKlass com/questhelper/runeliteobjects/extendedruneliteobjects/RuneliteObjectManager$$Lambda$478
instanceKlass sun/invoke/util/VerifyAccess$1
instanceKlass com/questhelper/runeliteobjects/extendedruneliteobjects/QuestCompletedWidget
instanceKlass com/questhelper/requirements/zone/Zone
instanceKlass com/questhelper/steps/QuestStep
instanceKlass com/questhelper/bank/banktab/Potion
instanceKlass com/questhelper/bank/banktab/QuestGrandExchangeInterface
instanceKlass com/questhelper/bank/banktab/BankTabItem
instanceKlass com/questhelper/panel/PanelDetails
instanceKlass com/questhelper/bank/banktab/BankTabItems
instanceKlass com/questhelper/requirements/AbstractRequirement
instanceKlass com/questhelper/requirements/Requirement
instanceKlass ob
instanceKlass com/questhelper/bank/QuestBankData
instanceKlass com/questhelper/bank/banktab/QuestBankTab
instanceKlass com/questhelper/bank/banktab/QuestHelperBankTagService
instanceKlass com/questhelper/bank/QuestBank
instanceKlass net/runelite/client/game/ChatIconManager$$Lambda$477
instanceKlass java/lang/invoke/LambdaForm$MH
instanceKlass java/lang/invoke/LambdaForm$DMH
instanceKlass java/lang/invoke/LambdaForm$DMH
instanceKlass net/runelite/client/game/SpriteManager$$Lambda$476
instanceKlass net/runelite/client/game/ChatIconManager$$Lambda$475
instanceKlass java/lang/invoke/LambdaForm$DMH
instanceKlass com/questhelper/runeliteobjects/extendedruneliteobjects/actions/Action
instanceKlass java/util/DualPivotQuicksort
instanceKlass com/questhelper/runeliteobjects/extendedruneliteobjects/ExtendedRuneliteObjects
instanceKlass com/questhelper/runeliteobjects/extendedruneliteobjects/ExtendedRuneliteObject
instanceKlass com/questhelper/questhelpers/QuestHelper
instanceKlass com/questhelper/questhelpers/QuestDebugRenderer
instanceKlass com/questhelper/bank/banktab/QuestBankTabInterface
instanceKlass com/questhelper/bank/banktab/PotionStorage
instanceKlass com/questhelper/statemanagement/PlayerStateManager
instanceKlass com/questhelper/managers/NewVersionManager
instanceKlass com/questhelper/managers/QuestMenuHandler
instanceKlass com/questhelper/util/worldmap/WorldMapAreaManager
instanceKlass com/questhelper/managers/QuestManager
instanceKlass com/questhelper/managers/QuestBankManager
instanceKlass com/questhelper/managers/QuestOverlayManager
instanceKlass com/questhelper/runeliteobjects/extendedruneliteobjects/RuneliteObjectManager
instanceKlass com/questhelper/QuestHelperConfig
instanceKlass net/runelite/client/util/ReflectUtil$PrivateLookupHelper
instanceKlass at/nightfirec/wildernesslines/WildernessLinesConfig
instanceKlass gk
instanceKlass if
instanceKlass ml
instanceKlass sun/awt/geom/Edge
instanceKlass sun/awt/geom/ChainEnd
instanceKlass sun/awt/geom/CurveLink
instanceKlass sun/awt/geom/AreaOp$1
instanceKlass sun/awt/geom/AreaOp
instanceKlass sun/awt/geom/Curve
instanceKlass java/awt/geom/RectIterator
instanceKlass qh
instanceKlass net/runelite/client/util/ReflectUtil$PrivateLookupHelper
instanceKlass gq
instanceKlass ka
instanceKlass su
instanceKlass com/WildernessPlayerAlarm/WildernessPlayerAlarmConfig
instanceKlass com/WildernessPlayerAlarm/SafeZoneHelper$Edge
instanceKlass com/WildernessPlayerAlarm/SafeZoneHelper
instanceKlass com/google/common/base/Splitter$3
instanceKlass ni
instanceKlass com/google/common/base/CommonMatcher
instanceKlass net/runelite/client/util/ReflectUtil$PrivateLookupHelper
instanceKlass io/github/deathbeam/plugins/fixedhidechat/FixedHideChatConfig
instanceKlass sun/awt/image/OffScreenImageSource
instanceKlass java/awt/image/PixelGrabber
instanceKlass java/awt/image/ImageConsumer
instanceKlass net/runelite/client/util/ReflectUtil$PrivateLookupHelper
instanceKlass com/sun/imageio/plugins/jpeg/JPEG$JCS
instanceKlass com/sun/imageio/plugins/jpeg/ImageTypeIterator
instanceKlass com/sun/imageio/plugins/jpeg/ImageTypeProducer
instanceKlass com/sun/imageio/plugins/jpeg/JPEGImageReader$JPEGReaderDisposerRecord
instanceKlass com/sun/imageio/plugins/jpeg/JPEGImageReader$CallBackLock
instanceKlass shortestpath/DebugOverlayPanel$SeparatorLine
instanceKlass javax/imageio/plugins/jpeg/JPEGHuffmanTable
instanceKlass javax/imageio/plugins/jpeg/JPEGQTable
instanceKlass com/sun/imageio/plugins/jpeg/JPEGImageReader$1
instanceKlass shortestpath/transport/Transport
instanceKlass java/awt/Polygon
instanceKlass qp
instanceKlass shortestpath/PrimitiveIntHashMap
instanceKlass net/runelite/api/events/UsernameChanged
instanceKlass shortestpath/pathfinder/PathStep
instanceKlass net/runelite/client/events/PluginMessage
instanceKlass shortestpath/pathfinder/CollisionMap
instanceKlass jf
instanceKlass jb
instanceKlass shortestpath/pathfinder/PathfinderConfig
instanceKlass shortestpath/pathfinder/Pathfinder
instanceKlass shortestpath/ShortestPathConfig
instanceKlass hj
instanceKlass hr
instanceKlass hg
instanceKlass shortestpath/ShortestPathPlugin$1
instanceKlass shortestpath/WorldPointUtil
instanceKlass wh
instanceKlass he
instanceKlass net/runelite/client/util/ReflectUtil$PrivateLookupHelper
instanceKlass com/tilepacks/FilterManager
instanceKlass com/tilepacks/TilePackConfigManager
instanceKlass com/tilepacks/PointManager
instanceKlass com/tilepacks/TilePackManager
instanceKlass com/tilepacks/TilePacksConfig
instanceKlass java/net/URLClassLoader$1
instanceKlass net/runelite/client/externalplugins/ExternalPluginManager$$Lambda$474
instanceKlass net/runelite/client/util/ReflectUtil$PrivateLookupHelper
instanceKlass net/runelite/client/util/ReflectUtil$PrivateLookupHelper
instanceKlass java/net/URLClassLoader$2
instanceKlass java/net/URLClassLoader$7
instanceKlass jdk/internal/misc/JavaNetURLClassLoaderAccess
instanceKlass java/util/stream/ReduceOps$5ReducingSink
instanceKlass java/util/stream/Sink$OfInt
instanceKlass lf
instanceKlass java/util/stream/IntPipeline$$Lambda$473
instanceKlass java/util/function/IntBinaryOperator
instanceKlass net/runelite/client/externalplugins/ExternalPluginManager$$Lambda$472
instanceKlass lr
instanceKlass java/lang/invoke/LambdaForm$DMH
instanceKlass pp
instanceKlass dk
instanceKlass net/runelite/client/externalplugins/PluginHubManifest
instanceKlass com/google/common/hash/HashCode
instanceKlass com/google/common/io/ByteArrayDataOutput
instanceKlass com/google/common/io/ByteArrayDataInput
instanceKlass com/google/common/io/ByteStreams
instanceKlass com/google/common/io/Closer$SuppressingSuppressor
instanceKlass com/google/common/io/Closer$Suppressor
instanceKlass com/google/common/io/Closer
instanceKlass com/google/common/hash/Funnel
instanceKlass com/google/common/hash/Funnels
instanceKlass com/google/common/hash/AbstractHasher
instanceKlass com/google/common/hash/Hasher
instanceKlass com/google/common/hash/AbstractHashFunction
instanceKlass com/google/common/hash/Hashing$Sha256Holder
instanceKlass com/google/common/hash/HashFunction
instanceKlass com/google/common/hash/Hashing
instanceKlass fz
instanceKlass com/google/common/io/CharSource
instanceKlass com/google/common/hash/PrimitiveSink
instanceKlass com/google/common/io/LineProcessor
instanceKlass com/google/common/io/ByteSource
instanceKlass com/google/common/io/ByteSink
instanceKlass com/google/common/collect/TreeTraverser
instanceKlass com/google/common/io/Files
instanceKlass fr
instanceKlass com/google/common/collect/CollectCollectors$$Lambda$471
instanceKlass com/google/common/collect/CollectCollectors$$Lambda$470
instanceKlass com/google/common/collect/CollectCollectors$$Lambda$469
instanceKlass com/google/common/collect/CollectCollectors$$Lambda$468
instanceKlass com/google/common/collect/CollectCollectors$$Lambda$467
instanceKlass com/google/common/collect/CollectCollectors$$Lambda$466
instanceKlass com/google/common/collect/CollectCollectors$$Lambda$465
instanceKlass com/google/common/collect/RangeGwtSerializationDependencies
instanceKlass com/google/common/collect/CollectCollectors$$Lambda$464
instanceKlass com/google/common/collect/ImmutableRangeSet$Builder
instanceKlass fd
instanceKlass com/google/common/collect/AbstractRangeSet
instanceKlass com/google/common/collect/RangeSet
instanceKlass com/google/common/collect/CollectCollectors$$Lambda$463
instanceKlass com/google/common/collect/CollectCollectors$$Lambda$462
instanceKlass com/google/common/collect/CollectCollectors$$Lambda$461
instanceKlass java/lang/invoke/LambdaForm$DMH
instanceKlass com/google/common/collect/CollectCollectors$$Lambda$460
instanceKlass com/google/common/collect/CollectCollectors$$Lambda$459
instanceKlass fh
instanceKlass com/google/common/collect/CollectCollectors$$Lambda$458
instanceKlass com/google/common/collect/CollectCollectors$$Lambda$457
instanceKlass com/google/common/collect/CollectCollectors$$Lambda$456
instanceKlass com/google/common/collect/CollectCollectors
instanceKlass net/runelite/client/externalplugins/ExternalPluginManager$$Lambda$455
instanceKlass ms
instanceKlass hp
instanceKlass ce
instanceKlass ku
instanceKlass bq
instanceKlass fy
instanceKlass ol
instanceKlass pe
instanceKlass kj
instanceKlass mn
instanceKlass te
instanceKlass zb
instanceKlass yf
instanceKlass yv
instanceKlass yy
instanceKlass xn
instanceKlass ds
instanceKlass re
instanceKlass id
instanceKlass ur
instanceKlass ty
instanceKlass tu
instanceKlass ba
instanceKlass ji
instanceKlass gj
instanceKlass mr
instanceKlass vw
instanceKlass hv
instanceKlass kp
instanceKlass ne
instanceKlass jp
instanceKlass net/runelite/api/worldmap/WorldMapRegion
instanceKlass gx
instanceKlass net/runelite/api/WorldMapData
instanceKlass net/runelite/api/worldmap/WorldMapData
instanceKlass gu
instanceKlass net/runelite/api/worldmap/WorldMapRenderer
instanceKlass ot
instanceKlass kd
instanceKlass ey
instanceKlass lp
instanceKlass fp
instanceKlass net/runelite/api/AABB
instanceKlass rl13
instanceKlass cq
instanceKlass ep
instanceKlass uu
instanceKlass lb
instanceKlass rl17
instanceKlass fb
instanceKlass eq
instanceKlass eo
instanceKlass fi
instanceKlass fn
instanceKlass rl10
instanceKlass rl18
instanceKlass yu
instanceKlass zh
instanceKlass ex
instanceKlass java/lang/invoke/LambdaForm$MH
instanceKlass java/lang/invoke/LambdaForm$MH
instanceKlass java/lang/invoke/LambdaForm$MH
instanceKlass java/lang/invoke/LambdaForm$MH
instanceKlass java/lang/invoke/LambdaForm$MH
instanceKlass java/lang/invoke/LambdaForm$MH
instanceKlass java/lang/invoke/LambdaForm$MH
instanceKlass java/lang/invoke/LambdaForm$MH
instanceKlass java/lang/invoke/LambdaForm$MH
instanceKlass java/lang/invoke/LambdaForm$MH
instanceKlass java/lang/invoke/LambdaForm$MH
instanceKlass java/lang/invoke/LambdaForm$MH
instanceKlass net/runelite/client/config/Range
instanceKlass net/runelite/client/plugins/mining/MiningOverlay$$Lambda$454
instanceKlass java/awt/event/FocusAdapter
instanceKlass net/runelite/client/plugins/fishing/FishingOverlay$$Lambda$453
instanceKlass as
instanceKlass net/runelite/client/plugins/xpglobes/XpGlobesOverlay$$Lambda$452
instanceKlass cb
instanceKlass sx
instanceKlass net/runelite/client/plugins/smelting/SmeltingOverlay$$Lambda$451
instanceKlass net/runelite/client/plugins/cooking/CookingOverlay$$Lambda$450
instanceKlass net/runelite/client/plugins/agility/LapCounterOverlay$$Lambda$449
instanceKlass net/runelite/api/NpcOverrides
instanceKlass net/runelite/api/Hitsplat
instanceKlass net/runelite/client/plugins/chatcommands/ChatCommandsPlugin$HiscoreLookup
instanceKlass java/util/regex/Pattern$CharPredicate$$Lambda$448
instanceKlass java/awt/geom/Area
instanceKlass net/runelite/client/plugins/timetracking/clocks/ClockTabPanel$$Lambda$447
instanceKlass java/awt/event/KeyAdapter
instanceKlass javax/swing/event/MenuKeyListener
instanceKlass java/awt/event/MouseMotionAdapter
instanceKlass javax/swing/ToolTipManager$stillInsideTimerAction
instanceKlass javax/swing/ToolTipManager$outsideTimerAction
instanceKlass javax/swing/ToolTipManager$insideTimerAction
instanceKlass java/awt/event/MouseAdapter
instanceKlass net/runelite/client/util/SwingUtil
instanceKlass javax/swing/plaf/basic/BasicButtonListener
instanceKlass javax/swing/plaf/metal/MetalBorders
instanceKlass javax/swing/AbstractButton$Handler
instanceKlass javax/swing/DefaultButtonModel
instanceKlass javax/swing/ButtonModel
instanceKlass net/runelite/client/plugins/timetracking/clocks/ClockTabPanel$$Lambda$446
instanceKlass java/awt/GridLayout
instanceKlass java/awt/image/ConvolveOp
instanceKlass java/awt/image/AffineTransformOp
instanceKlass java/awt/image/LookupOp
instanceKlass sun/awt/image/ImagingLib$1
instanceKlass sun/awt/image/ImagingLib
instanceKlass java/awt/image/RescaleOp
instanceKlass java/awt/image/RasterOp
instanceKlass java/awt/image/BufferedImageOp
instanceKlass com/google/common/collect/ForwardingObject
instanceKlass net/runelite/client/plugins/timetracking/farming/FarmingWorld$$Lambda$445
instanceKlass net/runelite/client/plugins/timetracking/farming/FarmingWorld$$Lambda$444
instanceKlass vc
instanceKlass net/runelite/client/plugins/timetracking/farming/FarmingWorld$$Lambda$443
instanceKlass net/runelite/client/plugins/timetracking/farming/FarmingWorld$$Lambda$442
instanceKlass net/runelite/client/plugins/timetracking/farming/CompostTracker$PendingCompost
instanceKlass sun/reflect/generics/tree/FloatSignature
instanceKlass java/util/concurrent/CountDownLatch
instanceKlass net/runelite/client/plugins/gpu/GpuPlugin$SceneContext
instanceKlass net/runelite/client/plugins/gpu/GpuPlugin$RenderThread
instanceKlass org/lwjgl/opengl/GLCapabilities
instanceKlass qj
instanceKlass org/lwjgl/system/Callback
instanceKlass org/lwjgl/system/NativeResource
instanceKlass org/lwjgl/system/Pointer
instanceKlass net/runelite/rlawt/AWTContext
instanceKlass net/runelite/client/plugins/gpu/Shader$Unit
instanceKlass java/awt/CardLayout
instanceKlass javax/swing/filechooser/FileFilter
instanceKlass javax/swing/Action
instanceKlass javax/swing/GroupLayout$Spring
instanceKlass net/runelite/client/events/ExternalPluginsChanged
instanceKlass po
instanceKlass yl
instanceKlass net/runelite/client/plugins/config/NotificationPanel$NotificationOption
instanceKlass ys
instanceKlass java/beans/BeanProperty
instanceKlass javax/swing/TransferHandler
instanceKlass javax/swing/event/AncestorListener
instanceKlass javax/swing/AncestorNotifier
instanceKlass java/beans/VetoableChangeListener
instanceKlass javax/swing/TransferHandler$DropLocation
instanceKlass javax/swing/MenuElement
instanceKlass hk
instanceKlass javax/swing/InputVerifier
instanceKlass java/beans/VetoableChangeSupport
instanceKlass og
instanceKlass cu
instanceKlass javax/swing/event/ListDataListener
instanceKlass rm
instanceKlass javax/swing/JFormattedTextField$AbstractFormatterFactory
instanceKlass javax/swing/SpinnerModel
instanceKlass javax/swing/event/DocumentListener
instanceKlass javax/swing/ScrollPaneConstants
instanceKlass net/runelite/client/events/OverlayMenuClicked
instanceKlass net/runelite/api/events/PreMapLoad
instanceKlass net/runelite/api/events/FakeXpDrop
instanceKlass net/runelite/client/plugins/specialcounter/SpecialWeapon$$Lambda$441
instanceKlass net/runelite/client/plugins/specialcounter/SpecialWeapon$$Lambda$440
instanceKlass net/runelite/client/plugins/specialcounter/SpecialWeapon$$Lambda$439
instanceKlass net/runelite/client/plugins/specialcounter/SpecialWeapon$$Lambda$438
instanceKlass net/runelite/client/plugins/specialcounter/SpecialWeapon$$Lambda$437
instanceKlass net/runelite/client/plugins/specialcounter/SpecialWeapon$$Lambda$436
instanceKlass net/runelite/client/plugins/specialcounter/SpecialWeapon$$Lambda$435
instanceKlass net/runelite/client/plugins/specialcounter/SpecialWeapon$$Lambda$434
instanceKlass net/runelite/client/plugins/specialcounter/SpecialWeapon$$Lambda$433
instanceKlass net/runelite/client/plugins/specialcounter/SpecialWeapon$$Lambda$432
instanceKlass net/runelite/client/plugins/specialcounter/SpecialWeapon$$Lambda$431
instanceKlass net/runelite/client/plugins/specialcounter/SpecialWeapon$$Lambda$430
instanceKlass net/runelite/client/plugins/specialcounter/SpecialWeapon$$Lambda$429
instanceKlass net/runelite/client/plugins/specialcounter/SpecialWeapon$$Lambda$428
instanceKlass net/runelite/client/plugins/specialcounter/SpecialWeapon$$Lambda$427
instanceKlass net/runelite/client/plugins/specialcounter/SpecialWeapon$$Lambda$426
instanceKlass net/runelite/client/plugins/specialcounter/SpecialWeapon$$Lambda$425
instanceKlass net/runelite/client/plugins/specialcounter/SpecialWeapon$$Lambda$424
instanceKlass net/runelite/client/plugins/specialcounter/SpecialWeapon$$Lambda$423
instanceKlass net/runelite/client/plugins/specialcounter/SpecialWeapon$$Lambda$422
instanceKlass net/runelite/client/plugins/specialcounter/SpecialWeapon$$Lambda$421
instanceKlass net/runelite/api/coords/WorldArea
instanceKlass net/runelite/api/worldmap/WorldMapIcon
instanceKlass sun/java2d/loops/GraphicsPrimitive$GeneralBinaryOp
instanceKlass net/runelite/client/plugins/npchighlight/NpcIndicatorsPlugin$$Lambda$420
instanceKlass java/lang/invoke/LambdaForm$DMH
instanceKlass net/runelite/client/plugins/runecraft/RunecraftPlugin$$Lambda$419
instanceKlass net/runelite/client/plugins/screenshot/ScreenshotPlugin$$Lambda$418
instanceKlass net/runelite/client/plugins/cluescrolls/ClueScrollOverlay$$Lambda$417
instanceKlass net/runelite/client/plugins/banktags/tabs/TabInterface$$Lambda$416
instanceKlass java/lang/invoke/LambdaForm$DMH
instanceKlass net/runelite/client/game/chatbox/ChatboxItemSearch$$Lambda$415
instanceKlass net/runelite/client/game/chatbox/ChatboxTextInput$$Lambda$414
instanceKlass net/runelite/client/plugins/banktags/tabs/LayoutManager$DefaultLayout
instanceKlass net/runelite/client/plugins/banktags/tabs/LayoutManager$PluginAutoLayout
instanceKlass net/runelite/api/events/GrandExchangeSearched
instanceKlass net/runelite/http/api/ge/GrandExchangeTrade
instanceKlass net/runelite/api/events/GrandExchangeOfferChanged
instanceKlass net/runelite/client/plugins/grounditems/GroundItemHotkeyListener$$Lambda$413
instanceKlass net/runelite/client/ui/overlay/components/ProgressPieComponent
instanceKlass net/runelite/client/ui/overlay/components/TextComponent
instanceKlass net/runelite/api/events/ItemQuantityChanged
instanceKlass net/runelite/client/plugins/grounditems/ItemList$$Lambda$412
instanceKlass net/runelite/client/plugins/grounditems/ItemList$$Lambda$411
instanceKlass net/runelite/api/events/AmbientSoundEffectCreated
instanceKlass net/runelite/api/events/SoundEffectPlayed
instanceKlass net/runelite/api/events/AreaSoundEffectPlayed
instanceKlass net/runelite/api/events/VarClientIntChanged
instanceKlass net/runelite/client/plugins/statusbars/StatusBarsOverlay$$Lambda$410
instanceKlass net/runelite/client/plugins/statusbars/StatusBarsOverlay$$Lambda$409
instanceKlass net/runelite/client/plugins/statusbars/StatusBarsOverlay$$Lambda$408
instanceKlass net/runelite/client/plugins/statusbars/StatusBarsOverlay$$Lambda$407
instanceKlass net/runelite/client/plugins/statusbars/StatusBarsOverlay$$Lambda$406
instanceKlass net/runelite/client/plugins/statusbars/StatusBarsOverlay$$Lambda$405
instanceKlass net/runelite/client/plugins/statusbars/StatusBarsOverlay$$Lambda$404
instanceKlass net/runelite/client/plugins/statusbars/StatusBarsOverlay$$Lambda$403
instanceKlass net/runelite/client/plugins/statusbars/StatusBarsOverlay$$Lambda$402
instanceKlass net/runelite/client/plugins/statusbars/StatusBarsOverlay$$Lambda$401
instanceKlass net/runelite/client/plugins/statusbars/StatusBarsOverlay$$Lambda$400
instanceKlass net/runelite/client/plugins/statusbars/StatusBarsOverlay$$Lambda$399
instanceKlass net/runelite/client/plugins/statusbars/StatusBarsOverlay$$Lambda$398
instanceKlass net/runelite/client/plugins/statusbars/StatusBarsOverlay$$Lambda$397
instanceKlass net/runelite/client/plugins/statusbars/StatusBarsOverlay$$Lambda$396
instanceKlass net/runelite/client/plugins/statusbars/StatusBarsOverlay$$Lambda$395
instanceKlass net/runelite/client/plugins/statusbars/StatusBarsOverlay$$Lambda$394
instanceKlass net/runelite/client/plugins/statusbars/StatusBarsOverlay$$Lambda$393
instanceKlass net/runelite/client/plugins/statusbars/StatusBarsOverlay$$Lambda$392
instanceKlass net/runelite/client/plugins/statusbars/StatusBarsOverlay$$Lambda$391
instanceKlass net/runelite/client/plugins/statusbars/StatusBarsOverlay$$Lambda$390
instanceKlass net/runelite/client/plugins/statusbars/StatusBarsOverlay$$Lambda$389
instanceKlass net/runelite/client/plugins/statusbars/StatusBarsOverlay$$Lambda$388
instanceKlass net/runelite/client/plugins/statusbars/StatusBarsOverlay$$Lambda$387
instanceKlass net/runelite/client/plugins/statusbars/StatusBarsOverlay$$Lambda$386
instanceKlass net/runelite/client/plugins/statusbars/StatusBarsOverlay$$Lambda$385
instanceKlass net/runelite/client/plugins/statusbars/StatusBarsOverlay$$Lambda$384
instanceKlass net/runelite/client/plugins/statusbars/StatusBarsOverlay$$Lambda$383
instanceKlass net/runelite/client/plugins/statusbars/StatusBarsOverlay$$Lambda$382
instanceKlass net/runelite/client/plugins/statusbars/StatusBarsOverlay$$Lambda$381
instanceKlass net/runelite/client/game/AlternateSprites
instanceKlass net/runelite/client/plugins/PluginManager$$Lambda$380
instanceKlass net/runelite/client/plugins/itemstats/Builders$$Lambda$379
instanceKlass net/runelite/client/plugins/itemstats/ItemStatChanges$$Lambda$378
instanceKlass net/runelite/client/plugins/itemstats/ItemStatChanges$$Lambda$377
instanceKlass net/runelite/client/plugins/itemstats/Builders$$Lambda$376
instanceKlass net/runelite/client/plugins/itemstats/ItemStatChanges$$Lambda$375
instanceKlass net/runelite/client/plugins/itemstats/ItemStatChanges$$Lambda$374
instanceKlass net/runelite/client/plugins/itemstats/Builders$$Lambda$373
instanceKlass net/runelite/client/game/ItemEquipmentStats$ItemEquipmentStatsBuilder
instanceKlass net/runelite/client/plugins/playerindicators/PlayerIndicatorsService$Decorations
instanceKlass net/runelite/api/events/ClientTick
instanceKlass net/runelite/client/events/PartyMemberAvatar
instanceKlass net/runelite/client/plugins/party/PartyPlugin$$Lambda$372
instanceKlass net/runelite/client/plugins/entityhider/EntityHiderPlugin$$Lambda$371
instanceKlass java/lang/invoke/LambdaForm$DMH
instanceKlass net/runelite/client/events/PluginChanged
instanceKlass net/runelite/client/game/LootManager$$Lambda$370
instanceKlass net/runelite/client/game/LootManager$$Lambda$369
instanceKlass net/runelite/client/game/LootManager$$Lambda$368
instanceKlass net/runelite/client/game/LootManager$$Lambda$367
instanceKlass net/runelite/client/game/LootManager$$Lambda$366
instanceKlass net/runelite/client/game/LootManager$$Lambda$365
instanceKlass net/runelite/client/game/LootManager$$Lambda$364
instanceKlass net/runelite/client/game/LootManager$$Lambda$363
instanceKlass net/runelite/api/events/ItemDespawned
instanceKlass net/runelite/client/events/ServerNpcLoot
instanceKlass net/runelite/client/events/ConfigSync
instanceKlass net/runelite/client/events/PlayerLootReceived
instanceKlass net/runelite/http/api/loottracker/GameItem
instanceKlass net/runelite/client/plugins/loottracker/LootTrackerPlugin$InvChangeCallback
instanceKlass net/runelite/client/game/LootManager
instanceKlass nc
instanceKlass nl
instanceKlass zz
instanceKlass qo
instanceKlass xc
instanceKlass net/runelite/api/events/WidgetDrag
instanceKlass com/sun/media/sound/EventDispatcher
instanceKlass javax/sound/sampled/LineEvent$Type
instanceKlass com/sun/media/sound/EventDispatcher$LineMonitor
instanceKlass com/sun/media/sound/Toolkit
instanceKlass javax/sound/sampled/Port
instanceKlass javax/sound/sampled/Control
instanceKlass com/sun/media/sound/JSSecurityManager$$Lambda$362
instanceKlass com/sun/media/sound/JSSecurityManager$$Lambda$361
instanceKlass com/sun/media/sound/JDK13Services$$Lambda$360
instanceKlass net/runelite/api/events/ClanChannelChanged
instanceKlass net/runelite/api/events/PlayerDespawned
instanceKlass net/runelite/api/events/PlayerSpawned
instanceKlass com/sun/media/sound/AbstractLine
instanceKlass net/runelite/client/ui/overlay/components/BackgroundComponent
instanceKlass com/sun/media/sound/Platform$$Lambda$359
instanceKlass net/runelite/client/plugins/implings/ImplingsPlugin$$Lambda$358
instanceKlass com/sun/media/sound/Platform
instanceKlass javax/sound/sampled/Mixer
instanceKlass javax/sound/sampled/Mixer$Info
instanceKlass com/sun/media/sound/JSSecurityManager$2
instanceKlass com/sun/media/sound/JSSecurityManager$1
instanceKlass com/sun/media/sound/JSSecurityManager
instanceKlass com/sun/media/sound/JDK13Services
instanceKlass javax/sound/sampled/spi/MixerProvider
instanceKlass javax/sound/sampled/AudioSystem
instanceKlass javax/sound/sampled/SourceDataLine
instanceKlass javax/sound/sampled/AudioFormat$Encoding
instanceKlass javax/sound/sampled/AudioFormat
instanceKlass javax/sound/sampled/Line$Info
instanceKlass ki
instanceKlass net/runelite/client/game/NpcUtil$$Lambda$357
instanceKlass net/runelite/client/game/NpcUtil$$Lambda$356
instanceKlass xt
instanceKlass xp
instanceKlass net/runelite/client/game/NpcUtil
instanceKlass xx
instanceKlass xf
instanceKlass xm
instanceKlass net/runelite/api/overlay/OverlayIndex
instanceKlass aak
instanceKlass ov
instanceKlass net/runelite/api/events/MenuShouldLeftClick
instanceKlass net/runelite/client/plugins/bank/BankPlugin$1
instanceKlass net/runelite/client/plugins/emojis/EmojiPlugin$Index
instanceKlass net/runelite/api/events/ClanMemberLeft
instanceKlass net/runelite/api/FriendsChatMember
instanceKlass net/runelite/api/events/ClanMemberJoined
instanceKlass net/runelite/api/events/VarClientStrChanged
instanceKlass net/runelite/api/events/FriendsChatChanged
instanceKlass net/runelite/api/events/FriendsChatMemberJoined
instanceKlass net/runelite/api/events/FriendsChatMemberLeft
instanceKlass java/lang/invoke/LambdaForm$MH
instanceKlass java/lang/invoke/LambdaForm$DMH
instanceKlass java/lang/invoke/LambdaForm$DMH
instanceKlass net/runelite/client/game/ItemManager$$Lambda$355
instanceKlass net/runelite/client/game/ItemManager$ImageKey
instanceKlass yq
instanceKlass net/runelite/client/game/SkillIconManager
instanceKlass yg
instanceKlass net/runelite/client/game/ItemStack
instanceKlass net/runelite/client/plugins/dpscounter/DpsOverlay$$Lambda$354
instanceKlass net/runelite/client/plugins/dpscounter/DpsOverlay$$Lambda$353
instanceKlass net/runelite/client/events/PartyChanged
instanceKlass net/runelite/client/menus/MenuManager$$Lambda$352
instanceKlass net/runelite/client/menus/MenuManager$$Lambda$351
instanceKlass sun/reflect/generics/tree/IntSignature
instanceKlass net/runelite/api/events/OverheadTextChanged
instanceKlass net/runelite/client/plugins/chatfilter/ChatFilterPlugin$Duplicate
instanceKlass org/apache/commons/text/similarity/JaroWinklerDistance
instanceKlass org/apache/commons/text/similarity/SimilarityScore
instanceKlass zt
instanceKlass net/runelite/client/util/Text
instanceKlass mk
instanceKlass com/google/common/collect/HashBasedTable$Factory
instanceKlass com/google/common/collect/AbstractTable
instanceKlass com/google/common/collect/Table
instanceKlass net/runelite/client/plugins/slayer/SlayerOverlay$$Lambda$350
instanceKlass java/util/stream/Streams$2
instanceKlass java/util/stream/Streams$ConcatSpliterator
instanceKlass net/runelite/client/plugins/slayer/SlayerOverlay$$Lambda$349
instanceKlass net/runelite/client/plugins/slayer/SlayerPlugin$$Lambda$348
instanceKlass net/runelite/api/events/WidgetClosed
instanceKlass net/runelite/api/events/WidgetLoaded
instanceKlass net/runelite/client/party/PartyService$$Lambda$347
instanceKlass net/runelite/client/party/PartyService$$Lambda$346
instanceKlass net/runelite/client/party/PartyService$$Lambda$345
instanceKlass net/runelite/client/util/RuntimeTypeAdapterFactory
instanceKlass net/runelite/client/party/WebsocketGsonFactory
instanceKlass net/runelite/client/party/events/UserJoin
instanceKlass net/runelite/client/party/events/UserPart
instanceKlass net/runelite/client/party/PartyMember
instanceKlass com/google/protobuf/AbstractMessageLite
instanceKlass com/google/protobuf/MessageLite
instanceKlass net/runelite/client/party/Party$C2SOrBuilder
instanceKlass com/google/protobuf/MessageLiteOrBuilder
instanceKlass net/runelite/client/plugins/discord/DiscordState$EventWithTime
instanceKlass okhttp3/WebSocketListener
instanceKlass net/runelite/client/party/PartyService
instanceKlass net/runelite/api/events/WorldListLoad
instanceKlass net/runelite/client/plugins/worldhopper/WorldHopperPlugin$$Lambda$344
instanceKlass net/runelite/client/plugins/worldhopper/WorldHopperPlugin$$Lambda$343
instanceKlass net/runelite/client/ui/overlay/components/LineComponent$LineComponentBuilder
instanceKlass net/runelite/client/plugins/kourendlibrary/Library$$Lambda$342
instanceKlass net/runelite/client/ui/overlay/components/LineComponent
instanceKlass net/runelite/client/game/ChatIconManager$$Lambda$341
instanceKlass net/runelite/client/game/ChatIconManager$$Lambda$340
instanceKlass net/runelite/client/game/chatbox/ChatboxPanelManager$$Lambda$339
instanceKlass net/runelite/client/game/chatbox/ChatboxPanelManager$$Lambda$338
instanceKlass net/runelite/api/clan/ClanTitle
instanceKlass net/runelite/client/game/chatbox/ChatboxTextMenuInput$Entry
instanceKlass net/runelite/api/events/RemovedFriend
instanceKlass net/runelite/api/events/NameableNameChanged
instanceKlass net/runelite/client/game/ChatIconManager
instanceKlass net/runelite/client/game/chatbox/ChatboxPanelManager
instanceKlass net/runelite/client/events/WorldsFetch
instanceKlass java/util/Comparator$$Lambda$337
instanceKlass net/runelite/client/game/WorldService$$Lambda$336
instanceKlass java/util/function/ToIntFunction
instanceKlass com/google/gson/internal/ConstructorConstructor$5
instanceKlass net/runelite/api/events/WorldViewLoaded
instanceKlass net/runelite/api/events/WallObjectDespawned
instanceKlass net/runelite/api/events/GroundObjectSpawned
instanceKlass net/runelite/api/events/GroundObjectDespawned
instanceKlass net/runelite/http/api/worlds/World
instanceKlass net/runelite/api/events/WallObjectSpawned
instanceKlass net/runelite/api/events/WorldViewUnloaded
instanceKlass net/runelite/client/ui/components/colorpicker/ColorPickerManager
instanceKlass net/runelite/client/plugins/woodcutting/WoodcuttingOverlay$$Lambda$335
instanceKlass net/runelite/api/events/ItemSpawned
instanceKlass java/util/regex/CharPredicates$$Lambda$334
instanceKlass net/runelite/api/events/ScriptPreFired
instanceKlass net/runelite/api/events/StatChanged
instanceKlass net/runelite/api/events/BeforeMenuRender
instanceKlass net/runelite/api/events/PostHealthBarConfig
instanceKlass net/runelite/api/events/ActorDeath
instanceKlass net/runelite/api/events/GraphicChanged
instanceKlass java/util/function/IntUnaryOperator
instanceKlass net/runelite/api/events/ItemContainerChanged
instanceKlass net/runelite/client/plugins/timersandbuffs/GameCounter$ColorBoundaryType$$Lambda$333
instanceKlass net/runelite/client/plugins/timersandbuffs/GameCounter$ColorBoundaryType$$Lambda$332
instanceKlass net/runelite/client/plugins/timersandbuffs/GameCounter$ColorBoundaryType$$Lambda$331
instanceKlass java/time/Duration$1
instanceKlass com/google/gson/internal/LinkedTreeMap$LinkedTreeMapIterator
instanceKlass java/util/AbstractMap$2$1
instanceKlass com/google/gson/internal/LinkedTreeMap$Node
instanceKlass com/google/gson/internal/LinkedTreeMap$1
instanceKlass net/runelite/client/game/ItemVariationMapping
instanceKlass net/runelite/client/chat/ChatCommandManager$$Lambda$330
instanceKlass net/runelite/client/chat/ChatCommandManager$$Lambda$329
instanceKlass net/runelite/client/chat/ChatCommandManager$$Lambda$328
instanceKlass net/runelite/client/chat/ChatInputManager$$Lambda$327
instanceKlass net/runelite/client/plugins/raids/RaidsOverlay$$Lambda$326
instanceKlass net/runelite/client/game/WorldService$$Lambda$325
instanceKlass net/runelite/client/game/WorldService$$Lambda$324
instanceKlass net/runelite/http/api/chat/Duels
instanceKlass net/runelite/http/api/chat/Task
instanceKlass net/runelite/client/chat/ChatCommand
instanceKlass net/runelite/client/chat/ChatInputManager
instanceKlass net/runelite/http/api/worlds/WorldResult
instanceKlass net/runelite/client/game/WorldClient
instanceKlass net/runelite/client/game/WorldService
instanceKlass net/runelite/client/events/ChatInput
instanceKlass net/runelite/client/util/ImageCapture
instanceKlass net/runelite/client/chat/ChatClient
instanceKlass net/runelite/client/chat/ChatCommandManager
instanceKlass net/runelite/client/game/SpriteManager
instanceKlass net/runelite/client/plugins/raids/RaidsPlugin$$Lambda$323
instanceKlass com/google/gson/internal/ConstructorConstructor$12
instanceKlass net/runelite/client/game/NPCManager$$Lambda$322
instanceKlass net/runelite/client/game/ItemEquipmentStats
instanceKlass net/runelite/client/game/NpcInfo
instanceKlass net/runelite/client/game/NpcInfoClient
instanceKlass net/runelite/client/game/NPCManager
instanceKlass net/runelite/api/events/ScriptPostFired
instanceKlass net/runelite/client/game/npcoverlay/NpcOverlayService$$Lambda$321
instanceKlass net/runelite/client/game/npcoverlay/NpcOverlayService$$Lambda$320
instanceKlass net/runelite/client/game/npcoverlay/NpcOverlayService$$Lambda$319
instanceKlass net/runelite/client/game/npcoverlay/NpcOverlayService$$Lambda$318
instanceKlass net/runelite/client/ui/overlay/OverlayManager$1
instanceKlass net/runelite/api/ItemLayer
instanceKlass net/runelite/client/ui/overlay/outline/ModelOutlineRenderer$PixelDistanceDelta
instanceKlass net/runelite/client/ui/overlay/outline/ModelOutlineRenderer$PixelDistanceGroupIndex
instanceKlass net/runelite/client/ui/overlay/outline/IntBlockBuffer
instanceKlass net/runelite/client/ui/overlay/outline/ModelOutlineRenderer
instanceKlass net/runelite/api/events/InteractingChanged
instanceKlass net/runelite/client/game/npcoverlay/NpcOverlayService
instanceKlass net/runelite/client/plugins/corp/CorpPlugin$$Lambda$317
instanceKlass net/runelite/client/game/npcoverlay/HighlightedNpc
instanceKlass net/runelite/api/Item
instanceKlass net/runelite/client/ui/overlay/components/ImageComponent
instanceKlass net/runelite/client/plugins/inventoryviewer/InventoryViewerPlugin$$Lambda$316
instanceKlass net/runelite/client/ui/overlay/WidgetItemOverlay$$Lambda$315
instanceKlass java/util/function/IntConsumer
instanceKlass java/lang/invoke/LambdaForm$DMH
instanceKlass java/util/stream/IntStream
instanceKlass java/util/Spliterators$IntArraySpliterator
instanceKlass net/runelite/client/game/ItemManager$$Lambda$314
instanceKlass net/runelite/client/game/ItemManager$$Lambda$313
instanceKlass net/runelite/client/game/ItemManager$$Lambda$312
instanceKlass net/runelite/api/widgets/WidgetItem
instanceKlass com/google/common/util/concurrent/ListenableScheduledFuture
instanceKlass com/google/common/util/concurrent/ListeningScheduledExecutorService
instanceKlass com/google/common/util/concurrent/MoreExecutors
instanceKlass com/google/common/util/concurrent/ListeningExecutorService
instanceKlass net/runelite/client/hiscore/HiscoreResult
instanceKlass net/runelite/client/hiscore/HiscoreClient
instanceKlass net/runelite/api/events/AnimationChanged
instanceKlass net/runelite/api/events/DecorativeObjectDespawned
instanceKlass net/runelite/api/events/DecorativeObjectSpawned
instanceKlass net/runelite/api/events/GameObjectDespawned
instanceKlass net/runelite/client/hiscore/HiscoreManager
instanceKlass net/runelite/client/task/Schedule
instanceKlass net/runelite/client/ui/overlay/components/ComponentConstants
instanceKlass net/runelite/client/ui/overlay/components/PanelComponent
instanceKlass com/google/common/collect/Multisets$AbstractEntry
instanceKlass net/runelite/api/events/ProjectileMoved
instanceKlass net/runelite/api/events/GraphicsObjectCreated
instanceKlass net/runelite/api/events/NpcChanged
instanceKlass net/runelite/api/events/HitsplatApplied
instanceKlass net/runelite/api/events/GameObjectSpawned
instanceKlass net/runelite/api/events/NpcDespawned
instanceKlass net/runelite/api/events/NpcSpawned
instanceKlass com/google/inject/internal/Initializer$1
instanceKlass com/google/inject/internal/WeakKeySet$KeyAndSource
instanceKlass com/google/common/collect/Count
instanceKlass com/google/common/collect/Collections2
instanceKlass com/google/common/collect/AbstractMapBasedMultiset$1
instanceKlass com/google/common/collect/SortedMultiset
instanceKlass com/google/common/collect/SortedIterable
instanceKlass com/google/common/collect/SortedMultisetBridge
instanceKlass com/google/common/collect/Multiset$Entry
instanceKlass com/google/common/collect/Multisets
instanceKlass com/google/inject/internal/Initializer$InjectableReference
instanceKlass java/lang/invoke/LambdaForm$Hidden
instanceKlass net/runelite/api/events/ChatMessage
instanceKlass net/runelite/api/events/VarbitChanged
instanceKlass net/runelite/api/events/MenuOptionClicked
instanceKlass net/runelite/client/ui/ClientToolbar
instanceKlass com/google/inject/internal/InjectorShell$InheritedScannersModule
instanceKlass net/runelite/client/plugins/PluginManager$$Lambda$311
instanceKlass java/lang/invoke/LambdaForm$DMH
instanceKlass com/google/common/graph/DirectedGraphConnections$PredAndSucc
instanceKlass net/runelite/client/plugins/PluginManager$$Lambda$310
instanceKlass com/google/common/graph/EndpointPair
instanceKlass com/google/common/primitives/Ints
instanceKlass sun/reflect/annotation/AnnotationSupport
instanceKlass net/runelite/client/config/ConfigSerializer
instanceKlass java/lang/FunctionalInterface
instanceKlass javax/swing/SwingContainer
instanceKlass java/beans/JavaBean
instanceKlass com/google/common/graph/DirectedGraphConnections
instanceKlass java/lang/annotation/Repeatable
instanceKlass com/google/common/graph/Network
instanceKlass com/google/common/graph/Graphs
instanceKlass com/google/common/graph/ElementOrder$1
instanceKlass com/google/common/graph/GraphConnections
instanceKlass com/google/common/graph/MapIteratorCache
instanceKlass com/google/common/graph/MutableValueGraph
instanceKlass com/google/common/graph/ValueGraph
instanceKlass com/google/common/graph/AbstractBaseGraph
instanceKlass com/google/common/graph/ElementOrder
instanceKlass com/google/common/graph/AbstractGraphBuilder
instanceKlass net/runelite/client/plugins/PluginManager$$Lambda$309
instanceKlass net/runelite/client/plugins/xpupdater/XpUpdaterConfig
instanceKlass net/runelite/client/plugins/xptracker/XpTrackerServiceImpl
instanceKlass net/runelite/client/plugins/xptracker/XpTrackerService
instanceKlass net/runelite/client/plugins/xptracker/XpTrackerConfig
instanceKlass net/runelite/client/plugins/xptracker/XpStateSingle
instanceKlass net/runelite/client/plugins/xptracker/XpState
instanceKlass net/runelite/client/plugins/xptracker/XpSnapshotSingle
instanceKlass net/runelite/client/plugins/xptracker/XpSaveSingle
instanceKlass net/runelite/client/plugins/xptracker/XpSaveSerializer
instanceKlass net/runelite/client/config/Serializer
instanceKlass net/runelite/client/plugins/xptracker/XpSave
instanceKlass net/runelite/client/plugins/xptracker/XpPauseStateSingle
instanceKlass net/runelite/client/plugins/xptracker/XpPauseState
instanceKlass net/runelite/client/plugins/xptracker/XpClient
instanceKlass net/runelite/client/plugins/xpglobes/XpGlobesConfig
instanceKlass net/runelite/client/plugins/xpglobes/XpGlobe
instanceKlass net/runelite/client/plugins/xpdrop/XpDropConfig
instanceKlass net/runelite/client/plugins/worldmap/WorldMapConfig
instanceKlass net/runelite/client/plugins/worldhopper/ping/Ws2_32
instanceKlass net/runelite/client/plugins/worldhopper/ping/RetransmitCalculator
instanceKlass net/runelite/client/plugins/worldhopper/ping/RLLibC
instanceKlass com/sun/jna/platform/unix/LibC
instanceKlass com/sun/jna/platform/unix/LibCAPI
instanceKlass com/sun/jna/platform/unix/Resource
instanceKlass com/sun/jna/platform/unix/Reboot
instanceKlass net/runelite/client/plugins/worldhopper/ping/Ping
instanceKlass net/runelite/client/plugins/worldhopper/ping/TCPInfo
instanceKlass net/runelite/client/plugins/worldhopper/ping/IPHlpAPI
instanceKlass net/runelite/client/plugins/worldhopper/WorldHopperConfig
instanceKlass net/runelite/client/plugins/woodcutting/WoodcuttingSession
instanceKlass net/runelite/client/plugins/woodcutting/WoodcuttingConfig
instanceKlass net/runelite/client/plugins/woodcutting/TreeRespawn
instanceKlass net/runelite/client/plugins/wintertodt/WintertodtConfig
instanceKlass net/runelite/client/game/chatbox/ChatboxInput
instanceKlass net/runelite/client/plugins/wiki/WikiDpsManager
instanceKlass net/runelite/client/plugins/wiki/WikiConfig
instanceKlass net/runelite/client/plugins/virtuallevels/VirtualLevelsConfig
instanceKlass net/runelite/client/plugins/twitch/irc/Message
instanceKlass net/runelite/client/plugins/twitch/irc/TwitchListener
instanceKlass net/runelite/client/plugins/twitch/TwitchConfig
instanceKlass net/runelite/client/plugins/tithefarm/TitheFarmPluginConfig
instanceKlass net/runelite/client/plugins/tithefarm/TitheFarmPlant
instanceKlass net/runelite/client/plugins/timetracking/hunter/BirdHouseTracker
instanceKlass net/runelite/client/plugins/timetracking/hunter/BirdHouseData
instanceKlass net/runelite/client/plugins/timetracking/farming/ProfilePatch
instanceKlass net/runelite/client/plugins/timetracking/farming/PaymentTracker
instanceKlass net/runelite/client/plugins/timetracking/farming/PatchState
instanceKlass net/runelite/client/plugins/timetracking/farming/PatchPrediction
instanceKlass net/runelite/client/plugins/timetracking/farming/FarmingWorld
instanceKlass net/runelite/client/plugins/timetracking/farming/FarmingTracker
instanceKlass net/runelite/client/plugins/timetracking/farming/FarmingRegion
instanceKlass net/runelite/client/plugins/timetracking/farming/FarmingPatch
instanceKlass net/runelite/client/plugins/timetracking/farming/FarmingContractManager
instanceKlass net/runelite/client/plugins/timetracking/farming/CompostTracker
instanceKlass net/runelite/client/plugins/timetracking/clocks/ClockManager
instanceKlass net/runelite/client/plugins/timetracking/clocks/Clock
instanceKlass net/runelite/client/plugins/timetracking/TimeTrackingConfig
instanceKlass net/runelite/client/plugins/timestamp/TimestampConfig
instanceKlass net/runelite/client/plugins/timersandbuffs/TimersAndBuffsConfig
instanceKlass net/runelite/client/plugins/tileindicators/TileIndicatorsConfig
instanceKlass net/runelite/client/plugins/tearsofguthix/TearsOfGuthixConfig
instanceKlass net/runelite/client/plugins/team/TeamConfig
instanceKlass net/runelite/client/plugins/stretchedmode/TranslateMouseWheelListener
instanceKlass net/runelite/client/plugins/stretchedmode/TranslateMouseListener
instanceKlass net/runelite/client/plugins/stretchedmode/StretchedModeConfig
instanceKlass net/runelite/client/plugins/statusbars/StatusBarsConfig
instanceKlass net/runelite/client/plugins/statusbars/BarRenderer
instanceKlass net/runelite/client/plugins/spellbook/SpellbookConfig
instanceKlass net/runelite/client/plugins/specialcounter/SpecialCounterConfig
instanceKlass net/runelite/client/plugins/specialcounter/PlayerInfoDrop
instanceKlass net/runelite/client/plugins/smelting/SmeltingSession
instanceKlass net/runelite/client/plugins/smelting/SmeltingConfig
instanceKlass net/runelite/client/plugins/slayer/SlayerPluginServiceImpl
instanceKlass net/runelite/client/plugins/slayer/SlayerPluginService
instanceKlass net/runelite/client/plugins/slayer/SlayerConfig
instanceKlass net/runelite/client/plugins/skybox/SkyboxPluginConfig
instanceKlass net/runelite/client/plugins/skybox/Skybox
instanceKlass net/runelite/client/plugins/skillcalculator/skills/ItemSkillAction
instanceKlass net/runelite/client/plugins/skillcalculator/skills/SkillBonus
instanceKlass net/runelite/client/plugins/skillcalculator/skills/NamedSkillAction
instanceKlass net/runelite/client/plugins/skillcalculator/skills/SkillAction
instanceKlass net/runelite/client/plugins/screenshot/ScreenshotConfig
instanceKlass net/runelite/client/plugins/screenmarkers/ScreenMarkerRenderable
instanceKlass net/runelite/client/plugins/screenmarkers/ScreenMarker
instanceKlass net/runelite/client/plugins/runepouch/RunepouchConfig
instanceKlass net/runelite/client/plugins/runenergy/RunEnergyConfig
instanceKlass net/runelite/client/plugins/runecraft/RunecraftConfig
instanceKlass net/runelite/client/plugins/roofremoval/RoofRemovalConfig
instanceKlass net/runelite/client/plugins/reportbutton/ReportButtonConfig
instanceKlass net/runelite/client/plugins/regenmeter/RegenMeterConfig
instanceKlass net/runelite/client/plugins/randomevents/RandomEventConfig
instanceKlass net/runelite/client/plugins/raids/solver/Room
instanceKlass net/runelite/client/plugins/raids/solver/LayoutSolver
instanceKlass net/runelite/client/plugins/raids/solver/Layout
instanceKlass net/runelite/client/plugins/raids/events/RaidScouted
instanceKlass net/runelite/client/plugins/raids/events/RaidReset
instanceKlass net/runelite/client/plugins/raids/RotationSolver
instanceKlass net/runelite/client/plugins/raids/RaidsConfig
instanceKlass net/runelite/client/plugins/raids/Raid
instanceKlass net/runelite/client/plugins/pyramidplunder/PyramidPlunderConfig
instanceKlass net/runelite/client/plugins/puzzlesolver/solver/pathfinding/Pathfinder
instanceKlass net/runelite/client/plugins/puzzlesolver/solver/heuristics/ManhattanDistance
instanceKlass net/runelite/client/plugins/puzzlesolver/solver/heuristics/Heuristic
instanceKlass net/runelite/client/plugins/puzzlesolver/solver/PuzzleState
instanceKlass net/runelite/client/plugins/puzzlesolver/solver/PuzzleSolver
instanceKlass net/runelite/client/plugins/puzzlesolver/lightbox/LightboxState
instanceKlass net/runelite/client/plugins/puzzlesolver/lightbox/LightboxSolver
instanceKlass net/runelite/client/plugins/puzzlesolver/lightbox/LightboxSolution
instanceKlass net/runelite/client/plugins/puzzlesolver/lightbox/LightBox
instanceKlass net/runelite/client/plugins/puzzlesolver/PuzzleSolverConfig
instanceKlass net/runelite/client/plugins/prayer/PrayerReorder
instanceKlass net/runelite/client/plugins/prayer/PrayerConfig
instanceKlass net/runelite/client/plugins/poison/PoisonConfig
instanceKlass net/runelite/client/plugins/poh/PohConfig
instanceKlass net/runelite/client/plugins/poh/IncenseBurner
instanceKlass net/runelite/client/plugins/playerindicators/PlayerIndicatorsService
instanceKlass net/runelite/client/plugins/playerindicators/PlayerIndicatorsConfig
instanceKlass net/runelite/client/plugins/pestcontrol/PortalContext
instanceKlass net/runelite/client/plugins/pestcontrol/Game
instanceKlass net/runelite/client/plugins/party/data/PartyTilePingData
instanceKlass net/runelite/client/plugins/party/data/PartyData
instanceKlass net/runelite/client/plugins/party/PartyPluginServiceImpl
instanceKlass net/runelite/client/plugins/party/PartyPluginService
instanceKlass net/runelite/client/plugins/party/PartyConfig
instanceKlass net/runelite/client/plugins/opponentinfo/OpponentInfoConfig
instanceKlass net/runelite/client/plugins/objectindicators/ObjectPoint
instanceKlass net/runelite/client/plugins/objectindicators/ObjectIndicatorsConfig
instanceKlass net/runelite/client/plugins/objectindicators/ColorTileObject
instanceKlass net/runelite/client/plugins/npcunaggroarea/NpcAggroAreaConfig
instanceKlass net/runelite/client/plugins/npchighlight/NpcIndicatorsConfig
instanceKlass net/runelite/client/plugins/npchighlight/MemorizedNpc
instanceKlass net/runelite/client/plugins/notes/NotesConfig
instanceKlass net/runelite/client/plugins/nightmarezone/NightmareZoneConfig
instanceKlass net/runelite/client/plugins/music/MusicConfig
instanceKlass net/runelite/client/plugins/mta/alchemy/Cupboard
instanceKlass net/runelite/client/plugins/mta/MTARoom
instanceKlass net/runelite/client/plugins/mta/MTAConfig
instanceKlass net/runelite/client/plugins/mousehighlight/MouseHighlightConfig
instanceKlass net/runelite/client/plugins/motherlode/MotherlodeConfig
instanceKlass net/runelite/client/plugins/mining/RockRespawn
instanceKlass net/runelite/client/plugins/mining/MiningSession
instanceKlass net/runelite/client/plugins/mining/MiningConfig
instanceKlass net/runelite/client/plugins/mining/MiningAnimation
instanceKlass net/runelite/client/plugins/minimap/MinimapDot
instanceKlass net/runelite/client/plugins/minimap/MinimapConfig
instanceKlass net/runelite/client/plugins/metronome/MetronomePluginConfiguration
instanceKlass net/runelite/client/plugins/menuentryswapper/Swap
instanceKlass net/runelite/client/plugins/menuentryswapper/MenuEntrySwapperConfig
instanceKlass net/runelite/client/plugins/lowmemory/LowMemoryConfig
instanceKlass net/runelite/client/plugins/loottracker/PluginLootReceived
instanceKlass net/runelite/client/plugins/loottracker/NpcMetadata
instanceKlass net/runelite/client/plugins/loottracker/LootTrackerRecord
instanceKlass net/runelite/client/plugins/loottracker/LootTrackerItem
instanceKlass net/runelite/client/plugins/loottracker/LootTrackerConfig
instanceKlass net/runelite/client/plugins/loottracker/LootTrackerClient
instanceKlass net/runelite/client/plugins/loottracker/LootReceived
instanceKlass net/runelite/client/plugins/loottracker/ConfigLoot
instanceKlass net/runelite/client/plugins/logouttimer/LogoutTimerConfig
instanceKlass net/runelite/client/plugins/loginscreen/LoginScreenConfig
instanceKlass net/runelite/client/plugins/kourendlibrary/Library
instanceKlass net/runelite/client/plugins/kourendlibrary/KourendLibraryConfig
instanceKlass net/runelite/client/plugins/kourendlibrary/Bookcase
instanceKlass net/runelite/client/plugins/kingdomofmiscellania/KingdomConfig
instanceKlass net/runelite/client/plugins/keyremapping/KeyRemappingListener
instanceKlass net/runelite/client/plugins/keyremapping/KeyRemappingConfig
instanceKlass net/runelite/client/plugins/itemstats/stats/Stats
instanceKlass net/runelite/client/plugins/itemstats/stats/Stat
instanceKlass net/runelite/client/plugins/itemstats/special/SunlightMoth
instanceKlass net/runelite/client/plugins/itemstats/special/SpicyStew
instanceKlass net/runelite/client/plugins/itemstats/special/DwarvenRockCake
instanceKlass net/runelite/client/plugins/itemstats/special/CastleWarsBandage
instanceKlass net/runelite/client/plugins/itemstats/potions/SuperRestore
instanceKlass net/runelite/client/plugins/itemstats/potions/SaradominBrew
instanceKlass net/runelite/client/plugins/itemstats/potions/MoonlightPotion
instanceKlass net/runelite/client/plugins/itemstats/potions/MixedPotion
instanceKlass net/runelite/client/plugins/itemstats/potions/AncientBrew
instanceKlass net/runelite/client/plugins/itemstats/potions/Ambrosia
instanceKlass net/runelite/client/plugins/itemstats/delta/DeltaPercentage
instanceKlass net/runelite/client/plugins/itemstats/delta/DeltaCalculator
instanceKlass net/runelite/client/plugins/itemstats/StatsChanges
instanceKlass net/runelite/client/plugins/itemstats/StatChange
instanceKlass net/runelite/client/plugins/itemstats/ItemStatConfig
instanceKlass net/runelite/client/plugins/itemstats/ItemStatChangesServiceImpl
instanceKlass net/runelite/client/plugins/itemstats/ItemStatChangesService
instanceKlass net/runelite/client/plugins/itemstats/ItemStatChanges
instanceKlass net/runelite/client/plugins/itemstats/Combo
instanceKlass net/runelite/client/plugins/itemstats/Builders
instanceKlass net/runelite/client/plugins/itemstats/SingleEffect
instanceKlass net/runelite/client/plugins/itemstats/Effect
instanceKlass net/runelite/client/plugins/itemprices/ItemPricesConfig
instanceKlass net/runelite/client/plugins/itemidentification/ItemIdentificationConfig
instanceKlass net/runelite/client/plugins/itemcharges/ItemChargeConfig
instanceKlass net/runelite/client/plugins/inventoryviewer/InventoryViewerConfig
instanceKlass net/runelite/client/plugins/inventorytags/Tag
instanceKlass net/runelite/client/plugins/inventorytags/InventoryTagsConfig
instanceKlass net/runelite/client/plugins/inventorygrid/InventoryGridConfig
instanceKlass net/runelite/client/plugins/interfacestyles/InterfaceStylesConfig
instanceKlass net/runelite/client/plugins/interacthighlight/InteractHighlightConfig
instanceKlass net/runelite/client/plugins/implings/ImplingsConfig
instanceKlass net/runelite/client/plugins/idlenotifier/IdleNotifierConfig
instanceKlass net/runelite/client/plugins/hunter/HunterTrap
instanceKlass net/runelite/client/plugins/hunter/HunterConfig
instanceKlass net/runelite/client/plugins/hiscore/NameAutocompleter
instanceKlass net/runelite/client/plugins/hiscore/HiscoreConfig
instanceKlass net/runelite/client/plugins/herbiboars/TrailToSpot
instanceKlass net/runelite/client/plugins/herbiboars/HerbiboarConfig
instanceKlass net/runelite/client/plugins/groundmarkers/GroundMarkerSharingManager
instanceKlass net/runelite/client/plugins/groundmarkers/GroundMarkerPoint
instanceKlass net/runelite/client/plugins/groundmarkers/GroundMarkerConfig
instanceKlass net/runelite/client/plugins/groundmarkers/ColorTileMarker
instanceKlass net/runelite/client/plugins/grounditems/MenuEntryWithCount
instanceKlass net/runelite/client/plugins/grounditems/Lootbeam
instanceKlass net/runelite/client/plugins/grounditems/ItemThreshold
instanceKlass net/runelite/client/plugins/grounditems/ItemList
instanceKlass net/runelite/client/plugins/grounditems/GroundItemsConfig
instanceKlass net/runelite/client/plugins/grounditems/GroundItem
instanceKlass net/runelite/client/plugins/grandexchange/Trade
instanceKlass net/runelite/client/plugins/grandexchange/SavedOffer
instanceKlass net/runelite/client/plugins/grandexchange/GrandExchangeItems
instanceKlass net/runelite/client/plugins/grandexchange/GrandExchangeConfig
instanceKlass net/runelite/client/plugins/grandexchange/GrandExchangeClient
instanceKlass net/runelite/client/plugins/grandexchange/FuzzySearchScorer
instanceKlass net/runelite/client/plugins/gpu/template/Template
instanceKlass net/runelite/client/plugins/gpu/regions/Regions
instanceKlass net/runelite/client/plugins/gpu/regions/Region
instanceKlass net/runelite/client/plugins/gpu/Zone
instanceKlass net/runelite/client/plugins/gpu/VBO
instanceKlass net/runelite/client/plugins/gpu/VAOList
instanceKlass net/runelite/client/plugins/gpu/VAO
instanceKlass net/runelite/client/plugins/gpu/TextureManager
instanceKlass net/runelite/client/plugins/gpu/Shader
instanceKlass net/runelite/client/plugins/gpu/SceneUploader
instanceKlass net/runelite/client/plugins/gpu/RegionManager
instanceKlass net/runelite/client/plugins/gpu/ModelUploader
instanceKlass net/runelite/client/plugins/gpu/Mat4
instanceKlass net/runelite/client/plugins/gpu/GpuPluginConfig
instanceKlass net/runelite/client/plugins/gpu/GpuIntBuffer
instanceKlass net/runelite/client/plugins/gpu/GpuFloatBuffer
instanceKlass net/runelite/client/plugins/gpu/GLBuffer
instanceKlass net/runelite/client/plugins/friendnotes/HoveredFriend
instanceKlass net/runelite/client/plugins/friendnotes/FriendNotesConfig
instanceKlass net/runelite/client/plugins/friendlist/FriendListConfig
instanceKlass net/runelite/client/plugins/fps/FpsDrawListener
instanceKlass net/runelite/client/plugins/fps/FpsConfig
instanceKlass net/runelite/client/plugins/fishing/MinnowSpot
instanceKlass net/runelite/client/plugins/fishing/FishingSession
instanceKlass net/runelite/client/plugins/fishing/FishingConfig
instanceKlass net/runelite/client/plugins/fairyring/FairyRingConfig
instanceKlass net/runelite/client/plugins/examine/PendingExamine
instanceKlass net/runelite/client/plugins/entityhider/EntityHiderConfig
instanceKlass net/runelite/client/plugins/driftnet/DriftNetConfig
instanceKlass net/runelite/client/plugins/driftnet/DriftNet
instanceKlass net/runelite/client/plugins/dpscounter/DpsMember
instanceKlass net/runelite/client/plugins/dpscounter/DpsConfig
instanceKlass net/runelite/client/party/messages/WebsocketMessage
instanceKlass net/runelite/client/plugins/discord/DiscordState
instanceKlass net/runelite/client/plugins/discord/DiscordConfig
instanceKlass javax/swing/table/AbstractTableModel
instanceKlass javax/swing/table/TableModel
instanceKlass net/runelite/client/plugins/devtools/WidgetField
instanceKlass javax/swing/tree/DefaultMutableTreeNode
instanceKlass javax/swing/tree/MutableTreeNode
instanceKlass javax/swing/tree/TreeNode
instanceKlass net/runelite/client/plugins/devtools/InventoryLog
instanceKlass net/runelite/client/plugins/devtools/InventoryItem
instanceKlass net/runelite/client/plugins/devtools/DevToolsConfig
instanceKlass net/runelite/client/plugins/defaultworld/DefaultWorldConfig
instanceKlass net/runelite/client/plugins/dailytaskindicators/DailyTasksConfig
instanceKlass net/runelite/client/plugins/customcursor/CustomCursorConfig
instanceKlass net/runelite/client/plugins/crowdsourcing/zmi/ZMIData
instanceKlass net/runelite/client/plugins/crowdsourcing/zmi/CrowdsourcingZMI
instanceKlass net/runelite/client/plugins/crowdsourcing/woodcutting/WoodcuttingData
instanceKlass net/runelite/client/plugins/crowdsourcing/woodcutting/CrowdsourcingWoodcutting
instanceKlass net/runelite/client/plugins/crowdsourcing/thieving/PickpocketData
instanceKlass net/runelite/client/plugins/crowdsourcing/thieving/CrowdsourcingThieving
instanceKlass net/runelite/client/plugins/crowdsourcing/music/MusicUnlockData
instanceKlass net/runelite/client/plugins/crowdsourcing/music/CrowdsourcingMusic
instanceKlass net/runelite/client/plugins/crowdsourcing/dialogue/StartEndData
instanceKlass net/runelite/client/plugins/crowdsourcing/dialogue/SpriteTextData
instanceKlass net/runelite/client/plugins/crowdsourcing/dialogue/PlayerDialogueData
instanceKlass net/runelite/client/plugins/crowdsourcing/dialogue/NpcDialogueData
instanceKlass net/runelite/client/plugins/crowdsourcing/dialogue/DoubleSpriteTextData
instanceKlass net/runelite/client/plugins/crowdsourcing/dialogue/DialogueOptionsData
instanceKlass net/runelite/client/plugins/crowdsourcing/dialogue/CrowdsourcingDialogue
instanceKlass net/runelite/client/plugins/crowdsourcing/dialogue/ChatMessageData
instanceKlass net/runelite/client/plugins/crowdsourcing/cooking/CrowdsourcingCooking
instanceKlass net/runelite/client/plugins/crowdsourcing/cooking/CookingData
instanceKlass net/runelite/client/plugins/crowdsourcing/CrowdsourcingManager
instanceKlass net/runelite/client/plugins/corp/CorpConfig
instanceKlass net/runelite/client/plugins/cooking/CookingSession
instanceKlass net/runelite/client/plugins/cooking/CookingConfig
instanceKlass javax/swing/ListCellRenderer
instanceKlass net/runelite/client/plugins/config/PluginSearch
instanceKlass net/runelite/client/plugins/config/SearchablePlugin
instanceKlass net/runelite/client/plugins/config/PluginConfigurationDescriptor
instanceKlass net/runelite/client/ui/Activatable
instanceKlass net/runelite/client/plugins/combatlevel/CombatLevelConfig
instanceKlass net/runelite/client/plugins/cluescrolls/clues/item/SlotLimitationRequirement
instanceKlass net/runelite/client/plugins/cluescrolls/clues/item/SingleItemRequirement
instanceKlass net/runelite/client/plugins/cluescrolls/clues/item/RangeItemRequirement
instanceKlass net/runelite/client/plugins/cluescrolls/clues/item/MultipleOfItemRequirement
instanceKlass net/runelite/client/plugins/cluescrolls/clues/item/ItemRequirements
instanceKlass net/runelite/client/plugins/cluescrolls/clues/item/AnyRequirementCollection
instanceKlass net/runelite/client/plugins/cluescrolls/clues/item/AllRequirementsCollection
instanceKlass net/runelite/client/plugins/cluescrolls/clues/item/ItemRequirement
instanceKlass net/runelite/client/plugins/cluescrolls/clues/hotcold/HotColdSolver
instanceKlass net/runelite/client/plugins/cluescrolls/clues/NamedObjectClueScroll
instanceKlass net/runelite/client/plugins/cluescrolls/clues/LocationsClueScroll
instanceKlass net/runelite/client/plugins/cluescrolls/clues/ClueScroll
instanceKlass net/runelite/client/plugins/cluescrolls/clues/ObjectClueScroll
instanceKlass net/runelite/client/plugins/cluescrolls/clues/LocationClueScroll
instanceKlass net/runelite/client/plugins/cluescrolls/clues/NpcClueScroll
instanceKlass net/runelite/client/plugins/cluescrolls/ClueScrollServiceImpl
instanceKlass net/runelite/client/plugins/cluescrolls/ClueScrollService
instanceKlass net/runelite/client/plugins/cluescrolls/ClueScrollConfig
instanceKlass net/runelite/client/plugins/chatnotifications/ChatNotificationsConfig
instanceKlass net/runelite/client/plugins/chathistory/ChatHistoryConfig
instanceKlass net/runelite/client/plugins/chatfilter/ChatFilterConfig
instanceKlass net/runelite/client/plugins/chatcommands/ChatKeyboardListener
instanceKlass net/runelite/client/plugins/chatcommands/ChatCommandsConfig
instanceKlass net/runelite/client/plugins/chatchannel/MemberJoinMessage
instanceKlass net/runelite/client/plugins/chatchannel/MemberActivity
instanceKlass net/runelite/client/plugins/chatchannel/ChatChannelConfig
instanceKlass net/runelite/client/plugins/cannon/CannonConfig
instanceKlass net/runelite/client/plugins/camera/CameraConfig
instanceKlass net/runelite/client/plugins/boosts/BoostsConfig
instanceKlass net/runelite/client/plugins/blastmine/BlastMineRock
instanceKlass net/runelite/client/plugins/blastmine/BlastMinePluginConfig
instanceKlass net/runelite/client/plugins/blastfurnace/BlastFurnaceConfig
instanceKlass net/runelite/client/plugins/barrows/BarrowsConfig
instanceKlass net/runelite/client/plugins/barbarianassault/Round
instanceKlass net/runelite/client/plugins/barbarianassault/GameTimer
instanceKlass net/runelite/client/plugins/barbarianassault/BarbarianAssaultConfig
instanceKlass net/runelite/client/plugins/banktags/tabs/TagTab
instanceKlass net/runelite/client/game/SpriteOverride
instanceKlass net/runelite/client/plugins/banktags/tabs/TabManager
instanceKlass net/runelite/client/plugins/banktags/tabs/TabInterface
instanceKlass net/runelite/client/plugins/banktags/tabs/PotionStorage
instanceKlass net/runelite/client/plugins/banktags/tabs/Potion
instanceKlass net/runelite/client/plugins/banktags/tabs/LayoutManager
instanceKlass net/runelite/client/plugins/banktags/tabs/Layout
instanceKlass net/runelite/client/plugins/banktags/tabs/AutoLayout
instanceKlass net/runelite/client/plugins/banktags/TagManager
instanceKlass net/runelite/client/plugins/banktags/BankTagsService
instanceKlass net/runelite/client/plugins/banktags/BankTagsConfig
instanceKlass net/runelite/client/plugins/banktags/BankTag
instanceKlass net/runelite/client/plugins/bank/ContainerPrices
instanceKlass net/runelite/client/plugins/bank/BankSearch
instanceKlass net/runelite/client/plugins/bank/BankConfig
instanceKlass net/runelite/client/plugins/attackstyles/AttackStylesConfig
instanceKlass ns
instanceKlass net/runelite/client/plugins/antidrag/AntiDragConfig
instanceKlass jr
instanceKlass jn
instanceKlass net/runelite/client/plugins/agility/Obstacles
instanceKlass net/runelite/client/plugins/agility/Obstacle
instanceKlass gc
instanceKlass net/runelite/client/plugins/agility/AgilitySession
instanceKlass net/runelite/api/CollisionData
instanceKlass net/runelite/client/plugins/agility/AgilityConfig
instanceKlass ue
instanceKlass ub
instanceKlass net/runelite/client/plugins/achievementdiary/SkillRequirement
instanceKlass net/runelite/client/plugins/achievementdiary/QuestRequirement
instanceKlass net/runelite/client/plugins/achievementdiary/QuestPointRequirement
instanceKlass net/runelite/client/plugins/achievementdiary/OrRequirement
instanceKlass net/runelite/client/plugins/achievementdiary/GenericDiaryRequirement
instanceKlass net/runelite/client/plugins/achievementdiary/DiaryRequirement
instanceKlass net/runelite/client/plugins/achievementdiary/CombatLevelRequirement
instanceKlass net/runelite/client/plugins/achievementdiary/Requirement
instanceKlass net/runelite/client/plugins/PluginDescriptor
instanceKlass net/runelite/client/plugins/PluginDependencies
instanceKlass net/runelite/client/plugins/PluginManager$$Lambda$308
instanceKlass com/google/common/collect/AbstractIterator$1
instanceKlass com/google/common/base/Predicates$InstanceOfPredicate
instanceKlass com/google/common/base/Predicates
instanceKlass com/google/common/reflect/ClassPath$ResourceInfo
instanceKlass com/google/common/collect/AbstractMapBasedMultimap$Itr
instanceKlass net/runelite/api/EntityOps
instanceKlass net/runelite/api/HealthBarConfig
instanceKlass vz
instanceKlass net/runelite/api/WorldEntityConfig
instanceKlass java/util/zip/ZipFile$ZipEntryIterator
instanceKlass java/util/jar/JarFile$$Lambda$307
instanceKlass af
instanceKlass lx
instanceKlass net/runelite/api/events/PostClientTick
instanceKlass tj
instanceKlass yo
instanceKlass aat
instanceKlass com/google/common/base/AbstractIterator$1
instanceKlass cc
instanceKlass com/google/common/base/Splitter$5
instanceKlass um
instanceKlass dg
instanceKlass com/google/common/collect/MultimapBuilder$LinkedHashSetSupplier
instanceKlass com/google/common/reflect/ClassPath$Scanner
instanceKlass oo
instanceKlass com/google/common/base/Splitter$1
instanceKlass com/google/common/reflect/ClassPath$1
instanceKlass mc
instanceKlass com/google/common/reflect/ClassPath
instanceKlass uj
instanceKlass net/runelite/api/widgets/WidgetUtil
instanceKlass java/lang/ProcessHandleImpl$Info
instanceKlass java/lang/ProcessHandle$Info
instanceKlass java/lang/invoke/LambdaForm$DMH
instanceKlass net/runelite/client/ui/overlay/infobox/InfoBoxManager$$Lambda$306
instanceKlass java/lang/ProcessHandleImpl$$Lambda$305
instanceKlass java/lang/invoke/LambdaForm$DMH
instanceKlass md
instanceKlass java/lang/invoke/LambdaForm$DMH
instanceKlass java/lang/ProcessHandleImpl$$Lambda$304
instanceKlass java/lang/ProcessHandleImpl
instanceKlass java/lang/ProcessHandle
instanceKlass net/runelite/client/Updater
instanceKlass net/runelite/client/ui/overlay/infobox/InfoBoxManager$$Lambda$303
instanceKlass net/runelite/client/ui/overlay/infobox/InfoBoxManager$$Lambda$302
instanceKlass net/runelite/client/ui/overlay/infobox/InfoBoxManager$$Lambda$301
instanceKlass net/runelite/client/ui/overlay/infobox/InfoBoxManager$$Lambda$300
instanceKlass gd
instanceKlass net/runelite/client/ui/overlay/infobox/InfoBoxManager$$Lambda$299
instanceKlass ea
instanceKlass net/runelite/client/callback/ClientThread$$Lambda$298
instanceKlass gw
instanceKlass net/runelite/client/chat/ChatMessageManager$$Lambda$297
instanceKlass gn
instanceKlass java/lang/invoke/LambdaForm$DMH
instanceKlass aax
instanceKlass sb
instanceKlass sm
instanceKlass kf
instanceKlass dm
instanceKlass np
instanceKlass net/runelite/client/util/ColorUtil
instanceKlass qe
instanceKlass qq
instanceKlass net/runelite/api/Ignore
instanceKlass nk
instanceKlass net/runelite/api/PendingLogin
instanceKlass vm
instanceKlass net/runelite/client/config/ConfigItem
instanceKlass net/runelite/api/Friend
instanceKlass net/runelite/client/ui/JagexColors
instanceKlass net/runelite/client/chat/ChatMessageManager$1
instanceKlass bw
instanceKlass lh
instanceKlass net/runelite/api/events/ResizeableChanged
instanceKlass uo
instanceKlass ab
instanceKlass net/runelite/client/config/ConfigManager$$Lambda$296
instanceKlass net/runelite/client/config/ConfigManager$$Lambda$295
instanceKlass java/lang/invoke/LambdaForm$DMH
instanceKlass net/runelite/client/config/ConfigData$$Lambda$294
instanceKlass java/lang/invoke/LambdaForm$DMH
instanceKlass fe
instanceKlass net/runelite/api/events/VolumeChanged
instanceKlass java/lang/invoke/LambdaForm$MH
instanceKlass java/lang/invoke/LambdaForm$BMH
instanceKlass java/lang/invoke/LambdaForm$DMH
instanceKlass java/lang/invoke/LambdaForm$MH
instanceKlass java/lang/invoke/LambdaForm$MH
instanceKlass java/lang/invoke/LambdaForm$MH
instanceKlass java/lang/invoke/LambdaForm$MH
instanceKlass java/lang/invoke/LambdaForm$MH
instanceKlass qx
instanceKlass java/lang/invoke/LambdaForm$MH
instanceKlass java/lang/invoke/LambdaForm$MH
instanceKlass java/lang/invoke/LambdaForm$MH
instanceKlass java/lang/invoke/LambdaForm$MH
instanceKlass java/lang/invoke/LambdaForm$MH
instanceKlass java/lang/invoke/LambdaForm$MH
instanceKlass java/lang/invoke/LambdaForm$MH
instanceKlass java/lang/invoke/LambdaForm$MH
instanceKlass java/lang/invoke/LambdaForm$MH
instanceKlass java/lang/invoke/LambdaForm$MH
instanceKlass java/lang/invoke/LambdaForm$MH
instanceKlass java/lang/invoke/LambdaForm$MH
instanceKlass java/lang/invoke/LambdaForm$MH
instanceKlass java/lang/invoke/LambdaForm$MH
instanceKlass us
instanceKlass net/runelite/client/config/ConfigManager$$Lambda$293
instanceKlass net/runelite/client/config/ProfileManager$Lock$$Lambda$292
instanceKlass tz
instanceKlass java/lang/invoke/LambdaForm$DMH
instanceKlass tk
instanceKlass qy
instanceKlass com/google/gson/internal/ConstructorConstructor$8
instanceKlass ll
instanceKlass com/google/gson/internal/UnsafeAllocator
instanceKlass ad
instanceKlass com/google/gson/internal/ConstructorConstructor$14
instanceKlass sq
instanceKlass jh
instanceKlass net/runelite/client/config/Profiles
instanceKlass sun/nio/ch/FileKey
instanceKlass sun/nio/ch/FileLockTable
instanceKlass java/nio/channels/FileLock
instanceKlass java/awt/AWTEventMulticaster
instanceKlass java/awt/event/TextListener
instanceKlass java/awt/event/AdjustmentListener
instanceKlass java/awt/event/ItemListener
instanceKlass java/awt/event/WindowStateListener
instanceKlass tq$$Lambda$291
instanceKlass tq$$Lambda$290
instanceKlass mj
instanceKlass dq
instanceKlass mb
instanceKlass ww
instanceKlass aal
instanceKlass net/runelite/api/SceneTileModel
instanceKlass net/runelite/api/events/CanvasSizeChanged
instanceKlass sa
instanceKlass dd
instanceKlass kk
instanceKlass net/runelite/api/Texture
instanceKlass ae
instanceKlass at
instanceKlass xj
instanceKlass zl
instanceKlass lt
instanceKlass av
instanceKlass oe
instanceKlass me
instanceKlass aac
instanceKlass mt
instanceKlass sl
instanceKlass lz
instanceKlass bj
instanceKlass lm
instanceKlass bb
instanceKlass wt
instanceKlass net/runelite/api/clan/ClanChannelMember
instanceKlass zn
instanceKlass net/runelite/api/IntegerNode
instanceKlass nb
instanceKlass net/runelite/api/MidiRequest
instanceKlass gv
instanceKlass xe
instanceKlass eb
instanceKlass nh
instanceKlass net/runelite/api/ChatPlayer
instanceKlass rr
instanceKlass net/runelite/api/Nameable
instanceKlass rd
instanceKlass aao
instanceKlass yp
instanceKlass yh
instanceKlass kx
instanceKlass dt
instanceKlass qw
instanceKlass ro
instanceKlass ke
instanceKlass do
instanceKlass net/runelite/api/Constants
instanceKlass jdk/management/jfr/FlightRecorderMXBeanImpl$MXBeanListener
instanceKlass jdk/jfr/FlightRecorderListener
instanceKlass jdk/jfr/FlightRecorder
instanceKlass jdk/jfr/Recording
instanceKlass javax/management/NotificationFilter
instanceKlass javax/management/NotificationListener
instanceKlass javax/management/StandardMBean$MBeanInfoSafeAction
instanceKlass jdk/management/jfr/StreamManager
instanceKlass jdk/management/jfr/EventTypeInfo
instanceKlass jdk/management/jfr/RecordingInfo
instanceKlass jdk/management/jfr/ConfigurationInfo
instanceKlass sun/reflect/generics/tree/LongSignature
instanceKlass jdk/management/jfr/SettingDescriptorInfo$1
instanceKlass jdk/management/jfr/SettingDescriptorInfo
instanceKlass com/sun/management/VMOption
instanceKlass com/sun/management/internal/HotSpotDiagnostic
instanceKlass com/sun/management/HotSpotDiagnosticMXBean
instanceKlass java/lang/management/DefaultPlatformMBeanProvider$10$$Lambda$289
instanceKlass sun/nio/ch/FileChannelImpl$1
instanceKlass sun/management/ManagementFactoryHelper$1
instanceKlass java/lang/management/BufferPoolMXBean
instanceKlass com/sun/management/GcInfo
instanceKlass javax/management/openmbean/CompositeDataView
instanceKlass com/sun/management/internal/DiagnosticCommandImpl$Wrapper
instanceKlass com/sun/management/internal/DiagnosticCommandArgumentInfo
instanceKlass com/sun/management/internal/DiagnosticCommandInfo
instanceKlass com/sun/management/internal/DiagnosticCommandImpl$OperationInfoComparator
instanceKlass sun/management/ClassLoadingImpl
instanceKlass java/lang/management/ClassLoadingMXBean
instanceKlass javax/management/MBeanInfo$ArrayGettersSafeAction
instanceKlass javax/management/openmbean/OpenMBeanOperationInfo
instanceKlass java/util/logging/Logging
instanceKlass java/util/logging/LoggingMXBean
instanceKlass sun/management/ManagementFactoryHelper$PlatformLoggingImpl
instanceKlass java/lang/management/PlatformLoggingMXBean
instanceKlass sun/management/CompilationImpl
instanceKlass java/lang/management/CompilationMXBean
instanceKlass sun/management/VMManagementImpl$1
instanceKlass java/lang/management/MemoryUsage
instanceKlass sun/management/Sensor
instanceKlass sun/management/MemoryPoolImpl
instanceKlass java/lang/management/MemoryPoolMXBean
instanceKlass java/util/stream/Collectors$$Lambda$288
instanceKlass java/util/stream/Collectors$$Lambda$287
instanceKlass java/lang/invoke/LambdaForm$DMH
instanceKlass java/util/stream/Collectors$$Lambda$286
instanceKlass java/lang/management/DefaultPlatformMBeanProvider$5$$Lambda$285
instanceKlass java/lang/management/DefaultPlatformMBeanProvider$5$$Lambda$284
instanceKlass com/sun/management/GarbageCollectorMXBean
instanceKlass java/lang/management/GarbageCollectorMXBean
instanceKlass java/lang/management/MemoryManagerMXBean
instanceKlass java/lang/management/MemoryMXBean
instanceKlass sun/management/BaseOperatingSystemImpl
instanceKlass com/sun/management/OperatingSystemMXBean
instanceKlass java/lang/management/OperatingSystemMXBean
instanceKlass com/sun/jmx/mbeanserver/PerInterface$MethodAndSig
instanceKlass java/lang/management/LockInfo
instanceKlass java/lang/management/ThreadInfo
instanceKlass sun/management/ThreadImpl
instanceKlass com/sun/management/ThreadMXBean
instanceKlass java/lang/management/ThreadMXBean
instanceKlass com/sun/jmx/mbeanserver/WeakIdentityHashMap
instanceKlass com/sun/jmx/mbeanserver/MXBeanLookup
instanceKlass com/sun/jmx/mbeanserver/PerInterface$InitMaps
instanceKlass com/sun/jmx/mbeanserver/PerInterface
instanceKlass javax/management/openmbean/OpenMBeanAttributeInfo
instanceKlass javax/management/openmbean/OpenMBeanParameterInfo
instanceKlass com/sun/jmx/mbeanserver/MBeanIntrospector$MBeanInfoMaker
instanceKlass com/sun/jmx/mbeanserver/MBeanAnalyzer$MBeanVisitor
instanceKlass com/sun/jmx/mbeanserver/MBeanAnalyzer$AttrMethods
instanceKlass com/sun/jmx/mbeanserver/MXBeanMapping
instanceKlass javax/management/openmbean/TabularData
instanceKlass javax/management/openmbean/CompositeData
instanceKlass javax/management/openmbean/OpenType
instanceKlass com/sun/jmx/mbeanserver/MXBeanMappingFactory
instanceKlass com/sun/jmx/mbeanserver/ConvertingMethod
instanceKlass com/sun/jmx/mbeanserver/MBeanAnalyzer$MethodOrder
instanceKlass com/sun/jmx/mbeanserver/MBeanAnalyzer
instanceKlass com/sun/jmx/mbeanserver/MBeanIntrospector
instanceKlass javax/management/MXBean
instanceKlass com/sun/jmx/mbeanserver/MBeanSupport
instanceKlass com/sun/jmx/mbeanserver/DescriptorCache
instanceKlass javax/management/JMX
instanceKlass javax/management/StandardMBean
instanceKlass java/lang/management/ManagementFactory$$Lambda$283
instanceKlass java/lang/management/ManagementFactory$$Lambda$282
instanceKlass java/lang/management/ManagementFactory$$Lambda$281
instanceKlass java/lang/management/ManagementFactory$$Lambda$280
instanceKlass java/lang/invoke/LambdaForm$DMH
instanceKlass com/sun/jmx/mbeanserver/JmxMBeanServer$3
instanceKlass javax/management/ObjectInstance
instanceKlass com/sun/jmx/mbeanserver/NamedObject
instanceKlass com/sun/jmx/interceptor/DefaultMBeanServerInterceptor$ResourceContext$1
instanceKlass com/sun/jmx/interceptor/DefaultMBeanServerInterceptor$ResourceContext
instanceKlass com/sun/jmx/mbeanserver/Repository$RegistrationContext
instanceKlass com/sun/jmx/mbeanserver/DynamicMBean2
instanceKlass com/sun/jmx/defaults/JmxProperties
instanceKlass com/sun/jmx/mbeanserver/Introspector
instanceKlass com/sun/jmx/mbeanserver/JmxMBeanServer$2
instanceKlass com/sun/jmx/interceptor/DefaultMBeanServerInterceptor
instanceKlass com/sun/jmx/interceptor/MBeanServerInterceptor
instanceKlass com/sun/jmx/mbeanserver/Repository
instanceKlass com/sun/jmx/mbeanserver/JmxMBeanServer$1
instanceKlass com/sun/jmx/mbeanserver/SecureClassLoaderRepository
instanceKlass com/sun/jmx/mbeanserver/MBeanInstantiator
instanceKlass com/sun/jmx/mbeanserver/ClassLoaderRepositorySupport$LoaderEntry
instanceKlass com/sun/jmx/mbeanserver/ClassLoaderRepositorySupport
instanceKlass com/sun/jmx/mbeanserver/ModifiableClassLoaderRepository
instanceKlass javax/management/loading/ClassLoaderRepository
instanceKlass javax/management/ImmutableDescriptor
instanceKlass javax/management/Descriptor
instanceKlass com/sun/jmx/remote/util/ClassLogger
instanceKlass javax/management/NotificationBroadcasterSupport$1
instanceKlass javax/management/NotificationBroadcasterSupport
instanceKlass javax/management/MBeanInfo
instanceKlass javax/management/MBeanFeatureInfo
instanceKlass javax/management/DescriptorRead
instanceKlass javax/management/MBeanServerDelegate
instanceKlass javax/management/MBeanServerDelegateMBean
instanceKlass javax/management/MBeanRegistration
instanceKlass com/sun/jmx/mbeanserver/JmxMBeanServer
instanceKlass com/sun/jmx/mbeanserver/SunJmxMBeanServer
instanceKlass javax/management/MBeanServer
instanceKlass javax/management/MBeanServerConnection
instanceKlass javax/management/MBeanServerBuilder
instanceKlass javax/management/MBeanServerFactory
instanceKlass net/runelite/client/callback/Hooks$$Lambda$279
instanceKlass com/google/common/escape/ArrayBasedEscaperMap
instanceKlass com/google/common/escape/Escapers$Builder
instanceKlass com/google/common/escape/Escaper$1
instanceKlass com/google/common/escape/Escapers
instanceKlass net/runelite/client/ui/overlay/infobox/InfoBoxManager$$Lambda$278
instanceKlass net/runelite/client/ui/overlay/infobox/InfoBoxManager$$Lambda$277
instanceKlass net/runelite/client/ui/overlay/infobox/InfoBoxManager$$Lambda$276
instanceKlass net/runelite/client/ui/overlay/OverlayRenderer$$Lambda$275
instanceKlass net/runelite/client/ui/overlay/OverlayRenderer$$Lambda$274
instanceKlass net/runelite/client/ui/overlay/OverlayRenderer$$Lambda$273
instanceKlass net/runelite/client/ui/overlay/OverlayRenderer$$Lambda$272
instanceKlass net/runelite/client/ui/overlay/OverlayRenderer$$Lambda$271
instanceKlass net/runelite/client/ui/overlay/OverlayRenderer$$Lambda$270
instanceKlass net/runelite/client/util/HotkeyListener
instanceKlass net/runelite/client/input/KeyManager$$Lambda$269
instanceKlass com/google/inject/internal/MembersInjectorImpl$1
instanceKlass com/google/inject/internal/SingleMethodInjector$1
instanceKlass com/google/inject/internal/InjectorImpl$MethodInvoker
instanceKlass com/google/inject/internal/SingleMethodInjector
instanceKlass com/google/inject/spi/InjectionPoint$OverrideIndex
instanceKlass ac
instanceKlass qd
instanceKlass qm
instanceKlass tc
instanceKlass java/util/concurrent/Semaphore
instanceKlass java/awt/Container$EventTargetFilter
instanceKlass java/awt/event/ContainerListener
instanceKlass java/beans/Transient
instanceKlass java/awt/BufferCapabilities
instanceKlass javax/accessibility/AccessibleStateSet
instanceKlass java/awt/image/ImageProducer
instanceKlass java/awt/PointerInfo
instanceKlass java/awt/Event
instanceKlass java/time/format/DateTimeFormatter$$Lambda$268
instanceKlass java/time/format/DateTimeFormatter$$Lambda$267
instanceKlass java/time/Period
instanceKlass java/time/chrono/ChronoPeriod
instanceKlass javax/accessibility/AccessibleContext
instanceKlass java/time/format/DateTimeFormatterBuilder$TextPrinterParser
instanceKlass java/awt/event/MouseWheelListener
instanceKlass java/time/format/DateTimeTextProvider$1
instanceKlass java/awt/event/HierarchyBoundsListener
instanceKlass java/awt/dnd/DropTarget
instanceKlass java/awt/dnd/DropTargetListener
instanceKlass java/time/format/DateTimeTextProvider
instanceKlass java/awt/image/BufferStrategy
instanceKlass java/time/format/DateTimeTextProvider$LocaleStore
instanceKlass java/time/format/DateTimeFormatterBuilder$InstantPrinterParser
instanceKlass java/time/format/DateTimeFormatterBuilder$StringLiteralPrinterParser
instanceKlass java/time/format/DateTimeFormatterBuilder$ZoneIdPrinterParser
instanceKlass java/time/format/DateTimeFormatterBuilder$OffsetIdPrinterParser
instanceKlass net/runelite/client/ui/overlay/OverlayManager$$Lambda$266
instanceKlass java/time/format/DecimalStyle
instanceKlass java/time/format/DateTimeFormatterBuilder$CompositePrinterParser
instanceKlass java/time/chrono/AbstractChronology
instanceKlass java/time/chrono/Chronology
instanceKlass java/time/format/DateTimeFormatterBuilder$CharLiteralPrinterParser
instanceKlass java/time/format/DateTimeFormatterBuilder$NumberPrinterParser
instanceKlass java/time/format/DateTimeFormatterBuilder$DateTimePrinterParser
instanceKlass java/time/format/DateTimeFormatterBuilder$2
instanceKlass java/time/temporal/JulianFields
instanceKlass java/time/temporal/IsoFields
instanceKlass java/time/format/DateTimeFormatterBuilder$$Lambda$265
instanceKlass java/time/temporal/TemporalQuery
instanceKlass java/time/format/DateTimeFormatterBuilder
instanceKlass java/time/format/DateTimeFormatter
instanceKlass java/time/zone/Ser
instanceKlass java/io/Externalizable
instanceKlass com/google/common/base/CharMatcher
instanceKlass java/time/zone/ZoneRulesProvider$1
instanceKlass java/time/zone/ZoneRulesProvider
instanceKlass com/google/common/base/AbstractIterator
instanceKlass net/runelite/client/ui/FontManager$$Lambda$264
instanceKlass java/lang/invoke/LambdaForm$DMH
instanceKlass com/google/common/base/Splitter$2
instanceKlass com/google/common/base/Splitter$Strategy
instanceKlass net/runelite/client/ui/FontManager$$Lambda$263
instanceKlass net/runelite/client/ui/FontManager$$Lambda$262
instanceKlass net/runelite/client/ui/FontManager$$Lambda$261
instanceKlass net/runelite/client/ui/overlay/Overlay$1
instanceKlass net/runelite/client/ui/FontManager$$Lambda$260
instanceKlass net/runelite/client/ui/FontManager$$Lambda$259
instanceKlass net/runelite/client/ui/FontManager$$Lambda$258
instanceKlass java/nio/file/Files$$Lambda$257
instanceKlass java/nio/file/Files$2
instanceKlass net/runelite/client/chat/ChatMessageManager$$Lambda$256
instanceKlass net/runelite/client/chat/ChatMessageManager$$Lambda$255
instanceKlass net/runelite/client/chat/ChatMessageManager$$Lambda$254
instanceKlass javax/swing/text/StyleContext$SmallAttributeSet
instanceKlass javax/swing/text/StyleContext$NamedStyle
instanceKlass javax/swing/text/Style
instanceKlass javax/swing/text/SimpleAttributeSet$EmptyAttributeSet
instanceKlass javax/swing/text/SimpleAttributeSet
instanceKlass javax/swing/text/MutableAttributeSet
instanceKlass javax/swing/text/AttributeSet
instanceKlass javax/swing/text/StyleContext$FontKey
instanceKlass javax/swing/text/AttributeSet$ParagraphAttribute
instanceKlass javax/swing/text/AttributeSet$ColorAttribute
instanceKlass javax/swing/text/AttributeSet$FontAttribute
instanceKlass javax/swing/text/AttributeSet$CharacterAttribute
instanceKlass javax/swing/text/StyleConstants
instanceKlass javax/swing/text/StyleContext
instanceKlass javax/swing/text/AbstractDocument$AttributeContext
instanceKlass net/runelite/client/ui/ClientUI$$Lambda$253
instanceKlass sun/font/SunFontManager$9
instanceKlass net/runelite/client/ui/NavigationButton$$Lambda$252
instanceKlass net/runelite/client/ui/NavigationButton$$Lambda$251
instanceKlass net/runelite/client/config/FontType
instanceKlass net/runelite/client/config/Keybind
instanceKlass java/util/UUID$Holder
instanceKlass com/sun/jna/NativeLibrary
instanceKlass com/sun/jna/AltCallingConvention
instanceKlass com/sun/jna/Library$Handler
instanceKlass com/sun/jna/Native$2
instanceKlass com/sun/jna/Structure$FFIType$FFITypes
instanceKlass com/sun/jna/Native$ffi_callback
instanceKlass com/sun/jna/JNIEnv
instanceKlass com/sun/jna/PointerType
instanceKlass com/sun/jna/NativeMapped
instanceKlass com/sun/jna/WString
instanceKlass com/sun/jna/win32/DLLCallback
instanceKlass com/sun/jna/CallbackProxy
instanceKlass com/sun/jna/Callback
instanceKlass com/sun/jna/Structure$ByValue
instanceKlass com/sun/jna/FromNativeConverter
instanceKlass com/sun/jna/ToNativeConverter
instanceKlass com/sun/jna/ToNativeContext
instanceKlass com/sun/jna/Pointer
instanceKlass sun/font/SunFontManager$11
instanceKlass sun/font/SunFontManager$FamilyDescription
instanceKlass sun/font/SunFontManager$10
instanceKlass java/io/RandomAccessFile$1
instanceKlass sun/font/SunFontManager$TTorT1Filter
instanceKlass sun/font/SunFontManager$4
instanceKlass sun/font/SunFontManager$13
instanceKlass sun/font/SunFontManager$$Lambda$250
instanceKlass sun/font/SunFontManager$8
instanceKlass sun/font/FileFont$CreatedFontFileDisposerRecord
instanceKlass java/io/DeleteOnExitHook$1
instanceKlass java/io/DeleteOnExitHook
instanceKlass java/io/File$TempDirectory
instanceKlass com/sun/jna/Native$5
instanceKlass com/sun/jna/Platform
instanceKlass com/sun/jna/Native$1
instanceKlass com/sun/jna/FromNativeContext
instanceKlass com/sun/jna/Callback$UncaughtExceptionHandler
instanceKlass com/sun/jna/Native
instanceKlass com/sun/jna/Version
instanceKlass net/runelite/client/externalplugins/ExternalPluginManager$$Lambda$249
instanceKlass java/awt/Font$2
instanceKlass sun/nio/fs/WindowsChannelFactory$2
instanceKlass net/runelite/client/util/RunnableExceptionLogger
instanceKlass sun/nio/fs/WindowsPath$1
instanceKlass java/nio/file/TempFileHelper
instanceKlass net/runelite/client/config/ConfigManager$$Lambda$248
instanceKlass java/awt/Font$1
instanceKlass net/runelite/client/ui/FontManager
instanceKlass net/runelite/client/RuneLiteModule$$Lambda$247
instanceKlass net/runelite/client/ClassPreloader
instanceKlass net/runelite/client/rs/RSAppletStub
instanceKlass ye
instanceKlass qi
instanceKlass ga
instanceKlass cz
instanceKlass bo
instanceKlass bk
instanceKlass net/runelite/api/Perspective
instanceKlass gb
instanceKlass qs
instanceKlass de
instanceKlass be
instanceKlass pq
instanceKlass xg
instanceKlass xh
instanceKlass db
instanceKlass dx
instanceKlass java/lang/invoke/LambdaForm$MH
instanceKlass java/lang/invoke/LambdaForm$MH
instanceKlass java/lang/invoke/LambdaForm$MH
instanceKlass java/lang/invoke/LambdaForm$MH
instanceKlass java/lang/invoke/LambdaForm$MH
instanceKlass java/lang/invoke/LambdaForm$DMH
instanceKlass java/lang/invoke/LambdaForm$MH
instanceKlass java/lang/invoke/LambdaForm$DMH
instanceKlass java/lang/invoke/LambdaForm$MH
instanceKlass java/lang/invoke/LambdaForm$MH
instanceKlass java/lang/invoke/LambdaForm$MH
instanceKlass java/lang/invoke/LambdaForm$MH
instanceKlass java/lang/invoke/LambdaForm$DMH
instanceKlass java/lang/invoke/LambdaForm$DMH
instanceKlass java/lang/invoke/LambdaForm$MH
instanceKlass java/lang/invoke/LambdaForm$MH
instanceKlass java/lang/invoke/LambdaForm$MH
instanceKlass java/lang/invoke/LambdaForm$DMH
instanceKlass java/lang/invoke/LambdaForm$MH
instanceKlass java/lang/invoke/LambdaForm$DMH
instanceKlass java/lang/invoke/LambdaForm$MH
instanceKlass java/lang/invoke/LambdaForm$DMH
instanceKlass java/lang/invoke/LambdaForm$MH
instanceKlass java/lang/invoke/LambdaForm$DMH
instanceKlass java/lang/invoke/LambdaForm$MH
instanceKlass java/lang/invoke/LambdaForm$DMH
instanceKlass java/lang/invoke/LambdaForm$MH
instanceKlass java/lang/invoke/LambdaForm$DMH
instanceKlass java/lang/invoke/LambdaForm$MH
instanceKlass java/lang/invoke/LambdaForm$MH
instanceKlass java/lang/invoke/LambdaForm$MH
instanceKlass java/lang/invoke/LambdaForm$BMH
instanceKlass java/lang/invoke/LambdaForm$DMH
instanceKlass java/lang/invoke/LambdaForm$MH
instanceKlass java/lang/invoke/LambdaForm$MH
instanceKlass java/lang/invoke/LambdaForm$MH
instanceKlass java/lang/invoke/LambdaForm$MH
instanceKlass java/lang/invoke/LambdaForm$MH
instanceKlass java/lang/invoke/LambdaForm$MH
instanceKlass java/lang/invoke/LambdaForm$MH
instanceKlass java/lang/invoke/LambdaForm$MH
instanceKlass java/lang/invoke/LambdaForm$MH
instanceKlass java/lang/invoke/LambdaForm$MH
instanceKlass java/lang/invoke/LambdaForm$MH
instanceKlass java/lang/invoke/LambdaForm$MH
instanceKlass java/lang/invoke/LambdaForm$MH
instanceKlass java/lang/invoke/LambdaForm$MH
instanceKlass java/lang/invoke/LambdaForm$MH
instanceKlass java/lang/invoke/LambdaForm$MH
instanceKlass java/lang/invoke/LambdaForm$MH
instanceKlass java/lang/invoke/LambdaForm$MH
instanceKlass java/lang/invoke/LambdaForm$MH
instanceKlass java/lang/invoke/LambdaForm$MH
instanceKlass java/lang/invoke/LambdaForm$MH
instanceKlass client$$Lambda$246
instanceKlass java/lang/invoke/LambdaForm$MH
instanceKlass java/lang/invoke/LambdaForm$DMH
instanceKlass java/lang/invoke/LambdaForm$BMH
instanceKlass java/lang/invoke/LambdaForm$DMH
instanceKlass java/lang/invoke/LambdaForm$MH
instanceKlass java/lang/invoke/LambdaForm$BMH
instanceKlass java/lang/invoke/LambdaForm$DMH
instanceKlass java/lang/invoke/LambdaForm$DMH
instanceKlass sun/invoke/util/ValueConversions$1
instanceKlass java/lang/invoke/LambdaForm$MH
instanceKlass java/lang/invoke/LambdaForm$MH
instanceKlass java/lang/invoke/LambdaForm$DMH
instanceKlass java/lang/invoke/LambdaForm$DMH
instanceKlass java/lang/invoke/MethodHandleImpl$ArrayAccessor
instanceKlass java/lang/invoke/MethodHandleImpl$2
instanceKlass java/lang/invoke/MethodHandleImpl$LoopClauses
instanceKlass java/lang/invoke/LambdaForm$MH
instanceKlass java/lang/invoke/LambdaForm$MH
instanceKlass java/lang/invoke/LambdaForm$MH
instanceKlass java/lang/invoke/LambdaForm$MH
instanceKlass java/lang/invoke/LambdaForm$DMH
instanceKlass java/lang/invoke/ConstantBootstraps
instanceKlass ak
instanceKlass tx
instanceKlass java/awt/event/ComponentAdapter
instanceKlass com/jagex/oldscape/pub/RefreshAccessTokenRequester
instanceKlass net/runelite/api/TileFunction
instanceKlass net/runelite/api/RuneLiteObjectController
instanceKlass java/util/function/IntPredicate
instanceKlass jc
instanceKlass yi
instanceKlass net/runelite/api/Rasterizer
instanceKlass net/runelite/api/coords/LocalPoint
instanceKlass net/runelite/api/hooks/DrawCallbacks
instanceKlass cx
instanceKlass al
instanceKlass com/jagex/oldscape/pub/OtlTokenRequester
instanceKlass vb
instanceKlass aar
instanceKlass wm
instanceKlass rl4
instanceKlass aam
instanceKlass uz
instanceKlass cy
instanceKlass rl9
instanceKlass fj
instanceKlass oz
instanceKlass cm
instanceKlass ec
instanceKlass yk
instanceKlass net/runelite/api/clan/ClanRank
instanceKlass by
instanceKlass zg
instanceKlass kr
instanceKlass zs
instanceKlass oq
instanceKlass java/awt/datatransfer/Clipboard
instanceKlass gh
instanceKlass hm
instanceKlass uq
instanceKlass aae
instanceKlass xw
instanceKlass xq
instanceKlass xo
instanceKlass client$$Lambda$245
instanceKlass rl7
instanceKlass java/lang/invoke/LambdaForm$DMH
instanceKlass java/lang/invoke/LambdaForm$DMH
instanceKlass java/lang/Math$RandomNumberGeneratorHolder
instanceKlass bf
instanceKlass xk
instanceKlass aau
instanceKlass vs
instanceKlass rl5
instanceKlass gp
instanceKlass wz
instanceKlass le
instanceKlass du
instanceKlass bd
instanceKlass ck
instanceKlass kq
instanceKlass wc
instanceKlass rv
instanceKlass fw
instanceKlass rl16
instanceKlass kg
instanceKlass net/runelite/api/IntProjection
instanceKlass net/runelite/api/GroundObject
instanceKlass net/runelite/api/WallObject
instanceKlass net/runelite/api/DecorativeObject
instanceKlass net/runelite/api/FloatProjection
instanceKlass fv
instanceKlass net/runelite/api/Projection
instanceKlass net/runelite/api/GameObject
instanceKlass cs
instanceKlass up
instanceKlass cp
instanceKlass ci
instanceKlass mm
instanceKlass iq
instanceKlass fc
instanceKlass fa
instanceKlass yj
instanceKlass fl
instanceKlass lj
instanceKlass bm
instanceKlass lu
instanceKlass lv
instanceKlass bz
instanceKlass ky
instanceKlass gt
instanceKlass dc
instanceKlass sj
instanceKlass df
instanceKlass nn
instanceKlass tw
instanceKlass tn
instanceKlass ya
instanceKlass cl
instanceKlass aap
instanceKlass en
instanceKlass gg
instanceKlass pv
instanceKlass qn
instanceKlass pd
instanceKlass rq
instanceKlass rb
instanceKlass rj
instanceKlass yn
instanceKlass net/runelite/api/IndexedObjectSet
instanceKlass nz
instanceKlass jz
instanceKlass net/runelite/api/ColorTextureOverride
instanceKlass lc
instanceKlass net/runelite/api/PlayerComposition
instanceKlass ox
instanceKlass gi
instanceKlass cf
instanceKlass za
instanceKlass to
instanceKlass sd
instanceKlass nv
instanceKlass dj
instanceKlass ti
instanceKlass net/runelite/api/SceneTilePaint
instanceKlass net/runelite/api/ScriptEventBuilder
instanceKlass net/runelite/api/worldmap/MapElementConfig
instanceKlass net/runelite/api/FriendsChatManager
instanceKlass net/runelite/api/StructComposition
instanceKlass net/runelite/api/ObjectComposition
instanceKlass net/runelite/api/AmbientSoundEffect
instanceKlass net/runelite/api/Deque
instanceKlass net/runelite/api/TextureProvider
instanceKlass net/runelite/api/clan/ClanSettings
instanceKlass net/runelite/api/RenderOverview
instanceKlass net/runelite/api/worldmap/WorldMap
instanceKlass net/runelite/api/Preferences
instanceKlass net/runelite/api/FriendContainer
instanceKlass net/runelite/api/dbtable/DBRowConfig
instanceKlass net/runelite/api/NPCComposition
instanceKlass net/runelite/api/Menu
instanceKlass net/runelite/api/Animation
instanceKlass net/runelite/api/VarbitComposition
instanceKlass net/runelite/api/HashTable
instanceKlass net/runelite/api/World
instanceKlass net/runelite/api/ItemContainer
instanceKlass net/runelite/api/NodeCache
instanceKlass net/runelite/api/IndexedSprite
instanceKlass net/runelite/api/SpritePixels
instanceKlass net/runelite/api/WorldEntity
instanceKlass net/runelite/api/IterableHashTable
instanceKlass net/runelite/api/EnumComposition
instanceKlass net/runelite/api/clan/ClanChannel
instanceKlass net/runelite/api/ModelData
instanceKlass fg
instanceKlass net/runelite/api/Script
instanceKlass rt
instanceKlass net/runelite/api/NameableContainer
instanceKlass net/runelite/api/FontTypeFace
instanceKlass net/runelite/api/ActorSpotAnim
instanceKlass net/runelite/api/widgets/WidgetConfigNode
instanceKlass th
instanceKlass ut
instanceKlass aaj
instanceKlass uk
instanceKlass net/runelite/api/DynamicObject
instanceKlass net/runelite/api/GrandExchangeOffer
instanceKlass net/runelite/api/Projectile
instanceKlass va
instanceKlass net/runelite/api/IndexDataBase
instanceKlass wg
instanceKlass vy
instanceKlass net/runelite/api/Model
instanceKlass net/runelite/api/Mesh
instanceKlass xz
instanceKlass net/runelite/api/TileItem
instanceKlass net/runelite/api/GraphicsObject
instanceKlass vn
instanceKlass jt
instanceKlass go
instanceKlass gz
instanceKlass jx
instanceKlass jv
instanceKlass pu
instanceKlass ly
instanceKlass net/runelite/api/WidgetNode
instanceKlass so
instanceKlass da
instanceKlass tl
instanceKlass net/runelite/api/NPC
instanceKlass qv
instanceKlass net/runelite/api/PacketBuffer
instanceKlass yb
instanceKlass net/runelite/api/Player
instanceKlass net/runelite/api/Actor
instanceKlass net/runelite/api/CameraFocusableEntity
instanceKlass vq
instanceKlass mf
instanceKlass java/awt/datatransfer/Transferable
instanceKlass yd
instanceKlass java/awt/event/MouseMotionListener
instanceKlass mh
instanceKlass ap
instanceKlass rl0
instanceKlass java/awt/event/FocusListener
instanceKlass nq
instanceKlass rg
instanceKlass sun/security/ec/ECDHKeyAgreement$$Lambda$244
instanceKlass sun/security/ec/point/AffinePoint
instanceKlass sun/security/ec/point/ProjectivePoint
instanceKlass sun/security/ec/point/ImmutablePoint
instanceKlass sun/security/ec/point/MutablePoint
instanceKlass sun/security/ec/ECOperations
instanceKlass java/security/spec/ECPublicKeySpec
instanceKlass sun/security/ssl/ECDHKeyExchange$ECDHECredentials
instanceKlass okhttp3/internal/http1/Http1ExchangeCodec$AbstractSource
instanceKlass com/google/inject/internal/InjectorImpl$2$1
instanceKlass net/runelite/client/SessionClient
instanceKlass net/runelite/client/discord/DiscordPresence
instanceKlass com/sun/jna/Structure
instanceKlass net/runelite/discord/DiscordRPC
instanceKlass com/sun/jna/Library
instanceKlass net/runelite/client/externalplugins/PluginHubManifest$JarData
instanceKlass net/runelite/client/externalplugins/PluginHubManifest$ManifestLite
instanceKlass net/runelite/client/externalplugins/ExternalPluginClient
instanceKlass net/runelite/client/ClientSessionManager
instanceKlass net/runelite/client/discord/DiscordService
instanceKlass jdk/internal/HotSpotIntrinsicCandidate
instanceKlass java/lang/invoke/LambdaForm$MH
instanceKlass net/runelite/client/RuntimeConfigRefresher$$Lambda$243
instanceKlass net/runelite/client/util/ReflectUtil$PrivateLookupableClassLoader
instanceKlass net/runelite/client/util/ReflectUtil
instanceKlass java/lang/invoke/LambdaForm$MH
instanceKlass java/lang/invoke/LambdaForm$MH
instanceKlass java/lang/invoke/LambdaForm$MH
instanceKlass java/lang/invoke/LambdaForm$MH
instanceKlass java/lang/invoke/LambdaForm$MH
instanceKlass java/lang/invoke/LambdaForm$MH
instanceKlass java/lang/invoke/LambdaForm$MH
instanceKlass java/lang/invoke/LambdaForm$MH
instanceKlass java/lang/invoke/LambdaForm$MH
instanceKlass java/lang/invoke/LambdaForm$MH
instanceKlass java/lang/invoke/LambdaForm$MH
instanceKlass java/lang/invoke/LambdaForm$MH
instanceKlass java/lang/invoke/LambdaForm$MH
instanceKlass java/lang/invoke/LambdaForm$MH
instanceKlass java/lang/invoke/LambdaForm$MH
instanceKlass java/lang/invoke/LambdaForm$MH
instanceKlass java/lang/invoke/LambdaForm$MH
instanceKlass java/lang/invoke/LambdaForm$MH
instanceKlass java/lang/invoke/LambdaForm$MH
instanceKlass java/lang/invoke/LambdaForm$MH
instanceKlass java/lang/invoke/LambdaForm$MH
instanceKlass java/lang/invoke/LambdaForm$MH
instanceKlass java/lang/invoke/LambdaForm$MH
instanceKlass java/lang/invoke/LambdaForm$MH
instanceKlass java/lang/invoke/LambdaForm$MH
instanceKlass java/lang/invoke/LambdaForm$MH
instanceKlass java/lang/invoke/LambdaForm$MH
instanceKlass java/util/Comparator$$Lambda$242
instanceKlass java/util/Comparator$$Lambda$241
instanceKlass net/runelite/client/eventbus/EventBus$$Lambda$240
instanceKlass java/util/Collections$ReverseComparator2
instanceKlass java/util/Collections$ReverseComparator
instanceKlass java/util/Comparator$$Lambda$239
instanceKlass net/runelite/client/eventbus/EventBus$$Lambda$238
instanceKlass java/util/function/ToDoubleFunction
instanceKlass java/lang/invoke/LambdaForm$DMH
instanceKlass com/google/common/collect/SortedSetMultimap
instanceKlass com/google/common/collect/Multimaps
instanceKlass com/google/common/collect/MultimapBuilder$ArrayListSupplier
instanceKlass com/google/common/collect/MultimapBuilder$MultimapBuilderWithKeys
instanceKlass com/google/common/collect/MultimapBuilder
instanceKlass com/google/common/collect/ImmutableMultimap$Builder
instanceKlass java/time/Instant$1
instanceKlass java/time/Clock
instanceKlass com/google/inject/internal/CircularDependencyProxy
instanceKlass com/google/inject/internal/ProviderToInternalFactoryAdapter$1
instanceKlass com/google/common/collect/TransformedIterator
instanceKlass com/google/common/collect/AbstractMapBasedMultimap$AsMap$AsMapIterator
instanceKlass com/google/inject/internal/InternalContext$DependencyStack
instanceKlass com/google/inject/internal/InternalContext
instanceKlass com/google/inject/internal/InternalInjectorCreator$1
instanceKlass com/google/common/collect/Iterators$ConcatenatedIterator
instanceKlass com/google/common/collect/FluentIterable
instanceKlass com/google/common/collect/Iterables
instanceKlass net/runelite/client/callback/Hooks$RenderableDrawListener
instanceKlass net/runelite/api/MainBufferProvider
instanceKlass net/runelite/api/BufferProvider
instanceKlass net/runelite/api/events/GameTick
instanceKlass net/runelite/api/TileObject
instanceKlass net/runelite/api/Scene
instanceKlass net/runelite/api/Renderable
instanceKlass java/lang/Process
instanceKlass net/runelite/client/config/Notification
instanceKlass com/google/common/escape/Escaper
instanceKlass javax/sound/sampled/Clip
instanceKlass javax/sound/sampled/DataLine
instanceKlass javax/sound/sampled/Control$Type
instanceKlass javax/sound/sampled/Line
instanceKlass net/runelite/client/audio/AudioPlayer
instanceKlass net/runelite/client/events/InfoBoxMenuClicked
instanceKlass net/runelite/client/ui/overlay/infobox/InfoBox
instanceKlass net/runelite/api/events/PostMenuSort
instanceKlass net/runelite/api/events/CommandExecuted
instanceKlass net/runelite/api/events/BeforeRender
instanceKlass net/runelite/api/events/MenuOpened
instanceKlass net/runelite/client/ui/ClientUI$HistoryEntry
instanceKlass java/awt/ItemSelectable
instanceKlass net/runelite/client/ui/NavigationButton
instanceKlass net/runelite/api/events/FocusChanged
instanceKlass net/runelite/client/input/MouseWheelListener
instanceKlass net/runelite/api/widgets/Widget
instanceKlass net/runelite/client/ui/overlay/WidgetOverlays
instanceKlass net/runelite/api/coords/WorldPoint
instanceKlass net/runelite/api/Point
instanceKlass net/runelite/api/ScriptEvent
instanceKlass com/google/common/base/Splitter
instanceKlass net/runelite/client/ui/overlay/worldmap/WorldMapPoint
instanceKlass net/runelite/client/ui/overlay/worldmap/WorldMapPointManager
instanceKlass net/runelite/client/ui/overlay/OverlayMenuEntry
instanceKlass net/runelite/client/ui/overlay/tooltip/Tooltip
instanceKlass net/runelite/client/ui/overlay/tooltip/TooltipManager
instanceKlass net/runelite/client/ui/overlay/SnapCorner
instanceKlass net/runelite/client/ui/overlay/Overlay
instanceKlass net/runelite/client/ui/overlay/components/LayoutableRenderableEntity
instanceKlass net/runelite/client/ui/overlay/RenderableEntity
instanceKlass net/runelite/client/ui/overlay/SnapCorners
instanceKlass net/runelite/client/ui/overlay/OverlayManager
instanceKlass net/runelite/client/input/KeyListener
instanceKlass java/awt/event/KeyListener
instanceKlass net/runelite/client/callback/RenderCallbackManager
instanceKlass net/runelite/client/Notifier
instanceKlass net/runelite/client/ui/DrawManager
instanceKlass net/runelite/client/input/KeyManager
instanceKlass net/runelite/client/input/MouseManager
instanceKlass net/runelite/client/ui/overlay/infobox/InfoBoxManager
instanceKlass net/runelite/client/input/MouseAdapter
instanceKlass net/runelite/client/callback/RenderCallback
instanceKlass com/sun/net/httpserver/HttpExchange
instanceKlass com/sun/net/httpserver/HttpServer
instanceKlass net/runelite/client/account/AccountSession
instanceKlass net/runelite/http/api/account/OAuthResponse
instanceKlass com/google/common/graph/MutableGraph
instanceKlass net/runelite/client/plugins/PluginDependency
instanceKlass com/google/inject/internal/InjectorImpl$ProviderBindingImpl$1
instanceKlass com/google/inject/internal/InjectorImpl$2
instanceKlass net/runelite/api/WorldView
instanceKlass net/runelite/api/Tile
instanceKlass net/runelite/client/task/ScheduledMethod
instanceKlass com/google/inject/Key$AnnotationTypeStrategy
instanceKlass net/runelite/client/game/ItemStats
instanceKlass net/runelite/http/api/item/ItemStats
instanceKlass net/runelite/api/ItemComposition
instanceKlass net/runelite/api/ParamHolder
instanceKlass net/runelite/http/api/item/ItemPrice
instanceKlass net/runelite/client/chat/ChatColor
instanceKlass net/runelite/client/events/ConfigChanged
instanceKlass net/runelite/api/events/ScriptCallbackEvent
instanceKlass net/runelite/client/events/ProfileChanged
instanceKlass net/runelite/api/MessageNode
instanceKlass net/runelite/api/Node
instanceKlass net/runelite/client/chat/QueuedMessage
instanceKlass com/google/inject/internal/SingleFieldInjector
instanceKlass java/util/function/BooleanSupplier
instanceKlass net/runelite/client/menus/WidgetMenuOption
instanceKlass net/runelite/api/MenuEntry
instanceKlass net/runelite/api/events/PlayerMenuOptionsChanged
instanceKlass net/runelite/api/events/MenuEntryAdded
instanceKlass net/runelite/api/events/GameStateChanged
instanceKlass net/runelite/client/eventbus/Subscribe
instanceKlass net/runelite/client/events/ClientShutdown
instanceKlass net/runelite/api/events/PlayerChanged
instanceKlass net/runelite/api/events/WorldChanged
instanceKlass net/runelite/client/events/SessionClose
instanceKlass net/runelite/client/events/SessionOpen
instanceKlass net/runelite/client/config/ConfigItemDescriptor
instanceKlass net/runelite/client/config/ConfigDescriptor
instanceKlass net/runelite/client/config/ConfigSectionDescriptor
instanceKlass net/runelite/client/config/ConfigObject
instanceKlass net/runelite/http/api/config/Profile
instanceKlass net/runelite/client/events/RuneScapeProfileChanged
instanceKlass net/runelite/api/events/AccountHashChanged
instanceKlass net/runelite/client/config/RuneScapeProfile
instanceKlass net/runelite/client/config/ConfigData
instanceKlass net/runelite/client/config/ConfigInvocationHandler
instanceKlass net/runelite/client/config/ConfigProfile
instanceKlass net/runelite/client/config/ProfileManager$Lock
instanceKlass com/google/inject/internal/DefaultConstructionProxyFactory$ReflectiveProxy
instanceKlass com/google/inject/internal/ConstructorInjector
instanceKlass com/google/inject/internal/ConstructionProxy
instanceKlass com/google/inject/internal/DefaultConstructionProxyFactory
instanceKlass com/google/inject/internal/MembersInjectorImpl
instanceKlass com/google/inject/internal/EncounterImpl
instanceKlass net/runelite/http/api/config/ConfigPatch
instanceKlass net/runelite/http/api/config/Configuration
instanceKlass net/runelite/client/config/ProfileManager
instanceKlass net/runelite/client/config/ConfigClient
instanceKlass com/google/inject/internal/SingleParameterInjector
instanceKlass net/runelite/client/account/AccountClient
instanceKlass com/google/inject/util/Types
instanceKlass net/runelite/client/util/GameEventManager
instanceKlass sun/reflect/generics/tree/BooleanSignature
instanceKlass com/google/common/graph/Graph
instanceKlass com/google/common/graph/BaseGraph
instanceKlass com/google/common/graph/PredecessorsFunction
instanceKlass com/google/common/graph/SuccessorsFunction
instanceKlass net/runelite/client/game/ItemClient
instanceKlass net/runelite/client/callback/ClientThread
instanceKlass com/google/inject/internal/ConstructorBindingImpl$Factory
instanceKlass com/google/inject/ProvidedBy
instanceKlass com/google/inject/ImplementedBy
instanceKlass com/google/inject/internal/AbstractBindingProcessor$Processor$1
instanceKlass com/google/inject/internal/ProviderMethod$Factory
instanceKlass net/runelite/client/config/ConfigGroup
instanceKlass com/google/inject/spi/ProvidesMethodTargetVisitor
instanceKlass com/google/inject/internal/FactoryProxy
instanceKlass com/google/inject/internal/ProvisionListenerStackCallback$ProvisionCallback
instanceKlass com/google/inject/internal/ProviderInternalFactory
instanceKlass com/google/inject/internal/InternalFactoryToProviderAdapter
instanceKlass com/google/inject/internal/CycleDetectingLock$CycleDetectingLockFactory$ReentrantCycleDetectingLock
instanceKlass com/google/inject/internal/ConstructionContext
instanceKlass okhttp3/internal/http1/Http1ExchangeCodec
instanceKlass com/google/inject/internal/SingletonScope$1
instanceKlass com/google/inject/internal/ProviderToInternalFactoryAdapter
instanceKlass com/google/inject/internal/ProvisionListenerStackCallback
instanceKlass com/google/common/cache/LocalCache$AbstractReferenceEntry
instanceKlass com/google/inject/internal/ProvisionListenerCallbackStore$KeyBinding
instanceKlass com/google/inject/internal/util/Classes
instanceKlass com/google/inject/spi/ExposedBinding
instanceKlass com/google/inject/internal/CreationListener
instanceKlass com/google/inject/internal/InjectorShell$LoggerFactory
instanceKlass com/google/inject/internal/InjectorShell$InjectorFactory
instanceKlass com/google/inject/internal/Initializables$1
instanceKlass com/google/inject/internal/Initializables
instanceKlass com/google/inject/internal/ConstantFactory
instanceKlass com/google/inject/internal/InjectorShell
instanceKlass com/google/inject/internal/ProvisionListenerCallbackStore
instanceKlass com/google/inject/internal/SingleMemberInjector
instanceKlass com/google/inject/spi/TypeEncounter
instanceKlass com/google/inject/internal/MembersInjectorStore
instanceKlass com/google/inject/internal/TypeConverterBindingProcessor$4
instanceKlass com/google/inject/internal/TypeConverterBindingProcessor$2
instanceKlass com/google/inject/internal/TypeConverterBindingProcessor$1
instanceKlass com/google/inject/spi/TypeConverterBinding
instanceKlass com/google/inject/matcher/AbstractMatcher
instanceKlass com/google/inject/matcher/Matchers
instanceKlass com/google/inject/internal/TypeConverterBindingProcessor$5
instanceKlass com/google/inject/internal/ConstructionProxyFactory
instanceKlass com/google/inject/internal/FailableCache
instanceKlass com/google/inject/internal/ConstructorInjectorStore
instanceKlass com/google/inject/internal/DeferredLookups
instanceKlass com/google/inject/internal/InjectorImpl$BindingsMultimap
instanceKlass com/google/inject/spi/ConvertedConstantBinding
instanceKlass com/google/inject/spi/ProviderBinding
instanceKlass com/google/inject/internal/InjectorImpl$InjectorOptions
instanceKlass com/google/inject/internal/InjectorImpl
instanceKlass com/google/inject/internal/Lookups
instanceKlass com/google/common/collect/AbstractMapBasedMultimap$WrappedCollection$WrappedIterator
instanceKlass sun/reflect/generics/reflectiveObjects/GenericArrayTypeImpl
instanceKlass sun/reflect/generics/tree/ArrayTypeSignature
instanceKlass com/google/inject/internal/MoreTypes$WildcardTypeImpl
instanceKlass sun/reflect/generics/tree/VoidDescriptor
instanceKlass com/google/inject/internal/MoreTypes$GenericArrayTypeImpl
instanceKlass com/google/inject/internal/MoreTypes$ParameterizedTypeImpl
instanceKlass com/google/inject/internal/MoreTypes$CompositeType
instanceKlass sun/reflect/generics/tree/MethodTypeSignature
instanceKlass com/google/inject/spi/ProvisionListener
instanceKlass com/google/inject/spi/TypeListener
instanceKlass com/google/inject/MembersInjector
instanceKlass com/google/inject/spi/TypeConverter
instanceKlass com/google/inject/matcher/Matcher
instanceKlass com/google/inject/spi/Message
instanceKlass com/google/common/base/ExtraObjectsMethodsForWeb
instanceKlass com/google/inject/Exposed
instanceKlass com/google/inject/internal/ProviderMethod
instanceKlass com/google/inject/spi/ProvidesMethodBinding
instanceKlass com/google/inject/spi/ProviderWithExtensionVisitor
instanceKlass com/google/inject/spi/ProviderLookup$1
instanceKlass com/google/inject/spi/ProviderWithDependencies
instanceKlass com/google/inject/spi/ProviderLookup
instanceKlass com/google/inject/spi/Dependency
instanceKlass com/google/inject/internal/Nullability
instanceKlass net/runelite/client/config/ChatColorConfig
instanceKlass net/runelite/client/TelemetryClient
instanceKlass net/runelite/api/Client
instanceKlass net/runelite/api/GameEngine
instanceKlass com/jagex/oldscape/pub/OAuthApi
instanceKlass net/runelite/client/config/RuneLiteConfig
instanceKlass net/runelite/client/config/Config
instanceKlass net/runelite/client/config/ConfigManager
instanceKlass net/runelite/client/eventbus/EventBus$Subscriber
instanceKlass javax/annotation/meta/TypeQualifier
instanceKlass com/google/common/collect/ListMultimap
instanceKlass net/runelite/client/eventbus/EventBus$$Lambda$237
instanceKlass net/runelite/client/eventbus/EventBus
instanceKlass net/runelite/client/callback/Hooks
instanceKlass net/runelite/api/hooks/Callbacks
instanceKlass net/runelite/client/account/SessionManager
instanceKlass net/runelite/client/plugins/PluginManager
instanceKlass net/runelite/client/task/Scheduler
instanceKlass net/runelite/client/game/ItemManager
instanceKlass net/runelite/client/chat/ChatMessageManager
instanceKlass net/runelite/client/menus/MenuManager
instanceKlass net/runelite/client/RuntimeConfigRefresher
instanceKlass javax/annotation/Nonnull
instanceKlass javax/annotation/Nullable
instanceKlass net/runelite/client/util/ExecutorServiceExceptionLogger
instanceKlass java/lang/Deprecated
instanceKlass java/io/FileFilter
instanceKlass com/google/inject/Inject
instanceKlass javax/inject/Inject
instanceKlass com/google/inject/spi/InjectionPoint$InjectableMembers
instanceKlass com/google/inject/spi/InjectionPoint$InjectableMember
instanceKlass com/google/inject/spi/InjectionPoint
instanceKlass com/google/inject/spi/ConstructorBinding
instanceKlass com/google/inject/internal/DelayedInitialize
instanceKlass com/google/inject/spi/ProviderKeyBinding
instanceKlass com/google/inject/spi/ProviderInstanceBinding
instanceKlass com/google/inject/spi/LinkedKeyBinding
instanceKlass com/google/inject/util/Providers$ConstantProvider
instanceKlass com/google/inject/util/Providers
instanceKlass javax/inject/Named
instanceKlass com/google/inject/Key$AnnotationInstanceStrategy
instanceKlass com/google/common/cache/LocalCache$StrongValueReference
instanceKlass com/google/common/util/concurrent/AbstractFuture$Failure
instanceKlass com/google/common/util/concurrent/AbstractFuture$Cancellation
instanceKlass com/google/common/util/concurrent/AbstractFuture$SetFuture
instanceKlass com/google/common/util/concurrent/Uninterruptibles
instanceKlass com/google/common/base/Stopwatch
instanceKlass com/google/common/util/concurrent/AbstractFuture$Waiter
instanceKlass com/google/common/util/concurrent/AbstractFuture$Listener
instanceKlass com/google/common/util/concurrent/AbstractFuture$UnsafeAtomicHelper$1
instanceKlass com/google/common/util/concurrent/AbstractFuture$AtomicHelper
instanceKlass com/google/common/util/concurrent/GwtFluentFutureCatchingSpecialization
instanceKlass com/google/common/util/concurrent/ListenableFuture
instanceKlass com/google/common/cache/LocalCache$LoadingValueReference
instanceKlass sun/reflect/annotation/AnnotationParser$$Lambda$236
instanceKlass java/lang/annotation/Documented
instanceKlass javax/inject/Qualifier
instanceKlass com/google/inject/BindingAnnotation
instanceKlass javax/inject/Scope
instanceKlass com/google/inject/ScopeAnnotation
instanceKlass com/google/inject/internal/Annotations$AnnotationChecker
instanceKlass com/google/inject/internal/Annotations$3
instanceKlass com/google/common/base/Joiner$MapJoiner
instanceKlass com/google/common/base/Joiner
instanceKlass com/google/inject/internal/Annotations
instanceKlass com/google/inject/name/NamedImpl
instanceKlass com/google/inject/name/Named
instanceKlass com/google/inject/name/Names
instanceKlass com/google/inject/internal/Scoping
instanceKlass com/google/inject/internal/InternalFactory
instanceKlass com/google/inject/Key$AnnotationStrategy
instanceKlass com/google/inject/spi/InstanceBinding
instanceKlass com/google/inject/spi/HasDependencies
instanceKlass com/google/inject/spi/UntargettedBinding
instanceKlass com/google/inject/internal/BindingImpl
instanceKlass com/google/gson/internal/$Gson$Types$GenericArrayTypeImpl
instanceKlass com/google/gson/internal/ConstructorConstructor$6
instanceKlass sun/reflect/generics/tree/TypeVariableSignature
instanceKlass com/google/gson/internal/ConstructorConstructor$13
instanceKlass com/google/gson/internal/Primitives
instanceKlass com/google/gson/internal/$Gson$Types$WildcardTypeImpl
instanceKlass com/google/gson/internal/$Gson$Types$ParameterizedTypeImpl
instanceKlass com/google/gson/annotations/SerializedName
instanceKlass sun/reflect/generics/tree/ClassSignature
instanceKlass sun/reflect/generics/tree/Signature
instanceKlass sun/reflect/generics/tree/FormalTypeParameter
instanceKlass sun/reflect/generics/reflectiveObjects/ParameterizedTypeImpl
instanceKlass sun/reflect/generics/reflectiveObjects/LazyReflectiveObjectGenerator
instanceKlass sun/reflect/generics/tree/Wildcard
instanceKlass sun/reflect/generics/tree/BottomSignature
instanceKlass sun/reflect/generics/repository/AbstractRepository
instanceKlass com/google/gson/FieldAttributes
instanceKlass com/google/gson/internal/ConstructorConstructor$3
instanceKlass java/lang/WeakPairMap$$Lambda$235
instanceKlass java/lang/Module$$Lambda$234
instanceKlass java/lang/module/ModuleDescriptor$Builder$$Lambda$233
instanceKlass java/lang/module/ModuleDescriptor$Builder
instanceKlass java/lang/reflect/Proxy$ProxyBuilder$$Lambda$232
instanceKlass java/lang/reflect/Proxy$ProxyBuilder$1
instanceKlass java/lang/reflect/ProxyGenerator$ExceptionTableEntry
instanceKlass java/lang/reflect/ProxyGenerator$PrimitiveTypeInfo
instanceKlass java/lang/reflect/ProxyGenerator$FieldInfo
instanceKlass java/lang/reflect/ProxyGenerator$ConstantPool$Entry
instanceKlass java/lang/reflect/ProxyGenerator$MethodInfo
instanceKlass java/lang/reflect/ProxyGenerator$ProxyMethod
instanceKlass java/lang/reflect/ProxyGenerator$ConstantPool
instanceKlass java/lang/reflect/ProxyGenerator
instanceKlass java/lang/reflect/Proxy$$Lambda$231
instanceKlass java/lang/reflect/Proxy$ProxyBuilder
instanceKlass java/lang/reflect/Proxy$$Lambda$230
instanceKlass java/lang/reflect/Proxy
instanceKlass sun/reflect/annotation/AnnotationInvocationHandler
instanceKlass java/lang/reflect/InvocationHandler
instanceKlass sun/reflect/annotation/AnnotationParser$1
instanceKlass sun/reflect/annotation/ExceptionProxy
instanceKlass java/lang/annotation/Target
instanceKlass java/lang/annotation/Inherited
instanceKlass java/lang/annotation/Retention
instanceKlass sun/reflect/annotation/AnnotationType$1
instanceKlass sun/reflect/annotation/AnnotationType
instanceKlass jdk/internal/vm/annotation/ForceInline
instanceKlass sun/reflect/generics/visitor/Reifier
instanceKlass sun/reflect/generics/visitor/TypeTreeVisitor
instanceKlass sun/reflect/generics/factory/CoreReflectionFactory
instanceKlass sun/reflect/generics/factory/GenericsFactory
instanceKlass sun/reflect/generics/scope/AbstractScope
instanceKlass sun/reflect/generics/scope/Scope
instanceKlass sun/reflect/generics/tree/ClassTypeSignature
instanceKlass sun/reflect/generics/tree/SimpleClassTypeSignature
instanceKlass sun/reflect/generics/tree/FieldTypeSignature
instanceKlass sun/reflect/generics/tree/BaseType
instanceKlass sun/reflect/generics/tree/TypeSignature
instanceKlass sun/reflect/generics/tree/ReturnType
instanceKlass sun/reflect/generics/tree/TypeArgument
instanceKlass sun/reflect/generics/tree/TypeTree
instanceKlass sun/reflect/generics/tree/Tree
instanceKlass sun/reflect/generics/parser/SignatureParser
instanceKlass com/google/gson/annotations/JsonAdapter
instanceKlass com/google/gson/internal/JsonReaderInternalAccess
instanceKlass net/runelite/client/RuntimeConfig
instanceKlass okio/InflaterSource
instanceKlass okio/GzipSource
instanceKlass okhttp3/internal/cache/CacheInterceptor$1
instanceKlass okhttp3/Cache$CacheRequestImpl
instanceKlass java/io/FileOutputStream$1
instanceKlass sun/security/internal/spec/TlsPrfParameterSpec
instanceKlass sun/security/internal/spec/TlsKeyMaterialSpec
instanceKlass sun/security/internal/spec/TlsKeyMaterialParameterSpec
instanceKlass sun/security/ssl/SSLTrafficKeyDerivation$LegacyTrafficKeyDerivation
instanceKlass com/sun/crypto/provider/TlsMasterSecretGenerator$TlsMasterSecretKey
instanceKlass sun/security/internal/interfaces/TlsMasterSecret
instanceKlass sun/security/internal/spec/TlsMasterSecretParameterSpec
instanceKlass sun/security/ssl/SSLMasterKeyDerivation$LegacyMasterKeyDerivation
instanceKlass sun/security/ssl/SSLMasterKeyDerivation$1
instanceKlass sun/security/ssl/ECDHKeyExchange$1
instanceKlass sun/security/ssl/ECDHKeyExchange$ECDHEPossession
instanceKlass sun/security/ssl/ECDHClientKeyExchange$ECDHEClientKeyExchangeProducer
instanceKlass sun/security/ssl/ECDHClientKeyExchange$ECDHEClientKeyExchangeConsumer
instanceKlass sun/security/ssl/ECDHClientKeyExchange$ECDHClientKeyExchangeProducer
instanceKlass sun/security/ssl/ECDHClientKeyExchange$ECDHClientKeyExchangeConsumer
instanceKlass sun/security/ssl/ECDHClientKeyExchange
instanceKlass sun/security/rsa/MGF1
instanceKlass sun/security/ssl/ECDHServerKeyExchange$ECDHServerKeyExchangeProducer
instanceKlass sun/security/ssl/ECDHServerKeyExchange$ECDHServerKeyExchangeConsumer
instanceKlass sun/security/ssl/ECDHServerKeyExchange
instanceKlass sun/security/ssl/X509Authentication$X509PossessionGenerator
instanceKlass sun/security/ssl/SSLAuthentication
instanceKlass sun/security/ssl/SSLKeyExchange$SSLKeyExECDHERSAOrPSS
instanceKlass sun/security/ssl/SSLKeyExchange$1
instanceKlass sun/security/ssl/HandshakeHash$T12HandshakeHash
instanceKlass sun/security/util/ByteArrays
instanceKlass okhttp3/internal/http2/Huffman$Node
instanceKlass okhttp3/internal/http2/Huffman
instanceKlass okhttp3/internal/http2/Hpack
instanceKlass okhttp3/internal/http2/Http2Stream$FramingSink
instanceKlass okhttp3/internal/http2/Http2Stream$FramingSource
instanceKlass okhttp3/internal/http2/Http2Stream
instanceKlass okhttp3/internal/http/RequestLine
instanceKlass okhttp3/internal/connection/Exchange
instanceKlass okhttp3/internal/http2/Http2ExchangeCodec
instanceKlass okhttp3/internal/http2/Hpack$Reader
instanceKlass okhttp3/internal/http2/Http2Reader$ContinuationSource
instanceKlass okhttp3/internal/http2/Http2Reader
instanceKlass okhttp3/internal/http2/Http2Reader$Handler
instanceKlass okhttp3/internal/http2/Header
instanceKlass okhttp3/internal/http2/Hpack$Writer
instanceKlass okhttp3/internal/http2/Http2
instanceKlass okhttp3/internal/http2/Http2Writer
instanceKlass okhttp3/internal/http2/Settings
instanceKlass okhttp3/internal/http2/Http2Connection
instanceKlass okhttp3/internal/http2/PushObserver$1
instanceKlass okhttp3/internal/http2/PushObserver
instanceKlass okhttp3/internal/http2/Http2Connection$Builder
instanceKlass sun/security/ssl/SSLBasicKeyDerivation$SecretSizeSpec
instanceKlass sun/security/ssl/SSLBasicKeyDerivation
instanceKlass sun/security/ssl/Finished$1
instanceKlass sun/security/ssl/Finished$T13VerifyDataGenerator
instanceKlass sun/security/ssl/Finished$T12VerifyDataGenerator
instanceKlass sun/security/ssl/Finished$T10VerifyDataGenerator
instanceKlass sun/security/ssl/Finished$S30VerifyDataGenerator
instanceKlass sun/security/ssl/Finished$VerifyDataGenerator
instanceKlass sun/security/ssl/X509Authentication$X509Credentials
instanceKlass sun/security/ssl/SSLAlgorithmConstraints$SupportedSignatureAlgorithmConstraints
instanceKlass sun/security/validator/ChunghwaTLSPolicy
instanceKlass sun/security/validator/CamerfirmaTLSPolicy
instanceKlass sun/security/validator/EntrustTLSPolicy
instanceKlass sun/security/validator/SymantecTLSPolicy
instanceKlass java/util/RegularEnumSet$EnumSetIterator
instanceKlass sun/security/validator/CADistrustPolicy$5
instanceKlass java/security/cert/PKIXCertPathValidatorResult
instanceKlass java/security/cert/CertPathValidatorResult
instanceKlass java/security/interfaces/ECPrivateKey
instanceKlass java/security/interfaces/DSAPublicKey
instanceKlass java/security/interfaces/DSAKey
instanceKlass sun/security/provider/certpath/CertPathConstraintsParameters
instanceKlass sun/security/provider/certpath/PKIXMasterCertPathValidator
instanceKlass sun/security/provider/certpath/PolicyNodeImpl
instanceKlass java/security/cert/PolicyNode
instanceKlass sun/security/util/DisabledAlgorithmConstraints$CertPathHolder
instanceKlass sun/security/x509/X509CertImpl$$Lambda$229
instanceKlass sun/security/util/UntrustedCertificates$1
instanceKlass sun/security/util/UntrustedCertificates
instanceKlass java/security/cert/PKIXCertPathChecker
instanceKlass java/security/cert/CertPathChecker
instanceKlass java/security/cert/X509CertSelector
instanceKlass java/security/cert/CertSelector
instanceKlass sun/security/provider/certpath/PKIX$ValidatorParams
instanceKlass sun/security/provider/certpath/PKIX
instanceKlass java/security/cert/CertPathValidatorSpi
instanceKlass java/security/cert/CertPathValidator
instanceKlass java/security/Timestamp
instanceKlass java/security/cert/PKIXParameters
instanceKlass java/security/cert/CertPathParameters
instanceKlass sun/security/provider/certpath/CertPathHelper
instanceKlass java/security/cert/TrustAnchor
instanceKlass sun/security/x509/NetscapeCertTypeExtension$MapEntry
instanceKlass sun/security/validator/EndEntityChecker
instanceKlass sun/security/validator/Validator
instanceKlass javax/net/ssl/SSLEngine
instanceKlass sun/security/ssl/CertificateMessage$CertificateEntry
instanceKlass sun/security/ssl/ServerNameExtension$SHServerNamesSpec
instanceKlass sun/security/util/ArrayUtil$$Lambda$228
instanceKlass sun/security/util/ArrayUtil
instanceKlass com/sun/crypto/provider/GHASH
instanceKlass com/sun/crypto/provider/PKCS5Padding
instanceKlass com/sun/crypto/provider/Padding
instanceKlass com/sun/crypto/provider/FeedbackCipher
instanceKlass com/sun/crypto/provider/SymmetricCipher
instanceKlass com/sun/crypto/provider/AESConstants
instanceKlass com/sun/crypto/provider/CipherCore
instanceKlass javax/crypto/CipherSpi
instanceKlass javax/crypto/spec/GCMParameterSpec
instanceKlass sun/security/ssl/ChangeCipherSpec$T13ChangeCipherSpecConsumer
instanceKlass sun/security/ssl/ChangeCipherSpec$T10ChangeCipherSpecProducer
instanceKlass sun/security/ssl/ChangeCipherSpec$T10ChangeCipherSpecConsumer
instanceKlass sun/security/ssl/ChangeCipherSpec
instanceKlass javax/crypto/spec/IvParameterSpec
instanceKlass sun/security/ssl/SSLTrafficKeyDerivation$T13TrafficKeyDerivation
instanceKlass sun/security/ssl/SSLTrafficKeyDerivation$1
instanceKlass sun/security/ssl/SSLTrafficKeyDerivation$T13TrafficKeyDerivationGenerator
instanceKlass sun/security/ssl/SSLTrafficKeyDerivation$T12TrafficKeyDerivationGenerator
instanceKlass sun/security/ssl/SSLTrafficKeyDerivation$T10TrafficKeyDerivationGenerator
instanceKlass sun/security/ssl/SSLTrafficKeyDerivation$S30TrafficKeyDerivationGenerator
instanceKlass sun/security/ssl/SSLKeyDerivationGenerator
instanceKlass sun/security/ssl/SSLSecretDerivation
instanceKlass javax/crypto/MacSpi
instanceKlass javax/crypto/Mac
instanceKlass sun/security/ssl/HKDF
instanceKlass javax/crypto/spec/SecretKeySpec
instanceKlass sun/security/ec/XDHKeyAgreement$$Lambda$227
instanceKlass sun/security/ec/XDHKeyAgreement$$Lambda$226
instanceKlass sun/security/ec/XDHKeyAgreement$$Lambda$225
instanceKlass sun/security/ec/XDHKeyAgreement$$Lambda$224
instanceKlass javax/crypto/KeyAgreementSpi
instanceKlass sun/security/ssl/KAKeyDerivation
instanceKlass sun/security/ssl/XDHKeyExchange$XDHEKAGenerator
instanceKlass sun/security/ssl/XDHKeyExchange
instanceKlass sun/security/ec/XDHKeyFactory$$Lambda$223
instanceKlass sun/security/ec/XDHKeyFactory$$Lambda$222
instanceKlass java/security/spec/XECPublicKeySpec
instanceKlass sun/security/ssl/XDHKeyExchange$XDHECredentials
instanceKlass sun/security/ssl/NamedGroupCredentials
instanceKlass sun/security/ssl/KeyShareExtension$SHKeyShareSpec
instanceKlass sun/security/ssl/HandshakeHash$NonCloneableHash
instanceKlass sun/security/ssl/HandshakeHash$T13HandshakeHash
instanceKlass sun/security/ssl/SupportedVersionsExtension$SHSupportedVersionsSpec
instanceKlass sun/security/ssl/TransportContext$1
instanceKlass sun/security/ssl/Plaintext
instanceKlass sun/security/ssl/OutputRecord$T13PaddingHolder
instanceKlass sun/security/ssl/RenegoInfoExtension$RenegotiationInfoSpec
instanceKlass sun/security/ssl/KeyShareExtension$CHKeyShareSpec
instanceKlass sun/security/ssl/XDHKeyExchange$1
instanceKlass sun/security/ssl/KeyShareExtension$KeyShareEntry
instanceKlass java/security/interfaces/XECPrivateKey
instanceKlass java/security/interfaces/XECPublicKey
instanceKlass java/security/KeyPair
instanceKlass sun/security/util/math/MutableIntegerModuloP
instanceKlass sun/security/jca/JCAUtil$CachedSecureRandomHolder
instanceKlass sun/security/util/math/intpoly/IntegerPolynomial$Limb
instanceKlass sun/security/util/math/SmallValue
instanceKlass sun/security/util/math/intpoly/IntegerPolynomial$Element
instanceKlass sun/security/util/math/ImmutableIntegerModuloP
instanceKlass sun/security/util/math/intpoly/IntegerPolynomial
instanceKlass sun/security/util/math/IntegerModuloP
instanceKlass sun/security/util/math/IntegerFieldModuloP
instanceKlass sun/security/ec/XECOperations
instanceKlass sun/security/ec/XECParameters$1
instanceKlass sun/security/ec/XECParameters
instanceKlass sun/security/ec/XDHKeyPairGenerator$$Lambda$220
instanceKlass sun/security/ssl/XDHKeyExchange$XDHEPossession
instanceKlass sun/security/ssl/ECDHKeyExchange$ECDHEXDHKAGenerator
instanceKlass sun/security/ssl/ECDHKeyExchange$ECDHEKAGenerator
instanceKlass sun/security/ssl/ECDHKeyExchange$ECDHKAGenerator
instanceKlass sun/security/ssl/ECDHKeyExchange$ECDHEPossessionGenerator
instanceKlass sun/security/ssl/ECDHKeyExchange
instanceKlass sun/security/ssl/DHKeyExchange$DHEKAGenerator
instanceKlass sun/security/ssl/DHKeyExchange$DHEPossessionGenerator
instanceKlass sun/security/ssl/DHKeyExchange
instanceKlass sun/security/ssl/RSAKeyExchange$RSAKAGenerator
instanceKlass sun/security/ssl/RSAKeyExchange$EphemeralRSAPossessionGenerator
instanceKlass sun/security/ssl/RSAKeyExchange
instanceKlass sun/security/ssl/SSLKeyExchange$T13KeyAgreement
instanceKlass sun/security/ssl/SSLKeyAgreement
instanceKlass sun/security/ssl/SSLPossessionGenerator
instanceKlass sun/security/ssl/SSLKeyExchange
instanceKlass sun/security/ssl/SSLHandshakeBinding
instanceKlass sun/security/ssl/SSLKeyAgreementGenerator
instanceKlass sun/security/ssl/PskKeyExchangeModesExtension$PskKeyExchangeModesSpec
instanceKlass sun/security/ssl/SupportedVersionsExtension$CHSupportedVersionsSpec
instanceKlass sun/security/ssl/ExtendedMasterSecretExtension$ExtendedMasterSecretSpec
instanceKlass sun/security/ssl/CertStatusExtension$CertStatusRequestV2Spec
instanceKlass sun/security/ssl/AlpnExtension$AlpnSpec
instanceKlass sun/security/ssl/SignatureAlgorithmsExtension$SignatureSchemesSpec
instanceKlass sun/security/util/DisabledAlgorithmConstraints$$Lambda$218
instanceKlass java/security/spec/MGF1ParameterSpec
instanceKlass sun/security/ssl/ECPointFormatsExtension$ECPointFormatsSpec
instanceKlass sun/security/ssl/SupportedGroupsExtension$SupportedGroupsSpec
instanceKlass sun/security/ssl/CertStatusExtension$CertStatusRequest
instanceKlass sun/security/ssl/CertStatusExtension$CertStatusRequestSpec
instanceKlass sun/security/ssl/ServerNameExtension$CHServerNamesSpec
instanceKlass sun/security/ssl/SSLExtension$SSLExtensionSpec
instanceKlass sun/security/ssl/SSLExtension$ClientExtensions
instanceKlass sun/security/ssl/PreSharedKeyExtension$SHPreSharedKeyStringizer
instanceKlass sun/security/ssl/PreSharedKeyExtension$SHPreSharedKeyAbsence
instanceKlass sun/security/ssl/PreSharedKeyExtension$SHPreSharedKeyConsumer
instanceKlass sun/security/ssl/PreSharedKeyExtension$SHPreSharedKeyProducer
instanceKlass sun/security/ssl/PreSharedKeyExtension$CHPreSharedKeyStringizer
instanceKlass sun/security/ssl/PreSharedKeyExtension$CHPreSharedKeyOnTradeAbsence
instanceKlass sun/security/ssl/PreSharedKeyExtension$CHPreSharedKeyUpdate
instanceKlass sun/security/ssl/PreSharedKeyExtension$CHPreSharedKeyOnLoadAbsence
instanceKlass sun/security/ssl/PreSharedKeyExtension$CHPreSharedKeyConsumer
instanceKlass sun/security/ssl/PreSharedKeyExtension$CHPreSharedKeyProducer
instanceKlass sun/security/ssl/PreSharedKeyExtension
instanceKlass sun/security/ssl/RenegoInfoExtension$RenegotiationInfoStringizer
instanceKlass sun/security/ssl/RenegoInfoExtension$SHRenegotiationInfoAbsence
instanceKlass sun/security/ssl/RenegoInfoExtension$SHRenegotiationInfoConsumer
instanceKlass sun/security/ssl/RenegoInfoExtension$SHRenegotiationInfoProducer
instanceKlass sun/security/ssl/RenegoInfoExtension$CHRenegotiationInfoAbsence
instanceKlass sun/security/ssl/RenegoInfoExtension$CHRenegotiationInfoConsumer
instanceKlass sun/security/ssl/RenegoInfoExtension$CHRenegotiationInfoProducer
instanceKlass sun/security/ssl/RenegoInfoExtension
instanceKlass sun/security/ssl/KeyShareExtension$HRRKeyShareStringizer
instanceKlass sun/security/ssl/KeyShareExtension$HRRKeyShareReproducer
instanceKlass sun/security/ssl/KeyShareExtension$HRRKeyShareConsumer
instanceKlass sun/security/ssl/KeyShareExtension$HRRKeyShareProducer
instanceKlass sun/security/ssl/KeyShareExtension$SHKeyShareStringizer
instanceKlass sun/security/ssl/KeyShareExtension$SHKeyShareAbsence
instanceKlass sun/security/ssl/KeyShareExtension$SHKeyShareConsumer
instanceKlass sun/security/ssl/KeyShareExtension$SHKeyShareProducer
instanceKlass sun/security/ssl/KeyShareExtension$CHKeyShareStringizer
instanceKlass sun/security/ssl/KeyShareExtension$CHKeyShareOnTradeAbsence
instanceKlass sun/security/ssl/KeyShareExtension$CHKeyShareConsumer
instanceKlass sun/security/ssl/KeyShareExtension$CHKeyShareProducer
instanceKlass sun/security/ssl/KeyShareExtension
instanceKlass sun/security/ssl/CertificateAuthoritiesExtension$CertificateAuthoritiesStringizer
instanceKlass sun/security/ssl/CertificateAuthoritiesExtension$CRCertificateAuthoritiesConsumer
instanceKlass sun/security/ssl/CertificateAuthoritiesExtension$CRCertificateAuthoritiesProducer
instanceKlass sun/security/ssl/CertificateAuthoritiesExtension$CHCertificateAuthoritiesConsumer
instanceKlass sun/security/ssl/CertificateAuthoritiesExtension$CHCertificateAuthoritiesProducer
instanceKlass sun/security/ssl/CertificateAuthoritiesExtension
instanceKlass sun/security/ssl/PskKeyExchangeModesExtension$PskKeyExchangeModesStringizer
instanceKlass sun/security/ssl/PskKeyExchangeModesExtension$PskKeyExchangeModesOnTradeAbsence
instanceKlass sun/security/ssl/PskKeyExchangeModesExtension$PskKeyExchangeModesOnLoadAbsence
instanceKlass sun/security/ssl/PskKeyExchangeModesExtension$PskKeyExchangeModesConsumer
instanceKlass sun/security/ssl/PskKeyExchangeModesExtension$PskKeyExchangeModesProducer
instanceKlass sun/security/ssl/PskKeyExchangeModesExtension
instanceKlass sun/security/ssl/CookieExtension$CookieStringizer
instanceKlass sun/security/ssl/CookieExtension$HRRCookieReproducer
instanceKlass sun/security/ssl/CookieExtension$HRRCookieConsumer
instanceKlass sun/security/ssl/CookieExtension$HRRCookieProducer
instanceKlass sun/security/ssl/CookieExtension$CHCookieUpdate
instanceKlass sun/security/ssl/CookieExtension$CHCookieConsumer
instanceKlass sun/security/ssl/CookieExtension$CHCookieProducer
instanceKlass sun/security/ssl/CookieExtension
instanceKlass sun/security/ssl/SupportedVersionsExtension$HRRSupportedVersionsReproducer
instanceKlass sun/security/ssl/SupportedVersionsExtension$HRRSupportedVersionsConsumer
instanceKlass sun/security/ssl/SupportedVersionsExtension$HRRSupportedVersionsProducer
instanceKlass sun/security/ssl/SupportedVersionsExtension$SHSupportedVersionsStringizer
instanceKlass sun/security/ssl/SupportedVersionsExtension$SHSupportedVersionsConsumer
instanceKlass sun/security/ssl/SupportedVersionsExtension$SHSupportedVersionsProducer
instanceKlass sun/security/ssl/SupportedVersionsExtension$CHSupportedVersionsStringizer
instanceKlass sun/security/ssl/SupportedVersionsExtension$CHSupportedVersionsConsumer
instanceKlass sun/security/ssl/SupportedVersionsExtension$CHSupportedVersionsProducer
instanceKlass sun/security/ssl/SupportedVersionsExtension
instanceKlass sun/security/ssl/ExtendedMasterSecretExtension$ExtendedMasterSecretStringizer
instanceKlass sun/security/ssl/ExtendedMasterSecretExtension$SHExtendedMasterSecretAbsence
instanceKlass sun/security/ssl/ExtendedMasterSecretExtension$SHExtendedMasterSecretConsumer
instanceKlass sun/security/ssl/ExtendedMasterSecretExtension$SHExtendedMasterSecretProducer
instanceKlass sun/security/ssl/ExtendedMasterSecretExtension$CHExtendedMasterSecretAbsence
instanceKlass sun/security/ssl/ExtendedMasterSecretExtension$CHExtendedMasterSecretConsumer
instanceKlass sun/security/ssl/ExtendedMasterSecretExtension$CHExtendedMasterSecretProducer
instanceKlass sun/security/ssl/ExtendedMasterSecretExtension
instanceKlass sun/security/ssl/AlpnExtension$$Lambda$217
instanceKlass sun/security/ssl/AlpnExtension$AlpnStringizer
instanceKlass sun/security/ssl/AlpnExtension$SHAlpnAbsence
instanceKlass sun/security/ssl/AlpnExtension$SHAlpnConsumer
instanceKlass sun/security/ssl/AlpnExtension$SHAlpnProducer
instanceKlass sun/security/ssl/AlpnExtension$CHAlpnAbsence
instanceKlass sun/security/ssl/AlpnExtension$CHAlpnConsumer
instanceKlass sun/security/ssl/AlpnExtension$CHAlpnProducer
instanceKlass sun/security/ssl/AlpnExtension
instanceKlass sun/security/ssl/CertSignAlgsExtension$CertSignatureSchemesStringizer
instanceKlass sun/security/ssl/CertSignAlgsExtension$CRCertSignatureSchemesUpdate
instanceKlass sun/security/ssl/CertSignAlgsExtension$CRCertSignatureSchemesConsumer
instanceKlass sun/security/ssl/CertSignAlgsExtension$CRCertSignatureSchemesProducer
instanceKlass sun/security/ssl/CertSignAlgsExtension$CHCertSignatureSchemesUpdate
instanceKlass sun/security/ssl/CertSignAlgsExtension$CHCertSignatureSchemesConsumer
instanceKlass sun/security/ssl/CertSignAlgsExtension$CHCertSignatureSchemesProducer
instanceKlass sun/security/ssl/CertSignAlgsExtension
instanceKlass sun/security/ssl/SignatureAlgorithmsExtension$SignatureSchemesStringizer
instanceKlass sun/security/ssl/SignatureAlgorithmsExtension$CRSignatureSchemesUpdate
instanceKlass sun/security/ssl/SignatureAlgorithmsExtension$CRSignatureSchemesAbsence
instanceKlass sun/security/ssl/SignatureAlgorithmsExtension$CRSignatureSchemesConsumer
instanceKlass sun/security/ssl/SignatureAlgorithmsExtension$CRSignatureSchemesProducer
instanceKlass sun/security/ssl/SignatureAlgorithmsExtension$CHSignatureSchemesOnTradeAbsence
instanceKlass sun/security/ssl/SignatureAlgorithmsExtension$CHSignatureSchemesUpdate
instanceKlass sun/security/ssl/SignatureAlgorithmsExtension$CHSignatureSchemesOnLoadAbsence
instanceKlass sun/security/ssl/SignatureAlgorithmsExtension$CHSignatureSchemesConsumer
instanceKlass sun/security/ssl/SignatureAlgorithmsExtension$CHSignatureSchemesProducer
instanceKlass sun/security/ssl/SignatureAlgorithmsExtension
instanceKlass sun/security/ssl/ECPointFormatsExtension$ECPointFormatsStringizer
instanceKlass sun/security/ssl/ECPointFormatsExtension$SHECPointFormatsConsumer
instanceKlass sun/security/ssl/ECPointFormatsExtension$CHECPointFormatsConsumer
instanceKlass sun/security/ssl/ECPointFormatsExtension$CHECPointFormatsProducer
instanceKlass sun/security/ssl/ECPointFormatsExtension
instanceKlass sun/security/ssl/SupportedGroupsExtension$EESupportedGroupsConsumer
instanceKlass sun/security/ssl/SupportedGroupsExtension$SupportedGroupsStringizer
instanceKlass sun/security/ssl/SupportedGroupsExtension$CHSupportedGroupsOnTradeAbsence
instanceKlass sun/security/ssl/SupportedGroupsExtension$CHSupportedGroupsConsumer
instanceKlass sun/security/ssl/SupportedGroupsExtension
instanceKlass sun/security/ssl/CertStatusExtension$CertStatusRespStringizer
instanceKlass sun/security/ssl/CertStatusExtension$CertStatusRequestsStringizer
instanceKlass sun/security/ssl/CertStatusExtension$SHCertStatusReqV2Consumer
instanceKlass sun/security/ssl/CertStatusExtension$SHCertStatusReqV2Producer
instanceKlass sun/security/ssl/CertStatusExtension$CHCertStatusReqV2Consumer
instanceKlass sun/security/ssl/CertStatusExtension$CHCertStatusReqV2Producer
instanceKlass sun/security/ssl/CertStatusExtension$CertStatusRequestStringizer
instanceKlass sun/security/ssl/CertStatusExtension$CTCertStatusResponseConsumer
instanceKlass sun/security/ssl/CertStatusExtension$CTCertStatusResponseProducer
instanceKlass sun/security/ssl/CertStatusExtension$SHCertStatusReqConsumer
instanceKlass sun/security/ssl/CertStatusExtension$SHCertStatusReqProducer
instanceKlass sun/security/ssl/CertStatusExtension$CHCertStatusReqConsumer
instanceKlass sun/security/ssl/CertStatusExtension$CHCertStatusReqProducer
instanceKlass sun/security/ssl/CertStatusExtension
instanceKlass sun/security/ssl/MaxFragExtension$MaxFragLenStringizer
instanceKlass sun/security/ssl/MaxFragExtension$EEMaxFragmentLengthUpdate
instanceKlass sun/security/ssl/MaxFragExtension$EEMaxFragmentLengthConsumer
instanceKlass sun/security/ssl/MaxFragExtension$EEMaxFragmentLengthProducer
instanceKlass sun/security/ssl/MaxFragExtension$SHMaxFragmentLengthUpdate
instanceKlass sun/security/ssl/MaxFragExtension$SHMaxFragmentLengthConsumer
instanceKlass sun/security/ssl/MaxFragExtension$SHMaxFragmentLengthProducer
instanceKlass sun/security/ssl/MaxFragExtension$CHMaxFragmentLengthConsumer
instanceKlass sun/security/ssl/MaxFragExtension$CHMaxFragmentLengthProducer
instanceKlass sun/security/ssl/MaxFragExtension
instanceKlass sun/security/ssl/ServerNameExtension$EEServerNameConsumer
instanceKlass sun/security/ssl/ServerNameExtension$EEServerNameProducer
instanceKlass sun/security/ssl/ServerNameExtension$SHServerNamesStringizer
instanceKlass sun/security/ssl/ServerNameExtension$SHServerNameConsumer
instanceKlass sun/security/ssl/ServerNameExtension$SHServerNameProducer
instanceKlass sun/security/ssl/ServerNameExtension$CHServerNamesStringizer
instanceKlass sun/security/ssl/ServerNameExtension$CHServerNameConsumer
instanceKlass sun/security/ssl/SSLExtension$ExtensionConsumer
instanceKlass sun/security/ssl/ServerNameExtension$CHServerNameProducer
instanceKlass sun/security/ssl/ServerNameExtension
instanceKlass sun/security/ssl/SSLStringizer
instanceKlass sun/security/ssl/SSLExtensions
instanceKlass sun/security/ssl/SSLHandshake$HandshakeMessage
instanceKlass sun/security/ssl/RandomCookie
instanceKlass javax/crypto/spec/DHParameterSpec
instanceKlass sun/security/ssl/PredefinedDHParameterSpecs$1
instanceKlass sun/security/ssl/PredefinedDHParameterSpecs
instanceKlass sun/security/ssl/SupportedGroupsExtension$SupportedGroups
instanceKlass sun/security/ssl/SSLKeyDerivation
instanceKlass sun/security/ssl/SSLCredentials
instanceKlass sun/security/ssl/NamedGroupPossession
instanceKlass sun/security/ssl/SSLPossession
instanceKlass sun/security/ssl/HandshakeContext
instanceKlass java/lang/reflect/AccessibleObject$$Lambda$215
instanceKlass sun/security/ssl/SSLConfiguration$1
instanceKlass javax/net/ssl/SNIServerName
instanceKlass sun/security/ssl/DTLSRecord
instanceKlass sun/security/ssl/SessionId
instanceKlass javax/net/ssl/ExtendedSSLSession
instanceKlass sun/security/ssl/SSLConfiguration$CustomizedClientSignatureSchemes
instanceKlass javax/crypto/KeyGeneratorSpi
instanceKlass javax/crypto/KeyGenerator
instanceKlass sun/security/ssl/SSLConfiguration
instanceKlass sun/security/ssl/SSLCipher$SSLWriteCipher
instanceKlass sun/security/ssl/KeyUpdate$KeyUpdateProducer
instanceKlass sun/security/ssl/KeyUpdate$KeyUpdateConsumer
instanceKlass sun/security/ssl/KeyUpdate$KeyUpdateKickstartProducer
instanceKlass sun/security/ssl/KeyUpdate
instanceKlass sun/security/ssl/CertificateStatus$CertificateStatusAbsence
instanceKlass sun/security/ssl/HandshakeAbsence
instanceKlass sun/security/ssl/CertificateStatus$CertificateStatusProducer
instanceKlass sun/security/ssl/CertificateStatus$CertificateStatusConsumer
instanceKlass sun/security/ssl/CertificateStatus
instanceKlass sun/security/ssl/Finished$T13FinishedProducer
instanceKlass sun/security/ssl/Finished$T13FinishedConsumer
instanceKlass sun/security/ssl/Finished$T12FinishedProducer
instanceKlass sun/security/ssl/Finished$T12FinishedConsumer
instanceKlass sun/security/ssl/Finished
instanceKlass sun/security/ssl/ClientKeyExchange$ClientKeyExchangeProducer
instanceKlass sun/security/ssl/ClientKeyExchange$ClientKeyExchangeConsumer
instanceKlass sun/security/ssl/ClientKeyExchange
instanceKlass sun/security/ssl/CertificateVerify$T13CertificateVerifyProducer
instanceKlass sun/security/ssl/CertificateVerify$T13CertificateVerifyConsumer
instanceKlass sun/security/ssl/CertificateVerify$T12CertificateVerifyProducer
instanceKlass sun/security/ssl/CertificateVerify$T12CertificateVerifyConsumer
instanceKlass sun/security/ssl/CertificateVerify$T10CertificateVerifyProducer
instanceKlass sun/security/ssl/CertificateVerify$T10CertificateVerifyConsumer
instanceKlass sun/security/ssl/CertificateVerify$S30CertificateVerifyProducer
instanceKlass sun/security/ssl/CertificateVerify$S30CertificateVerifyConsumer
instanceKlass sun/security/ssl/CertificateVerify
instanceKlass sun/security/ssl/ServerHelloDone$ServerHelloDoneProducer
instanceKlass sun/security/ssl/ServerHelloDone$ServerHelloDoneConsumer
instanceKlass sun/security/ssl/ServerHelloDone
instanceKlass sun/security/ssl/CertificateRequest$T13CertificateRequestProducer
instanceKlass sun/security/ssl/CertificateRequest$T13CertificateRequestConsumer
instanceKlass sun/security/ssl/CertificateRequest$T12CertificateRequestProducer
instanceKlass sun/security/ssl/CertificateRequest$T12CertificateRequestConsumer
instanceKlass sun/security/ssl/CertificateRequest$T10CertificateRequestProducer
instanceKlass sun/security/ssl/CertificateRequest$T10CertificateRequestConsumer
instanceKlass sun/security/ssl/CertificateRequest
instanceKlass sun/security/ssl/ServerKeyExchange$ServerKeyExchangeProducer
instanceKlass sun/security/ssl/ServerKeyExchange$ServerKeyExchangeConsumer
instanceKlass sun/security/ssl/ServerKeyExchange
instanceKlass sun/security/ssl/CertificateMessage$T13CertificateProducer
instanceKlass sun/security/ssl/CertificateMessage$T13CertificateConsumer
instanceKlass sun/security/ssl/CertificateMessage$T12CertificateProducer
instanceKlass sun/security/ssl/CertificateMessage$T12CertificateConsumer
instanceKlass sun/security/ssl/CertificateMessage
instanceKlass sun/security/ssl/EncryptedExtensions$EncryptedExtensionsConsumer
instanceKlass sun/security/ssl/EncryptedExtensions$EncryptedExtensionsProducer
instanceKlass sun/security/ssl/EncryptedExtensions
instanceKlass sun/security/ssl/NewSessionTicket$NewSessionTicketProducer
instanceKlass sun/security/ssl/NewSessionTicket$NewSessionTicketKickstartProducer
instanceKlass sun/security/ssl/NewSessionTicket$NewSessionTicketConsumer
instanceKlass sun/security/ssl/NewSessionTicket
instanceKlass sun/security/ssl/HelloVerifyRequest$HelloVerifyRequestProducer
instanceKlass sun/security/ssl/HelloVerifyRequest$HelloVerifyRequestConsumer
instanceKlass sun/security/ssl/HelloVerifyRequest
instanceKlass sun/security/ssl/ServerHello$T13HelloRetryRequestConsumer
instanceKlass sun/security/ssl/ServerHello$T13ServerHelloConsumer
instanceKlass sun/security/ssl/ServerHello$T12ServerHelloConsumer
instanceKlass sun/security/ssl/ServerHello$T13HelloRetryRequestReproducer
instanceKlass sun/security/ssl/ServerHello$T13HelloRetryRequestProducer
instanceKlass sun/security/ssl/ServerHello$T13ServerHelloProducer
instanceKlass sun/security/ssl/ServerHello$T12ServerHelloProducer
instanceKlass sun/security/ssl/ServerHello$ServerHelloConsumer
instanceKlass sun/security/ssl/ServerHello
instanceKlass sun/security/ssl/ClientHello$D13ClientHelloConsumer
instanceKlass sun/security/ssl/ClientHello$D12ClientHelloConsumer
instanceKlass sun/security/ssl/ClientHello$T13ClientHelloConsumer
instanceKlass sun/security/ssl/ClientHello$T12ClientHelloConsumer
instanceKlass sun/security/ssl/HandshakeConsumer
instanceKlass sun/security/ssl/ClientHello$ClientHelloProducer
instanceKlass sun/security/ssl/ClientHello$ClientHelloConsumer
instanceKlass sun/security/ssl/ClientHello$ClientHelloKickstartProducer
instanceKlass sun/security/ssl/ClientHello
instanceKlass sun/security/ssl/HelloRequest$HelloRequestProducer
instanceKlass sun/security/ssl/HelloRequest$HelloRequestConsumer
instanceKlass sun/security/ssl/HelloRequest$HelloRequestKickstartProducer
instanceKlass sun/security/ssl/SSLProducer
instanceKlass sun/security/ssl/HelloRequest
instanceKlass sun/security/ssl/HandshakeProducer
instanceKlass sun/security/ssl/SSLConsumer
instanceKlass sun/security/ssl/Authenticator$MacImpl
instanceKlass sun/security/ssl/Authenticator$MAC
instanceKlass sun/security/ssl/Authenticator
instanceKlass sun/security/ssl/SSLCipher$SSLReadCipher
instanceKlass sun/security/ssl/InputRecord
instanceKlass sun/security/ssl/SSLRecord
instanceKlass sun/security/ssl/Record
instanceKlass sun/security/ssl/TransportContext
instanceKlass sun/security/ssl/ConnectionContext
instanceKlass sun/security/ssl/HandshakeHash$CacheOnlyHash
instanceKlass sun/security/ssl/HandshakeHash$TranscriptHash
instanceKlass sun/security/ssl/HandshakeHash
instanceKlass sun/security/ssl/SSLTransport
instanceKlass okio/AsyncTimeout$1
instanceKlass java/net/Socket$3
instanceKlass okio/AsyncTimeout$2
instanceKlass java/net/Socket$2
instanceKlass java/util/concurrent/ForkJoinPool$ManagedBlocker
instanceKlass com/google/inject/util/Modules$EmptyModule
instanceKlass com/google/inject/util/Modules$OverriddenModuleBuilder
instanceKlass com/google/inject/util/Modules
instanceKlass com/google/common/base/Optional
instanceKlass com/google/inject/Provides
instanceKlass java/lang/reflect/TypeVariable
instanceKlass com/google/inject/internal/ProviderMethodsModule$Signature
instanceKlass com/google/common/collect/ImmutableMap$Builder
instanceKlass com/google/inject/internal/MoreTypes
instanceKlass com/google/inject/TypeLiteral
instanceKlass com/google/inject/spi/ModuleAnnotatedMethodScanner
instanceKlass javax/inject/Singleton
instanceKlass com/google/inject/spi/ElementSource
instanceKlass com/google/inject/spi/ScopeBinding
instanceKlass com/google/inject/Scopes$2
instanceKlass com/google/inject/Scopes$1
instanceKlass com/google/inject/Provider
instanceKlass javax/inject/Provider
instanceKlass com/google/inject/internal/SingletonScope
instanceKlass com/google/inject/spi/BindingScopingVisitor
instanceKlass com/google/inject/Scope
instanceKlass com/google/inject/Scopes
instanceKlass com/google/inject/Singleton
instanceKlass com/google/inject/spi/Elements$ModuleInfo
instanceKlass com/google/inject/PrivateModule
instanceKlass com/google/inject/internal/util/StackTraceElements$InMemoryStackTraceElement
instanceKlass com/google/inject/internal/util/StackTraceElements
instanceKlass com/google/inject/spi/ModuleSource
instanceKlass com/google/inject/internal/InternalFlags$1
instanceKlass com/google/inject/internal/InternalFlags
instanceKlass com/google/inject/internal/ProviderMethodsModule
instanceKlass com/google/common/collect/Hashing
instanceKlass com/google/inject/internal/AbstractBindingBuilder
instanceKlass com/google/inject/binder/ConstantBindingBuilder
instanceKlass com/google/common/collect/Sets
instanceKlass com/google/inject/binder/AnnotatedElementBuilder
instanceKlass com/google/inject/binder/AnnotatedConstantBindingBuilder
instanceKlass com/google/inject/binder/AnnotatedBindingBuilder
instanceKlass com/google/inject/binder/LinkedBindingBuilder
instanceKlass com/google/inject/binder/ScopedBindingBuilder
instanceKlass com/google/inject/spi/Elements$RecordingBinder
instanceKlass com/google/inject/PrivateBinder
instanceKlass com/google/inject/Binder
instanceKlass com/google/inject/Binding
instanceKlass com/google/inject/spi/DefaultBindingTargetVisitor
instanceKlass com/google/inject/spi/BindingTargetVisitor
instanceKlass com/google/inject/spi/Elements
instanceKlass com/google/inject/internal/InjectorShell$RootModule
instanceKlass java/util/concurrent/atomic/AtomicReferenceArray
instanceKlass sun/net/NetHooks
instanceKlass com/google/common/cache/Weigher
instanceKlass java/net/SocksSocketImpl$3
instanceKlass com/google/common/base/Predicate
instanceKlass java/net/AbstractPlainSocketImpl$1
instanceKlass java/net/StandardSocketOptions$StdSocketOption
instanceKlass java/net/SocketOption
instanceKlass java/net/StandardSocketOptions
instanceKlass java/net/SocketImpl
instanceKlass java/net/SocketOptions
instanceKlass com/google/common/base/Equivalence
instanceKlass java/util/function/BiPredicate
instanceKlass java/net/SocksConsts
instanceKlass com/google/common/cache/LocalCache$1
instanceKlass okhttp3/internal/connection/ConnectionSpecSelector
instanceKlass com/google/common/cache/LocalCache$ReferenceEntry
instanceKlass okhttp3/internal/ws/RealWebSocket$Streams
instanceKlass okhttp3/internal/http/ExchangeCodec
instanceKlass okhttp3/internal/http2/Http2Connection$Listener
instanceKlass okhttp3/internal/connection/RouteSelector$Selection
instanceKlass com/google/common/cache/CacheLoader
instanceKlass com/google/common/cache/LocalCache$LocalManualCache
instanceKlass java/net/InetSocketAddress$InetSocketAddressHolder
instanceKlass com/google/inject/internal/WeakKeySet$1
instanceKlass java/util/concurrent/atomic/Striped64$1
instanceKlass com/google/common/cache/LocalCache$ValueReference
instanceKlass java/net/InetAddress$CachedAddresses
instanceKlass sun/net/InetAddressCachePolicy$2
instanceKlass sun/net/InetAddressCachePolicy$1
instanceKlass sun/net/InetAddressCachePolicy
instanceKlass com/google/common/cache/CacheBuilder$2
instanceKlass com/google/common/cache/CacheStats
instanceKlass com/google/common/base/Suppliers$SupplierOfInstance
instanceKlass com/google/common/base/Suppliers
instanceKlass com/google/common/cache/CacheBuilder$1
instanceKlass com/google/common/cache/AbstractCache$StatsCounter
instanceKlass com/google/common/cache/LoadingCache
instanceKlass com/google/common/cache/Cache
instanceKlass com/google/common/base/Ticker
instanceKlass com/google/common/base/Supplier
instanceKlass com/google/common/cache/CacheBuilder
instanceKlass com/google/common/cache/RemovalListener
instanceKlass com/google/inject/internal/WeakKeySet
instanceKlass com/google/inject/internal/State$1
instanceKlass com/google/inject/internal/InheritingState
instanceKlass com/google/inject/internal/ProcessedBindingData
instanceKlass com/google/inject/spi/Element
instanceKlass com/google/inject/spi/DefaultElementVisitor
instanceKlass com/google/inject/spi/ElementVisitor
instanceKlass com/google/inject/internal/State
instanceKlass com/google/inject/internal/InjectorShell$Builder
instanceKlass com/google/common/collect/Lists
instanceKlass com/google/common/collect/AbstractMapEntry
instanceKlass com/google/common/collect/LinkedHashMultimap$ValueSetLink
instanceKlass com/google/common/collect/Multiset
instanceKlass com/google/common/collect/AbstractMultimap
instanceKlass com/google/common/collect/SetMultimap
instanceKlass com/google/common/base/Converter
instanceKlass com/google/common/base/Function
instanceKlass com/google/common/collect/ImmutableMap
instanceKlass com/google/common/collect/BiMap
instanceKlass com/google/common/collect/Maps$EntryTransformer
instanceKlass com/google/common/collect/SortedMapDifference
instanceKlass com/google/common/collect/MapDifference
instanceKlass com/google/common/collect/Maps
instanceKlass com/google/inject/internal/CycleDetectingLock
instanceKlass com/google/inject/internal/CycleDetectingLock$CycleDetectingLockFactory
instanceKlass com/google/inject/internal/Initializable
instanceKlass com/google/inject/internal/Initializer
instanceKlass com/google/common/collect/PeekingIterator
instanceKlass com/google/common/collect/Iterators
instanceKlass com/google/common/collect/CollectPreconditions
instanceKlass com/google/common/collect/ImmutableCollection$Builder
instanceKlass java/util/concurrent/ConcurrentLinkedQueue$Itr
instanceKlass java/util/AbstractList$SubList$1
instanceKlass com/intellij/rt/debugger/agent/CapturedStackDeduplicator$StackDictionary
instanceKlass com/google/inject/internal/util/SourceProvider
instanceKlass com/intellij/rt/debugger/agent/CapturedStackDeduplicator$StackRef
instanceKlass java/lang/StackTraceElement$HashedModules
instanceKlass com/google/common/collect/ObjectArrays
instanceKlass java/text/CalendarBuilder
instanceKlass com/intellij/rt/debugger/agent/CapturedStackDeduplicator
instanceKlass java/util/zip/Deflater$DeflaterZStreamRef
instanceKlass java/text/ParsePosition
instanceKlass java/util/zip/Deflater
instanceKlass okhttp3/internal/http/HttpDate
instanceKlass okhttp3/internal/http/HttpHeaders
instanceKlass com/google/common/collect/UnmodifiableIterator
instanceKlass okio/ForwardingSource
instanceKlass okhttp3/Response$Builder
instanceKlass okhttp3/internal/http/HttpMethod
instanceKlass com/google/inject/Key
instanceKlass okhttp3/Handshake
instanceKlass com/google/inject/internal/Errors$Converter
instanceKlass okio/Base64
instanceKlass java/net/InetAddress$NameServiceAddresses
instanceKlass java/net/InetAddress$Addresses
instanceKlass javax/swing/Scrollable
instanceKlass com/google/inject/internal/Errors
instanceKlass java/util/concurrent/ConcurrentSkipListMap$Iter
instanceKlass com/google/inject/internal/util/Stopwatch
instanceKlass okhttp3/internal/http/StatusLine
instanceKlass okhttp3/CacheControl$Builder
instanceKlass com/google/inject/internal/ContextualCallable
instanceKlass java/text/AttributedString$AttributedStringIterator
instanceKlass java/text/AttributedCharacterIterator
instanceKlass java/text/CharacterIterator
instanceKlass okhttp3/CacheControl
instanceKlass java/text/AttributedString
instanceKlass com/google/inject/Injector
instanceKlass okhttp3/internal/cache/CacheStrategy
instanceKlass com/google/inject/internal/InternalInjectorCreator
instanceKlass okhttp3/Cache$Entry
instanceKlass okhttp3/internal/cache/CacheStrategy$Factory
instanceKlass okhttp3/internal/cache/DiskLruCache$Snapshot
instanceKlass sun/awt/im/CompositionAreaHandler
instanceKlass java/awt/event/InputMethodListener
instanceKlass com/google/inject/Guice
instanceKlass okio/RealBufferedSink
instanceKlass com/google/inject/AbstractModule
instanceKlass okio/ForwardingSink
instanceKlass sun/management/Util
instanceKlass java/util/stream/Collectors$$Lambda$214
instanceKlass okio/Okio$1
instanceKlass java/util/stream/Collectors$$Lambda$213
instanceKlass java/util/stream/Collectors$$Lambda$212
instanceKlass sun/management/spi/PlatformMBeanProvider$PlatformComponent$$Lambda$211
instanceKlass sun/management/spi/PlatformMBeanProvider$PlatformComponent$$Lambda$210
instanceKlass sun/management/RuntimeImpl
instanceKlass java/util/stream/ReduceOps$2ReducingSink
instanceKlass sun/awt/im/InputMethodAdapter
instanceKlass java/lang/management/ManagementFactory$PlatformMBeanFinder$$Lambda$209
instanceKlass java/awt/im/spi/InputMethod
instanceKlass java/lang/management/ManagementFactory$PlatformMBeanFinder$$Lambda$208
instanceKlass java/lang/management/ManagementFactory$PlatformMBeanFinder$$Lambda$207
instanceKlass java/lang/management/ManagementFactory$PlatformMBeanFinder$$Lambda$206
instanceKlass java/util/Collections$2
instanceKlass jdk/management/jfr/internal/FlightRecorderMXBeanProvider$SingleMBeanComponent
instanceKlass jdk/management/jfr/FlightRecorderMXBean
instanceKlass okhttp3/internal/cache/DiskLruCache$Editor
instanceKlass java/util/stream/Collectors$$Lambda$205
instanceKlass java/util/stream/Collectors$$Lambda$204
instanceKlass java/lang/invoke/LambdaForm$DMH
instanceKlass java/awt/im/spi/InputMethodContext
instanceKlass java/awt/im/InputMethodRequests
instanceKlass java/util/stream/Collectors$$Lambda$203
instanceKlass java/awt/im/InputContext
instanceKlass java/lang/management/ManagementFactory$PlatformMBeanFinder$$Lambda$202
instanceKlass java/awt/KeyboardFocusManager$3
instanceKlass java/util/function/Function$$Lambda$201
instanceKlass java/lang/management/ManagementFactory$PlatformMBeanFinder$$Lambda$200
instanceKlass okhttp3/internal/cache/DiskLruCache$Entry
instanceKlass java/lang/management/ManagementFactory$PlatformMBeanFinder$$Lambda$199
instanceKlass java/lang/management/DefaultPlatformMBeanProvider$11
instanceKlass java/lang/management/DefaultPlatformMBeanProvider$10
instanceKlass java/lang/management/DefaultPlatformMBeanProvider$9
instanceKlass sun/management/ManagementFactoryHelper$LoggingMXBeanAccess$1
instanceKlass sun/management/ManagementFactoryHelper$LoggingMXBeanAccess
instanceKlass java/lang/management/DefaultPlatformMBeanProvider$8
instanceKlass java/lang/management/DefaultPlatformMBeanProvider$7
instanceKlass java/lang/management/DefaultPlatformMBeanProvider$6
instanceKlass java/lang/management/DefaultPlatformMBeanProvider$5
instanceKlass java/lang/management/DefaultPlatformMBeanProvider$4
instanceKlass okio/RealBufferedSource
instanceKlass java/lang/management/DefaultPlatformMBeanProvider$3
instanceKlass java/lang/management/DefaultPlatformMBeanProvider$2
instanceKlass java/lang/management/DefaultPlatformMBeanProvider$1
instanceKlass com/sun/management/internal/PlatformMBeanProviderImpl$5
instanceKlass okio/Okio$2
instanceKlass sun/management/VMManagementImpl
instanceKlass sun/management/VMManagement
instanceKlass sun/management/ManagementFactoryHelper
instanceKlass sun/management/NotificationEmitterSupport
instanceKlass javax/management/NotificationEmitter
instanceKlass javax/management/NotificationBroadcaster
instanceKlass com/sun/management/DiagnosticCommandMBean
instanceKlass javax/management/DynamicMBean
instanceKlass com/sun/management/internal/PlatformMBeanProviderImpl$4
instanceKlass com/sun/management/internal/PlatformMBeanProviderImpl$3
instanceKlass com/sun/management/internal/PlatformMBeanProviderImpl$2
instanceKlass com/sun/management/internal/PlatformMBeanProviderImpl$1
instanceKlass sun/management/spi/PlatformMBeanProvider$PlatformComponent
instanceKlass com/sun/management/internal/PlatformMBeanProviderImpl$$Lambda$198
instanceKlass java/lang/management/ManagementFactory$PlatformMBeanFinder$$Lambda$197
instanceKlass sun/management/spi/PlatformMBeanProvider
instanceKlass java/lang/management/ManagementFactory$PlatformMBeanFinder$$Lambda$196
instanceKlass java/lang/management/ManagementFactory$PlatformMBeanFinder
instanceKlass java/lang/management/RuntimeMXBean
instanceKlass java/lang/management/PlatformManagedObject
instanceKlass java/lang/management/ManagementFactory$$Lambda$195
instanceKlass java/lang/management/ManagementFactory
instanceKlass javax/swing/RepaintManager$3
instanceKlass com/intellij/rt/debugger/agent/ThrowableInterner$BacktraceKey
instanceKlass java/awt/KeyboardFocusManager$LightweightFocusRequest
instanceKlass com/intellij/rt/debugger/agent/LogCaptureStorage$MemoryFootprintEstimate
instanceKlass java/awt/DefaultKeyboardFocusManager$TypeAheadMarker
instanceKlass java/awt/KeyboardFocusManager$HeavyweightFocusRequest
instanceKlass sun/awt/KeyboardFocusManagerPeerImpl$KfmAccessor
instanceKlass ch/qos/logback/core/pattern/SpacePadder
instanceKlass ch/qos/logback/classic/util/LogbackMDCAdapter
instanceKlass org/slf4j/impl/StaticMDCBinder
instanceKlass org/slf4j/spi/MDCAdapter
instanceKlass org/slf4j/MDC
instanceKlass okio/Okio
instanceKlass org/slf4j/helpers/FormattingTuple
instanceKlass org/slf4j/helpers/MessageFormatter
instanceKlass sun/net/spi/DefaultProxySelector$4
instanceKlass sun/net/spi/DefaultProxySelector$NonProxyInfo
instanceKlass ch/qos/logback/classic/spi/EventArgUtil
instanceKlass okhttp3/internal/connection/RouteSelector
instanceKlass ch/qos/logback/classic/spi/IThrowableProxy
instanceKlass ch/qos/logback/classic/spi/LoggingEvent
instanceKlass sun/java2d/loops/FontInfo
instanceKlass java/awt/PrintGraphics
instanceKlass java/awt/print/PrinterGraphics
instanceKlass okhttp3/Address
instanceKlass net/runelite/client/rs/RSConfig
instanceKlass okhttp3/internal/connection/ExchangeFinder
instanceKlass com/google/common/base/Preconditions
instanceKlass com/google/common/base/MoreObjects
instanceKlass okhttp3/internal/http/RealInterceptorChain
instanceKlass okhttp3/internal/http/CallServerInterceptor
instanceKlass net/runelite/client/RuneLite$$Lambda$194
instanceKlass okhttp3/internal/connection/ConnectInterceptor
instanceKlass okhttp3/internal/cache/CacheInterceptor
instanceKlass net/runelite/client/rs/WorldSupplier
instanceKlass okhttp3/internal/http/BridgeInterceptor
instanceKlass net/runelite/client/rs/ClientConfigLoader
instanceKlass net/runelite/api/ClientConfiguration
instanceKlass sun/java2d/marlin/ArrayCacheConst
instanceKlass java/awt/geom/LineIterator
instanceKlass okhttp3/internal/http/RetryAndFollowUpInterceptor
instanceKlass sun/java2d/marlin/DDasher$LengthIterator
instanceKlass sun/java2d/marlin/DDasher
instanceKlass sun/java2d/marlin/DStroker
instanceKlass sun/java2d/marlin/Renderer
instanceKlass net/runelite/client/rs/ClientLoader
instanceKlass sun/java2d/marlin/MarlinTileGenerator
instanceKlass sun/java2d/pipe/AATileGenerator
instanceKlass sun/java2d/marlin/DRenderer
instanceKlass sun/java2d/marlin/MarlinRenderer
instanceKlass java/util/Formattable
instanceKlass java/util/Formatter$Conversion
instanceKlass java/util/Formatter$Flags
instanceKlass sun/java2d/marlin/OffHeapArray$$Lambda$193
instanceKlass java/util/Formatter$FormatSpecifier
instanceKlass sun/java2d/marlin/OffHeapArray
instanceKlass java/util/Formatter$FixedString
instanceKlass sun/java2d/marlin/MarlinCache
instanceKlass java/util/Formatter$FormatString
instanceKlass sun/java2d/marlin/IntArrayCache$Reference
instanceKlass sun/java2d/marlin/DHelpers$IndexStack
instanceKlass java/util/Formatter
instanceKlass sun/java2d/marlin/DTransformingPathConsumer2D$PathClipFilter
instanceKlass sun/java2d/marlin/ByteArrayCache$Reference
instanceKlass sun/java2d/marlin/DoubleArrayCache$Reference
instanceKlass okhttp3/internal/NamedRunnable
instanceKlass sun/java2d/marlin/DHelpers$PolyStack
instanceKlass sun/java2d/marlin/DTransformingPathConsumer2D$ClosedPathDetector
instanceKlass sun/java2d/marlin/DTransformingPathConsumer2D$PathTracer
instanceKlass net/runelite/client/RuntimeConfigLoader$1
instanceKlass sun/java2d/marlin/DTransformingPathConsumer2D$DeltaTransformFilter
instanceKlass sun/java2d/marlin/DTransformingPathConsumer2D$DeltaScaleFilter
instanceKlass sun/java2d/marlin/DTransformingPathConsumer2D$Path2DWrapper
instanceKlass sun/java2d/marlin/DTransformingPathConsumer2D
instanceKlass sun/java2d/marlin/DTransformingPathConsumer2D$CurveClipSplitter
instanceKlass sun/java2d/marlin/DTransformingPathConsumer2D$CurveBasicMonotonizer
instanceKlass sun/java2d/marlin/DMarlinRenderingEngine$NormalizingPathIterator
instanceKlass java/awt/geom/PathIterator
instanceKlass okhttp3/Connection
instanceKlass sun/java2d/marlin/DRendererContext$PathConsumer2DAdapter
instanceKlass sun/java2d/marlin/ByteArrayCache
instanceKlass sun/java2d/marlin/DoubleArrayCache
instanceKlass sun/java2d/marlin/IntArrayCache
instanceKlass sun/java2d/marlin/DPathSimplifier
instanceKlass sun/java2d/marlin/DCollinearSimplifier
instanceKlass sun/java2d/marlin/DPathConsumer2D
instanceKlass sun/java2d/marlin/DCurve
instanceKlass okio/Timeout
instanceKlass sun/java2d/ReentrantContext
instanceKlass sun/java2d/marlin/IRendererContext
instanceKlass okhttp3/internal/connection/Transmitter
instanceKlass sun/java2d/pipe/ShapeSpanIterator
instanceKlass sun/awt/geom/PathConsumer2D
instanceKlass sun/java2d/pipe/SpanIterator
instanceKlass java/awt/geom/Line2D
instanceKlass javax/swing/plaf/basic/BasicGraphicsUtils
instanceKlass okhttp3/RealCall
instanceKlass sun/font/CMap
instanceKlass sun/text/normalizer/UCharacterProperty$IsAcceptable
instanceKlass sun/text/normalizer/UCharacterProperty$IntProperty
instanceKlass sun/font/FontScaler
instanceKlass sun/text/normalizer/UCharacterProperty
instanceKlass sun/text/normalizer/UCharacter
instanceKlass sun/text/normalizer/Trie
instanceKlass sun/net/idn/StringPrep$StringPrepTrieImpl
instanceKlass sun/text/normalizer/Trie$DataManipulate
instanceKlass sun/net/idn/StringPrepDataReader
instanceKlass sun/net/idn/StringPrep
instanceKlass sun/font/TrueTypeFont$DirectoryEntry
instanceKlass java/net/IDN
instanceKlass java/nio/channels/spi/AbstractInterruptibleChannel$1
instanceKlass sun/nio/ch/Interruptible
instanceKlass okhttp3/HttpUrl$Builder
instanceKlass sun/font/TrueTypeFont$1
instanceKlass sun/font/TrueTypeFont$TTDisposerRecord
instanceKlass sun/font/StrikeCache$DisposableStrike
instanceKlass sun/font/FontStrikeDisposer
instanceKlass sun/java2d/Disposer$PollDisposable
instanceKlass okhttp3/HttpUrl
instanceKlass sun/font/FontStrikeDesc
instanceKlass java/lang/invoke/LambdaForm$MH
instanceKlass java/lang/invoke/LambdaForm$DMH
instanceKlass okhttp3/Headers$Builder
instanceKlass okhttp3/Request$Builder
instanceKlass java/lang/invoke/LambdaForm$MH
instanceKlass java/lang/invoke/LambdaForm$MH
instanceKlass java/lang/invoke/LambdaForm$MH
instanceKlass java/lang/invoke/LambdaForm$MH
instanceKlass java/lang/invoke/LambdaForm$MH
instanceKlass java/lang/invoke/LambdaForm$MH
instanceKlass java/lang/invoke/LambdaForm$MH
instanceKlass com/google/common/base/CommonPattern
instanceKlass java/lang/invoke/LambdaForm$MH
instanceKlass java/lang/invoke/LambdaForm$MH
instanceKlass java/lang/invoke/LambdaForm$MH
instanceKlass com/google/common/base/Platform$JdkPatternCompiler
instanceKlass com/google/common/base/PatternCompiler
instanceKlass sun/font/FontDesignMetrics$MetricsKey
instanceKlass com/google/common/base/Platform
instanceKlass java/awt/FontMetrics
instanceKlass sun/swing/SwingUtilities2$KeyPair
instanceKlass com/google/common/base/Strings
instanceKlass java/util/concurrent/CompletableFuture$AsynchronousCompletionTask
instanceKlass java/util/concurrent/ForkJoinPool$WorkQueue
instanceKlass java/util/concurrent/ForkJoinPool$1
instanceKlass sun/java2d/opengl/OGLGraphicsConfig
instanceKlass java/util/concurrent/ForkJoinPool$DefaultForkJoinWorkerThreadFactory
instanceKlass java/util/concurrent/ForkJoinPool$ForkJoinWorkerThreadFactory
instanceKlass java/util/concurrent/ForkJoinTask
instanceKlass sun/awt/SunGraphicsCallback
instanceKlass sun/java2d/pipe/hw/AccelSurface
instanceKlass javax/swing/RepaintManager$4
instanceKlass javax/swing/RepaintManager$2$1
instanceKlass java/util/LinkedList$ListItr
instanceKlass java/util/concurrent/CompletableFuture$AltResult
instanceKlass java/util/concurrent/CompletableFuture
instanceKlass java/util/concurrent/CompletionStage
instanceKlass okhttp3/Callback
instanceKlass javax/swing/Timer$1
instanceKlass net/runelite/client/RuntimeConfigLoader
instanceKlass java/awt/EventQueue$5
instanceKlass sun/awt/GlobalCursorManager$NativeUpdater
instanceKlass sun/awt/GlobalCursorManager
instanceKlass java/awt/SplashScreen
instanceKlass sun/awt/NullComponentPeer
instanceKlass sun/awt/LightweightPeerHolder
instanceKlass java/awt/peer/LightweightPeer
instanceKlass sun/awt/im/ExecutableInputMethodManager$3
instanceKlass sun/awt/im/InputMethodLocator
instanceKlass sun/awt/windows/WInputMethodDescriptor
instanceKlass java/awt/im/spi/InputMethodDescriptor
instanceKlass sun/awt/im/InputMethodManager
instanceKlass sun/awt/image/BufImgSurfaceData$ICMColorData
instanceKlass java/lang/StrictMath
instanceKlass java/lang/invoke/LambdaForm$MH
instanceKlass java/lang/invoke/LambdaForm$DMH
instanceKlass java/lang/invoke/LambdaForm$MH
instanceKlass java/lang/invoke/LambdaForm$DMH
instanceKlass java/lang/invoke/LambdaForm$MH
instanceKlass java/lang/invoke/LambdaForm$DMH
instanceKlass java/lang/invoke/LambdaForm$MH
instanceKlass java/lang/invoke/LambdaForm$MH
instanceKlass java/lang/invoke/LambdaForm$MH
instanceKlass java/lang/invoke/LambdaForm$MH
instanceKlass java/lang/invoke/LambdaForm$MH
instanceKlass java/lang/invoke/LambdaForm$MH
instanceKlass java/lang/invoke/LambdaForm$MH
instanceKlass java/lang/invoke/LambdaForm$MH
instanceKlass sun/awt/FontConfiguration$2
instanceKlass sun/awt/Win32FontManager$2
instanceKlass sun/font/SunFontManager$3
instanceKlass sun/font/FontFamily
instanceKlass sun/font/CompositeFontDescriptor
instanceKlass sun/font/SunFontManager$FontRegistrationInfo
instanceKlass java/lang/invoke/LambdaForm$MH
instanceKlass java/lang/invoke/LambdaForm$MH
instanceKlass java/lang/invoke/LambdaForm$MH
instanceKlass java/lang/invoke/LambdaForm$MH
instanceKlass java/lang/invoke/LambdaForm$MH
instanceKlass java/lang/invoke/LambdaForm$MH
instanceKlass java/lang/invoke/LambdaForm$MH
instanceKlass java/lang/invoke/LambdaForm$MH
instanceKlass java/lang/invoke/LambdaForm$MH
instanceKlass java/lang/invoke/LambdaForm$MH
instanceKlass java/lang/invoke/LambdaForm$MH
instanceKlass java/lang/invoke/LambdaForm$MH
instanceKlass java/lang/invoke/LambdaForm$MH
instanceKlass java/lang/invoke/LambdaForm$MH
instanceKlass java/lang/invoke/LambdaForm$MH
instanceKlass java/lang/invoke/LambdaForm$MH
instanceKlass java/lang/Short$ShortCache
instanceKlass java/lang/invoke/LambdaForm$MH
instanceKlass java/lang/invoke/LambdaForm$MH
instanceKlass java/lang/invoke/LambdaForm$MH
instanceKlass java/lang/invoke/LambdaForm$MH
instanceKlass java/lang/invoke/LambdaForm$MH
instanceKlass java/lang/invoke/LambdaForm$MH
instanceKlass java/lang/invoke/LambdaForm$MH
instanceKlass java/lang/invoke/LambdaForm$MH
instanceKlass java/lang/invoke/LambdaForm$MH
instanceKlass java/lang/invoke/LambdaForm$MH
instanceKlass java/lang/invoke/LambdaForm$MH
instanceKlass java/lang/invoke/LambdaForm$MH
instanceKlass java/lang/invoke/LambdaForm$MH
instanceKlass java/lang/invoke/LambdaForm$MH
instanceKlass sun/awt/FontDescriptor
instanceKlass sun/awt/FontConfiguration
instanceKlass sun/font/SunFontManager$2
instanceKlass sun/awt/Win32FontManager$1
instanceKlass sun/font/FontManagerFactory$1
instanceKlass sun/font/FontManagerFactory
instanceKlass sun/font/GlyphList
instanceKlass sun/font/StrikeCache$1
instanceKlass sun/font/StrikeCache
instanceKlass sun/font/FontStrike
instanceKlass sun/font/CharToGlyphMapper
instanceKlass sun/font/StrikeMetrics
instanceKlass sun/font/Font2D
instanceKlass sun/font/FontManagerNativeLibrary$1
instanceKlass sun/font/FontManagerNativeLibrary
instanceKlass sun/font/SunFontManager$1
instanceKlass sun/font/SunFontManager$T1Filter
instanceKlass sun/font/SunFontManager$TTFilter
instanceKlass sun/font/Font2DHandle
instanceKlass sun/font/SunFontManager
instanceKlass sun/font/FontManagerForSGE
instanceKlass sun/font/FontManager
instanceKlass sun/java2d/FontSupport
instanceKlass sun/awt/NativeLibLoader$1
instanceKlass sun/awt/NativeLibLoader
instanceKlass sun/awt/PlatformFont
instanceKlass java/awt/peer/FontPeer
instanceKlass java/awt/SystemColor$$Lambda$192
instanceKlass sun/awt/AWTAccessor$SystemColorAccessor
instanceKlass java/lang/invoke/LambdaForm$DMH
instanceKlass sun/java2d/StateTracker$2
instanceKlass sun/java2d/StateTracker$1
instanceKlass sun/java2d/StateTracker
instanceKlass sun/java2d/SurfaceDataProxy
instanceKlass sun/awt/image/SurfaceManager$FlushableCacheData
instanceKlass sun/java2d/DefaultDisposerRecord
instanceKlass java/util/TimSort
instanceKlass sun/java2d/loops/GraphicsPrimitiveMgr$PrimitiveSpec
instanceKlass sun/java2d/loops/RenderLoops
instanceKlass sun/java2d/windows/GDIRenderer
instanceKlass sun/java2d/loops/GraphicsPrimitiveMgr$2
instanceKlass sun/java2d/loops/GraphicsPrimitiveMgr$1
instanceKlass sun/java2d/loops/GeneralRenderer
instanceKlass sun/java2d/loops/CustomComponent
instanceKlass sun/java2d/pipe/ValidatePipe
instanceKlass java/awt/BasicStroke
instanceKlass java/awt/Stroke
instanceKlass java/awt/geom/Path2D
instanceKlass java/awt/AlphaComposite
instanceKlass sun/awt/ConstrainableGraphics
instanceKlass sun/java2d/loops/CompositeType
instanceKlass sun/java2d/loops/GraphicsPrimitiveMgr
instanceKlass sun/java2d/loops/GraphicsPrimitive
instanceKlass sun/java2d/loops/XORComposite
instanceKlass sun/java2d/pipe/hw/AccelGraphicsConfig
instanceKlass sun/java2d/pipe/hw/BufferedContextProvider
instanceKlass sun/java2d/d3d/D3DScreenUpdateManager$$Lambda$191
instanceKlass sun/java2d/d3d/D3DScreenUpdateManager$$Lambda$190
instanceKlass sun/java2d/ScreenUpdateManager
instanceKlass javax/swing/RepaintManager$2
instanceKlass sun/awt/windows/WComponentPeer$2
instanceKlass java/awt/SequencedEvent$2
instanceKlass java/awt/SequencedEvent$1
instanceKlass sun/awt/AWTAccessor$SequencedEventAccessor
instanceKlass sun/awt/windows/WWindowPeer$$Lambda$189
instanceKlass java/lang/invoke/LambdaForm$DMH
instanceKlass sun/awt/im/InputMethodWindow
instanceKlass sun/awt/ExtendedKeyCodes
instanceKlass sun/awt/RepaintArea
instanceKlass sun/awt/windows/WWindowPeer$GuiDisposedListener
instanceKlass sun/awt/windows/WWindowPeer$ActiveWindowListener
instanceKlass java/awt/peer/CanvasPeer
instanceKlass java/awt/peer/PanelPeer
instanceKlass java/awt/peer/FramePeer
instanceKlass java/awt/peer/WindowPeer
instanceKlass java/awt/peer/ContainerPeer
instanceKlass javax/swing/TimerQueue$DelayedTimer
instanceKlass javax/swing/TimerQueue$$Lambda$188
instanceKlass javax/swing/TimerQueue
instanceKlass javax/swing/Timer$DoPostEvent
instanceKlass javax/swing/Timer
instanceKlass java/awt/image/MultiResolutionImage
instanceKlass java/awt/MediaEntry
instanceKlass java/awt/MediaTracker
instanceKlass javax/swing/ImageIcon$2
instanceKlass javax/swing/ImageIcon$1
instanceKlass javax/swing/ImageIcon
instanceKlass net/runelite/client/ui/ColorScheme
instanceKlass com/sun/imageio/plugins/common/ReaderUtil
instanceKlass java/awt/image/BufferedImage$1
instanceKlass sun/awt/image/NativeLibLoader$1
instanceKlass sun/awt/image/NativeLibLoader
instanceKlass sun/java2d/cmm/CMSManager
instanceKlass java/awt/image/SampleModel
instanceKlass java/awt/image/Raster
instanceKlass java/awt/image/DataBuffer$1
instanceKlass sun/awt/image/SunWritableRaster$DataStealer
instanceKlass java/awt/image/DataBuffer
instanceKlass com/sun/imageio/plugins/png/PNGImageDataEnumeration
instanceKlass javax/imageio/IIOParam
instanceKlass javax/imageio/metadata/IIOMetadata
instanceKlass javax/imageio/ImageIO$ImageReaderIterator
instanceKlass javax/imageio/spi/FilterIterator
instanceKlass javax/imageio/ImageIO$CanDecodeInputFilter
instanceKlass javax/imageio/spi/ServiceRegistry$Filter
instanceKlass javax/imageio/stream/MemoryCacheImageInputStream$StreamDisposerRecord
instanceKlass javax/imageio/stream/MemoryCache
instanceKlass javax/imageio/stream/ImageInputStreamImpl
instanceKlass javax/imageio/spi/PartialOrderIterator
instanceKlass javax/imageio/ImageIO$CacheInfo
instanceKlass javax/imageio/ImageTypeSpecifier
instanceKlass javax/imageio/ImageWriter
instanceKlass javax/imageio/ImageTranscoder
instanceKlass javax/imageio/metadata/IIOMetadataFormat
instanceKlass javax/imageio/ImageReader
instanceKlass javax/imageio/spi/IIORegistry$1
instanceKlass com/sun/imageio/plugins/jpeg/JPEG
instanceKlass javax/imageio/stream/ImageOutputStream
instanceKlass javax/imageio/spi/DigraphNode
instanceKlass javax/imageio/stream/ImageInputStream
instanceKlass javax/imageio/spi/SubRegistry
instanceKlass javax/imageio/spi/IIOServiceProvider
instanceKlass javax/imageio/spi/RegisterableService
instanceKlass javax/imageio/spi/ServiceRegistry
instanceKlass javax/imageio/ImageIO
instanceKlass java/awt/Composite
instanceKlass net/runelite/client/util/ImageUtil
instanceKlass net/runelite/client/input/MouseListener
instanceKlass java/awt/event/WindowFocusListener
instanceKlass java/awt/event/ComponentListener
instanceKlass java/awt/event/WindowListener
instanceKlass java/awt/event/MouseListener
instanceKlass net/runelite/client/ui/ClientUI
instanceKlass javax/swing/plaf/basic/BasicProgressBarUI$Handler
instanceKlass java/awt/event/HierarchyListener
instanceKlass java/awt/Graphics
instanceKlass javax/swing/JProgressBar$ModelListener
instanceKlass javax/swing/event/ChangeListener
instanceKlass javax/swing/DefaultBoundedRangeModel
instanceKlass javax/swing/BoundedRangeModel
instanceKlass javax/swing/plaf/basic/BasicHTML
instanceKlass javax/swing/plaf/metal/DefaultMetalTheme$FontDelegate$1
instanceKlass javax/swing/ActionMap
instanceKlass java/awt/event/KeyEvent$1
instanceKlass sun/awt/AWTAccessor$KeyEventAccessor
instanceKlass java/awt/VKCollection
instanceKlass java/lang/invoke/LambdaForm$MH
instanceKlass java/lang/invoke/LambdaForm$MH
instanceKlass java/lang/invoke/LambdaForm$MH
instanceKlass java/lang/invoke/LambdaForm$MH
instanceKlass java/lang/invoke/LambdaForm$MH
instanceKlass java/lang/invoke/LambdaForm$MH
instanceKlass java/lang/invoke/LambdaForm$MH
instanceKlass java/lang/invoke/LambdaForm$MH
instanceKlass java/lang/invoke/LambdaForm$MH
instanceKlass java/lang/invoke/LambdaForm$MH
instanceKlass javax/swing/InputMap
instanceKlass javax/swing/LayoutComparator
instanceKlass javax/swing/RepaintManager$PaintManager
instanceKlass javax/swing/JRootPane$RootLayout
instanceKlass javax/swing/ArrayTable
instanceKlass com/sun/java/swing/SwingUtilities3
instanceKlass javax/swing/RepaintManager$ProcessingRunnable
instanceKlass sun/util/ResourceBundleEnumeration
instanceKlass javax/swing/UIDefaults$1
instanceKlass java/awt/FlowLayout
instanceKlass java/awt/Window$WindowDisposerRecord
instanceKlass java/awt/geom/RectangularShape
instanceKlass java/awt/Shape
instanceKlass java/awt/BorderLayout
instanceKlass java/awt/LayoutManager2
instanceKlass java/awt/GraphicsConfiguration
instanceKlass sun/awt/image/SurfaceManager$ProxiedGraphicsConfig
instanceKlass sun/java2d/pipe/hw/ContextCapabilities
instanceKlass sun/java2d/d3d/D3DGraphicsDevice$1
instanceKlass sun/java2d/d3d/D3DGraphicsDevice$1Result
instanceKlass sun/java2d/d3d/D3DRenderQueue$1
instanceKlass sun/java2d/pipe/RenderBuffer
instanceKlass sun/java2d/pipe/RenderQueue
instanceKlass java/awt/GraphicsDevice
instanceKlass java/awt/Cursor$1
instanceKlass sun/awt/AWTAccessor$CursorAccessor
instanceKlass java/awt/geom/Point2D
instanceKlass java/awt/Cursor
instanceKlass java/awt/Component$3
instanceKlass java/awt/ComponentOrientation
instanceKlass javax/swing/JComponent$2
instanceKlass javax/swing/JComponent$1
instanceKlass sun/swing/SwingAccessor$JComponentAccessor
instanceKlass javax/swing/UIManager$2
instanceKlass sun/awt/KeyboardFocusManagerPeerImpl
instanceKlass java/awt/peer/KeyboardFocusManagerPeer
instanceKlass javax/swing/KeyStroke$1
instanceKlass sun/swing/SwingAccessor$KeyStrokeAccessor
instanceKlass java/awt/AWTKeyStroke
instanceKlass java/awt/FocusTraversalPolicy
instanceKlass java/awt/DefaultKeyboardFocusManager$2
instanceKlass java/awt/DefaultKeyboardFocusManager$1
instanceKlass sun/awt/AWTAccessor$DefaultKeyboardFocusManagerAccessor
instanceKlass java/awt/KeyboardFocusManager$1
instanceKlass sun/awt/AWTAccessor$KeyboardFocusManagerAccessor
instanceKlass java/awt/KeyboardFocusManager
instanceKlass java/awt/KeyEventPostProcessor
instanceKlass java/awt/KeyEventDispatcher
instanceKlass sun/awt/PaintEventDispatcher
instanceKlass javax/swing/RepaintManager$1
instanceKlass sun/swing/SwingAccessor$RepaintManagerAccessor
instanceKlass javax/swing/RepaintManager$DisplayChangedHandler
instanceKlass javax/swing/RepaintManager
instanceKlass javax/swing/plaf/metal/OceanTheme$6
instanceKlass javax/swing/plaf/metal/OceanTheme$5
instanceKlass javax/swing/plaf/metal/OceanTheme$4
instanceKlass javax/swing/plaf/metal/OceanTheme$3
instanceKlass javax/swing/plaf/metal/OceanTheme$2
instanceKlass javax/swing/plaf/metal/OceanTheme$1
instanceKlass javax/swing/plaf/metal/OceanTheme$$Lambda$187
instanceKlass java/util/EventListenerProxy
instanceKlass sun/java2d/SunGraphicsEnvironment$1
instanceKlass sun/awt/SunDisplayChanger
instanceKlass sun/java2d/SurfaceManagerFactory
instanceKlass sun/java2d/windows/WindowsFlags$1
instanceKlass sun/java2d/windows/WindowsFlags
instanceKlass java/awt/GraphicsEnvironment$LocalGE
instanceKlass javax/swing/plaf/metal/MetalLookAndFeel$$Lambda$186
instanceKlass javax/swing/plaf/metal/MetalLookAndFeel$$Lambda$185
instanceKlass javax/swing/plaf/metal/MetalLookAndFeel$$Lambda$184
instanceKlass javax/swing/plaf/metal/MetalLookAndFeel$$Lambda$183
instanceKlass javax/swing/plaf/metal/MetalLookAndFeel$$Lambda$182
instanceKlass javax/swing/plaf/metal/MetalLookAndFeel$$Lambda$181
instanceKlass javax/swing/plaf/metal/MetalLookAndFeel$$Lambda$180
instanceKlass javax/swing/plaf/metal/MetalLookAndFeel$$Lambda$179
instanceKlass javax/swing/plaf/metal/MetalLookAndFeel$$Lambda$178
instanceKlass javax/swing/plaf/metal/MetalLookAndFeel$$Lambda$177
instanceKlass javax/swing/plaf/metal/MetalLookAndFeel$$Lambda$176
instanceKlass javax/swing/plaf/metal/MetalLookAndFeel$$Lambda$175
instanceKlass javax/swing/plaf/metal/MetalLookAndFeel$$Lambda$174
instanceKlass javax/swing/plaf/metal/MetalLookAndFeel$$Lambda$173
instanceKlass javax/swing/plaf/metal/MetalLookAndFeel$$Lambda$172
instanceKlass javax/swing/plaf/metal/MetalLookAndFeel$$Lambda$171
instanceKlass javax/swing/plaf/metal/MetalLookAndFeel$$Lambda$170
instanceKlass javax/swing/plaf/metal/MetalLookAndFeel$$Lambda$169
instanceKlass javax/swing/plaf/metal/MetalLookAndFeel$$Lambda$168
instanceKlass javax/swing/plaf/metal/MetalLookAndFeel$$Lambda$167
instanceKlass javax/swing/plaf/metal/MetalLookAndFeel$$Lambda$166
instanceKlass javax/swing/plaf/metal/MetalLookAndFeel$$Lambda$165
instanceKlass javax/swing/plaf/metal/MetalLookAndFeel$$Lambda$164
instanceKlass javax/swing/plaf/metal/MetalLookAndFeel$$Lambda$163
instanceKlass javax/swing/plaf/metal/MetalLookAndFeel$$Lambda$162
instanceKlass javax/swing/plaf/metal/MetalLookAndFeel$$Lambda$161
instanceKlass javax/swing/plaf/metal/MetalLookAndFeel$$Lambda$160
instanceKlass javax/swing/plaf/metal/MetalLookAndFeel$$Lambda$159
instanceKlass javax/swing/plaf/metal/MetalLookAndFeel$$Lambda$158
instanceKlass javax/swing/plaf/metal/MetalLookAndFeel$$Lambda$157
instanceKlass javax/swing/plaf/metal/MetalLookAndFeel$$Lambda$156
instanceKlass javax/swing/plaf/metal/MetalLookAndFeel$$Lambda$155
instanceKlass javax/swing/plaf/metal/MetalLookAndFeel$$Lambda$154
instanceKlass javax/swing/plaf/metal/MetalLookAndFeel$$Lambda$153
instanceKlass javax/swing/plaf/metal/MetalLookAndFeel$$Lambda$152
instanceKlass javax/swing/plaf/metal/MetalLookAndFeel$$Lambda$151
instanceKlass javax/swing/plaf/metal/MetalLookAndFeel$$Lambda$150
instanceKlass javax/swing/plaf/metal/MetalLookAndFeel$$Lambda$149
instanceKlass javax/swing/plaf/metal/MetalLookAndFeel$$Lambda$148
instanceKlass javax/swing/plaf/metal/MetalLookAndFeel$$Lambda$147
instanceKlass javax/swing/plaf/metal/MetalLookAndFeel$$Lambda$146
instanceKlass javax/swing/plaf/metal/MetalLookAndFeel$$Lambda$145
instanceKlass javax/swing/plaf/metal/MetalLookAndFeel$FontActiveValue
instanceKlass javax/swing/plaf/metal/MetalLookAndFeel$$Lambda$144
instanceKlass javax/swing/plaf/metal/MetalLookAndFeel$$Lambda$143
instanceKlass javax/swing/plaf/metal/MetalLookAndFeel$$Lambda$142
instanceKlass javax/swing/plaf/metal/MetalLookAndFeel$$Lambda$141
instanceKlass javax/swing/plaf/metal/MetalLookAndFeel$$Lambda$140
instanceKlass javax/swing/plaf/metal/MetalLookAndFeel$$Lambda$139
instanceKlass javax/swing/plaf/metal/MetalLookAndFeel$$Lambda$138
instanceKlass javax/swing/plaf/metal/MetalLookAndFeel$$Lambda$137
instanceKlass javax/swing/plaf/metal/MetalLookAndFeel$$Lambda$136
instanceKlass javax/swing/plaf/metal/MetalLookAndFeel$$Lambda$135
instanceKlass javax/swing/plaf/metal/MetalLookAndFeel$$Lambda$134
instanceKlass javax/swing/plaf/metal/MetalLookAndFeel$$Lambda$133
instanceKlass javax/swing/plaf/metal/MetalLookAndFeel$$Lambda$132
instanceKlass javax/swing/plaf/metal/MetalLookAndFeel$$Lambda$131
instanceKlass javax/swing/plaf/metal/MetalLookAndFeel$$Lambda$130
instanceKlass javax/swing/plaf/metal/MetalLookAndFeel$$Lambda$129
instanceKlass java/lang/Character$CharacterCache
instanceKlass javax/swing/plaf/basic/BasicLookAndFeel$$Lambda$128
instanceKlass java/lang/invoke/LambdaForm$DMH
instanceKlass javax/swing/plaf/basic/BasicLookAndFeel$$Lambda$127
instanceKlass javax/swing/plaf/basic/BasicLookAndFeel$$Lambda$126
instanceKlass javax/swing/plaf/basic/BasicLookAndFeel$$Lambda$125
instanceKlass javax/swing/plaf/basic/BasicLookAndFeel$$Lambda$124
instanceKlass javax/swing/plaf/basic/BasicLookAndFeel$$Lambda$123
instanceKlass javax/swing/UIDefaults$LazyInputMap
instanceKlass javax/swing/plaf/basic/BasicLookAndFeel$$Lambda$122
instanceKlass javax/swing/plaf/basic/BasicLookAndFeel$$Lambda$121
instanceKlass javax/swing/plaf/basic/BasicLookAndFeel$$Lambda$120
instanceKlass javax/swing/plaf/basic/BasicLookAndFeel$$Lambda$119
instanceKlass javax/swing/plaf/basic/BasicLookAndFeel$$Lambda$118
instanceKlass javax/swing/plaf/basic/BasicLookAndFeel$$Lambda$117
instanceKlass javax/swing/plaf/basic/BasicLookAndFeel$$Lambda$116
instanceKlass java/lang/invoke/LambdaForm$DMH
instanceKlass javax/swing/plaf/basic/BasicLookAndFeel$$Lambda$115
instanceKlass javax/swing/plaf/basic/BasicLookAndFeel$$Lambda$114
instanceKlass javax/swing/plaf/basic/BasicLookAndFeel$$Lambda$113
instanceKlass javax/swing/plaf/basic/BasicLookAndFeel$$Lambda$112
instanceKlass javax/swing/plaf/basic/BasicLookAndFeel$$Lambda$111
instanceKlass javax/swing/plaf/basic/BasicLookAndFeel$$Lambda$110
instanceKlass javax/swing/plaf/basic/BasicLookAndFeel$$Lambda$109
instanceKlass javax/swing/plaf/basic/BasicLookAndFeel$$Lambda$108
instanceKlass javax/swing/plaf/basic/BasicLookAndFeel$2
instanceKlass javax/swing/plaf/basic/BasicLookAndFeel$$Lambda$107
instanceKlass java/lang/invoke/LambdaForm$MH
instanceKlass java/lang/invoke/LambdaForm$DMH
instanceKlass java/lang/invoke/LambdaForm$DMH
instanceKlass sun/swing/SwingUtilities2$$Lambda$106
instanceKlass java/lang/invoke/LambdaForm$DMH
instanceKlass javax/swing/plaf/basic/BasicLookAndFeel$$Lambda$105
instanceKlass javax/swing/plaf/basic/BasicLookAndFeel$$Lambda$104
instanceKlass javax/swing/plaf/basic/BasicLookAndFeel$$Lambda$103
instanceKlass javax/swing/plaf/basic/BasicLookAndFeel$$Lambda$102
instanceKlass javax/swing/border/AbstractBorder
instanceKlass javax/swing/plaf/basic/BasicLookAndFeel$$Lambda$101
instanceKlass javax/swing/plaf/basic/BasicLookAndFeel$$Lambda$100
instanceKlass javax/swing/plaf/basic/BasicLookAndFeel$$Lambda$99
instanceKlass javax/swing/plaf/basic/BasicLookAndFeel$$Lambda$98
instanceKlass javax/swing/plaf/basic/BasicLookAndFeel$$Lambda$97
instanceKlass javax/swing/plaf/basic/BasicLookAndFeel$$Lambda$96
instanceKlass javax/swing/UIDefaults$ActiveValue
instanceKlass javax/swing/plaf/basic/BasicLookAndFeel$$Lambda$95
instanceKlass javax/swing/plaf/basic/BasicLookAndFeel$$Lambda$94
instanceKlass javax/swing/plaf/basic/BasicLookAndFeel$$Lambda$93
instanceKlass javax/swing/plaf/basic/BasicLookAndFeel$$Lambda$92
instanceKlass javax/swing/plaf/basic/BasicLookAndFeel$$Lambda$91
instanceKlass javax/swing/UIDefaults$LazyValue
instanceKlass javax/swing/plaf/metal/DefaultMetalTheme$FontDelegate
instanceKlass javax/swing/plaf/UIResource
instanceKlass javax/swing/plaf/metal/MetalTheme
instanceKlass sun/swing/DefaultLookup
instanceKlass javax/swing/LookAndFeel
instanceKlass javax/swing/UIManager$1
instanceKlass sun/swing/SwingAccessor
instanceKlass javax/swing/UIDefaults$$Lambda$90
instanceKlass sun/swing/SwingAccessor$UIDefaultsAccessor
instanceKlass javax/swing/UIManager$LAFState
instanceKlass sun/swing/SwingUtilities2$LSBCacheEntry
instanceKlass sun/swing/StringUIClientPropertyKey
instanceKlass javax/swing/UIClientPropertyKey
instanceKlass java/awt/font/FontRenderContext
instanceKlass sun/swing/SwingUtilities2
instanceKlass java/util/IdentityHashMap$IdentityHashMapIterator
instanceKlass java/awt/Toolkit$DesktopPropertyChangeSupport$1
instanceKlass sun/awt/SunHints$Value
instanceKlass java/lang/invoke/LambdaForm$MH
instanceKlass java/lang/invoke/LambdaForm$MH
instanceKlass java/lang/invoke/LambdaForm$MH
instanceKlass java/lang/invoke/LambdaForm$MH
instanceKlass java/lang/invoke/LambdaForm$MH
instanceKlass java/lang/invoke/LambdaForm$MH
instanceKlass java/lang/invoke/LambdaForm$MH
instanceKlass java/lang/invoke/LambdaForm$MH
instanceKlass java/lang/invoke/LambdaForm$MH
instanceKlass java/lang/invoke/LambdaForm$MH
instanceKlass java/lang/invoke/LambdaForm$MH
instanceKlass java/lang/invoke/LambdaForm$MH
instanceKlass java/lang/invoke/LambdaForm$MH
instanceKlass java/lang/invoke/LambdaForm$MH
instanceKlass java/lang/invoke/LambdaForm$MH
instanceKlass java/lang/invoke/LambdaForm$MH
instanceKlass java/lang/invoke/LambdaForm$MH
instanceKlass java/awt/RenderingHints$Key
instanceKlass sun/awt/SunHints
instanceKlass java/awt/RenderingHints
instanceKlass sun/awt/windows/WDesktopProperties$WinPlaySound
instanceKlass java/util/concurrent/locks/ReentrantReadWriteLock$WriteLock
instanceKlass java/util/concurrent/locks/ReentrantReadWriteLock$ReadLock
instanceKlass java/util/concurrent/locks/ReentrantReadWriteLock
instanceKlass java/util/concurrent/locks/ReadWriteLock
instanceKlass sun/awt/windows/ThemeReader
instanceKlass sun/awt/windows/WDesktopProperties
instanceKlass sun/awt/OSInfo$1
instanceKlass java/lang/invoke/LambdaForm$MH
instanceKlass java/lang/invoke/LambdaForm$MH
instanceKlass java/lang/invoke/LambdaForm$MH
instanceKlass java/lang/invoke/LambdaForm$MH
instanceKlass java/lang/invoke/LambdaForm$MH
instanceKlass java/lang/invoke/LambdaForm$MH
instanceKlass java/lang/invoke/LambdaForm$MH
instanceKlass java/lang/invoke/LambdaForm$MH
instanceKlass java/lang/invoke/LambdaForm$MH
instanceKlass java/lang/invoke/LambdaForm$MH
instanceKlass java/lang/invoke/LambdaForm$MH
instanceKlass java/lang/invoke/LambdaForm$MH
instanceKlass java/lang/invoke/LambdaForm$MH
instanceKlass java/lang/invoke/LambdaForm$MH
instanceKlass java/lang/invoke/LambdaForm$MH
instanceKlass java/lang/invoke/LambdaForm$MH
instanceKlass sun/awt/OSInfo$WindowsVersion
instanceKlass sun/awt/OSInfo
instanceKlass javax/swing/UIManager$LookAndFeelInfo
instanceKlass javax/swing/UIManager
instanceKlass java/awt/TrayIcon
instanceKlass java/awt/MenuComponent
instanceKlass java/awt/EventQueue$4
instanceKlass sun/awt/dnd/SunDragSourceContextPeer
instanceKlass java/awt/dnd/peer/DragSourceContextPeer
instanceKlass java/awt/ModalEventFilter
instanceKlass java/awt/EventDispatchThread$HierarchyEventFilter
instanceKlass java/awt/EventFilter
instanceKlass java/awt/EventDispatchThread$1
instanceKlass java/awt/Conditional
instanceKlass sun/awt/EventQueueItem
instanceKlass java/awt/EventQueue$6
instanceKlass java/awt/event/InvocationEvent$1
instanceKlass sun/awt/AWTAccessor$InvocationEventAccessor
instanceKlass java/awt/ActiveEvent
instanceKlass org/jetbrains/capture/org/objectweb/asm/Handle
instanceKlass java/awt/EventQueue$1AWTInvocationLock
instanceKlass sun/awt/PostEventQueue
instanceKlass sun/awt/MostRecentKeyValue
instanceKlass java/lang/invoke/LambdaForm$MH
instanceKlass java/lang/invoke/LambdaForm$MH
instanceKlass java/lang/invoke/LambdaForm$MH
instanceKlass java/lang/invoke/LambdaForm$MH
instanceKlass java/lang/invoke/LambdaForm$MH
instanceKlass java/lang/invoke/LambdaForm$MH
instanceKlass java/awt/Queue
instanceKlass sun/awt/AppContext$1
instanceKlass sun/awt/AppContext$2
instanceKlass sun/awt/AppContext$3
instanceKlass sun/awt/AppContext$6
instanceKlass jdk/internal/misc/JavaAWTAccess
instanceKlass sun/awt/AppContext$GetAppContextLock
instanceKlass sun/awt/AppContext
instanceKlass java/lang/invoke/LambdaForm$MH
instanceKlass java/lang/invoke/LambdaForm$DMH
instanceKlass java/lang/invoke/LambdaForm$MH
instanceKlass java/lang/invoke/LambdaForm$DMH
instanceKlass java/lang/invoke/LambdaForm$MH
instanceKlass java/lang/invoke/LambdaForm$MH
instanceKlass java/lang/invoke/LambdaForm$MH
instanceKlass java/lang/invoke/LambdaForm$MH
instanceKlass java/lang/invoke/LambdaForm$MH
instanceKlass sun/awt/windows/WToolkit$$Lambda$89
instanceKlass sun/awt/windows/WToolkit$$Lambda$88
instanceKlass sun/awt/windows/WToolkit$$Lambda$87
instanceKlass sun/awt/windows/WToolkit$$Lambda$86
instanceKlass sun/awt/AWTAutoShutdown$$Lambda$85
instanceKlass sun/awt/AWTAutoShutdown
instanceKlass sun/awt/util/ThreadGroupUtils
instanceKlass sun/java2d/Disposer$$Lambda$84
instanceKlass sun/java2d/Disposer$1
instanceKlass sun/java2d/Disposer
instanceKlass sun/awt/windows/WToolkit$ToolkitDisposer
instanceKlass sun/java2d/DisposerRecord
instanceKlass java/lang/invoke/LambdaForm$MH
instanceKlass java/lang/invoke/LambdaForm$MH
instanceKlass java/lang/invoke/LambdaForm$MH
instanceKlass java/lang/invoke/LambdaForm$MH
instanceKlass java/lang/invoke/LambdaForm$MH
instanceKlass java/lang/invoke/LambdaForm$MH
instanceKlass java/lang/invoke/LambdaForm$MH
instanceKlass java/lang/invoke/LambdaForm$MH
instanceKlass java/lang/invoke/LambdaForm$MH
instanceKlass java/lang/invoke/LambdaForm$MH
instanceKlass java/lang/invoke/LambdaForm$MH
instanceKlass java/lang/invoke/LambdaForm$MH
instanceKlass java/lang/invoke/LambdaForm$MH
instanceKlass sun/awt/util/PerformanceLogger$TimeData
instanceKlass sun/awt/util/PerformanceLogger
instanceKlass sun/awt/SunToolkit$ModalityListenerList
instanceKlass sun/awt/ModalityListener
instanceKlass java/beans/PropertyChangeListener
instanceKlass java/beans/ChangeListenerMap
instanceKlass java/beans/PropertyChangeSupport
instanceKlass sun/awt/windows/WToolkit$2
instanceKlass javax/swing/event/EventListenerList
instanceKlass sun/awt/windows/WDesktopPeer
instanceKlass java/awt/peer/DesktopPeer
instanceKlass sun/awt/DisplayChangedListener
instanceKlass sun/awt/image/SurfaceManager
instanceKlass sun/awt/image/SurfaceManager$ImageAccessor
instanceKlass java/awt/ImageCapabilities
instanceKlass sun/java2d/DestSurfaceProvider
instanceKlass sun/java2d/loops/RenderCache$Entry
instanceKlass sun/java2d/loops/RenderCache
instanceKlass sun/java2d/pipe/DrawImage
instanceKlass sun/java2d/pipe/GeneralCompositePipe
instanceKlass sun/java2d/pipe/SpanShapeRenderer
instanceKlass sun/java2d/pipe/AlphaPaintPipe
instanceKlass sun/java2d/pipe/AAShapePipe
instanceKlass sun/java2d/pipe/RegionIterator
instanceKlass sun/java2d/pipe/Region
instanceKlass sun/java2d/pipe/SpanClipRenderer
instanceKlass sun/java2d/pipe/PixelToShapeConverter
instanceKlass sun/java2d/pipe/AlphaColorPipe
instanceKlass sun/java2d/pipe/CompositePipe
instanceKlass sun/font/FontUtilities$1
instanceKlass sun/font/FontUtilities
instanceKlass sun/java2d/pipe/GlyphListPipe
instanceKlass sun/java2d/pipe/OutlineTextRenderer
instanceKlass sun/java2d/ReentrantContextProvider
instanceKlass sun/java2d/marlin/FloatMath
instanceKlass sun/java2d/marlin/MarlinProperties
instanceKlass sun/java2d/marlin/MarlinConst
instanceKlass sun/java2d/pipe/RenderingEngine
instanceKlass sun/java2d/pipe/LoopPipe
instanceKlass sun/java2d/pipe/LoopBasedPipe
instanceKlass sun/java2d/pipe/ParallelogramPipe
instanceKlass sun/java2d/pipe/NullPipe
instanceKlass sun/java2d/pipe/DrawImagePipe
instanceKlass sun/java2d/pipe/TextPipe
instanceKlass sun/java2d/pipe/ShapeDrawPipe
instanceKlass sun/java2d/pipe/PixelFillPipe
instanceKlass sun/java2d/pipe/PixelDrawPipe
instanceKlass sun/java2d/StateTrackableDelegate$2
instanceKlass sun/java2d/StateTrackableDelegate
instanceKlass sun/java2d/cmm/ProfileDeferralInfo
instanceKlass java/awt/color/ICC_Profile
instanceKlass java/awt/color/ColorSpace
instanceKlass java/awt/image/ColorModel$1
instanceKlass java/awt/image/ColorModel
instanceKlass sun/awt/image/PixelConverter
instanceKlass sun/java2d/loops/SurfaceType
instanceKlass sun/java2d/SurfaceData
instanceKlass sun/java2d/Surface
instanceKlass sun/java2d/StateTrackable
instanceKlass sun/java2d/DisposerTarget
instanceKlass sun/awt/windows/WToolkit$1
instanceKlass sun/awt/WeakIdentityHashMap
instanceKlass sun/awt/KeyboardFocusManagerPeerProvider
instanceKlass sun/awt/InputMethodSupport
instanceKlass sun/awt/ComponentFactory
instanceKlass java/awt/Toolkit$2
instanceKlass java/awt/EventQueue$3
instanceKlass java/awt/EventQueue$2
instanceKlass sun/awt/AWTAccessor$EventQueueAccessor
instanceKlass java/awt/EventQueue$1
instanceKlass java/awt/EventQueue
instanceKlass javax/swing/SwingUtilities
instanceKlass net/runelite/client/ui/SplashScreen$$Lambda$83
instanceKlass java/awt/Frame$1
instanceKlass sun/awt/AWTAccessor$FrameAccessor
instanceKlass java/awt/Window$1
instanceKlass sun/awt/AWTAccessor$WindowAccessor
instanceKlass java/awt/Container$1
instanceKlass sun/awt/AWTAccessor$ContainerAccessor
instanceKlass java/awt/geom/Dimension2D
instanceKlass java/awt/LightweightDispatcher
instanceKlass java/awt/event/AWTEventListener
instanceKlass java/awt/LayoutManager
instanceKlass java/awt/Component$DummyRequestFocusController
instanceKlass sun/awt/RequestFocusController
instanceKlass java/awt/Component$1
instanceKlass sun/awt/AWTAccessor$ComponentAccessor
instanceKlass java/awt/font/JavaAWTFontAccessImpl
instanceKlass jdk/internal/misc/JavaAWTFontAccess
instanceKlass sun/font/AttributeValues
instanceKlass java/awt/geom/AffineTransform
instanceKlass sun/font/FontAccess
instanceKlass java/awt/Font
instanceKlass sun/awt/windows/WObjectPeer
instanceKlass java/awt/dnd/peer/DropTargetPeer
instanceKlass java/awt/peer/ComponentPeer
instanceKlass java/awt/event/InputEvent$1
instanceKlass sun/awt/AWTAccessor$InputEventAccessor
instanceKlass java/awt/event/NativeLibLoader$1
instanceKlass java/awt/event/NativeLibLoader
instanceKlass java/awt/AWTEvent$1
instanceKlass sun/awt/AWTAccessor$AWTEventAccessor
instanceKlass java/util/EventObject
instanceKlass java/lang/ProcessEnvironment$CheckedEntry
instanceKlass java/lang/ProcessEnvironment$CheckedEntrySet$1
instanceKlass java/lang/ProcessEnvironment$EntryComparator
instanceKlass java/lang/ProcessEnvironment$NameComparator
instanceKlass java/awt/GraphicsEnvironment$$Lambda$82
instanceKlass java/awt/GraphicsEnvironment
instanceKlass java/awt/Insets
instanceKlass java/lang/invoke/LambdaForm$MH
instanceKlass java/lang/invoke/LambdaForm$MH
instanceKlass java/lang/invoke/LambdaForm$MH
instanceKlass java/lang/invoke/LambdaForm$MH
instanceKlass java/lang/invoke/LambdaForm$MH
instanceKlass java/lang/invoke/LambdaForm$MH
instanceKlass java/lang/invoke/LambdaForm$MH
instanceKlass java/lang/invoke/LambdaForm$MH
instanceKlass java/lang/invoke/LambdaForm$MH
instanceKlass java/lang/invoke/LambdaForm$MH
instanceKlass java/lang/invoke/LambdaForm$MH
instanceKlass java/lang/invoke/LambdaForm$MH
instanceKlass java/lang/invoke/LambdaForm$MH
instanceKlass java/lang/invoke/LambdaForm$MH
instanceKlass java/lang/invoke/LambdaForm$MH
instanceKlass java/lang/invoke/LambdaForm$MH
instanceKlass java/lang/invoke/LambdaForm$MH
instanceKlass java/lang/invoke/LambdaForm$MH
instanceKlass java/awt/Toolkit$1
instanceKlass java/awt/Toolkit$3
instanceKlass java/util/ResourceBundle$ResourceBundleProviderHelper$$Lambda$81
instanceKlass java/util/ResourceBundle$ResourceBundleProviderHelper$$Lambda$80
instanceKlass java/util/ResourceBundle$3
instanceKlass java/util/ResourceBundle$CacheKeyReference
instanceKlass java/util/ResourceBundle$CacheKey
instanceKlass java/util/ResourceBundle$$Lambda$79
instanceKlass java/awt/Toolkit$5
instanceKlass sun/awt/AWTAccessor
instanceKlass java/awt/Toolkit$4
instanceKlass sun/awt/AWTAccessor$ToolkitAccessor
instanceKlass java/awt/Toolkit
instanceKlass java/awt/Component$AWTTreeLock
instanceKlass javax/swing/plaf/ComponentUI
instanceKlass javax/swing/border/Border
instanceKlass javax/swing/SwingConstants
instanceKlass javax/swing/Icon
instanceKlass java/awt/image/WritableRenderedImage
instanceKlass java/awt/image/RenderedImage
instanceKlass java/awt/Image
instanceKlass java/awt/Component
instanceKlass java/awt/image/ImageObserver
instanceKlass java/awt/MenuContainer
instanceKlass javax/swing/TransferHandler$HasGetTransferHandler
instanceKlass javax/swing/RootPaneContainer
instanceKlass javax/accessibility/Accessible
instanceKlass javax/swing/WindowConstants
instanceKlass java/awt/event/ActionListener
instanceKlass com/google/gson/internal/bind/ReflectiveTypeAdapterFactory$BoundField
instanceKlass com/google/gson/internal/bind/ReflectiveTypeAdapterFactory
instanceKlass com/google/gson/internal/bind/JsonAdapterAnnotationTypeAdapterFactory
instanceKlass com/google/gson/internal/bind/MapTypeAdapterFactory
instanceKlass com/google/gson/internal/bind/CollectionTypeAdapterFactory
instanceKlass com/google/gson/internal/bind/ArrayTypeAdapter$1
instanceKlass com/google/gson/internal/bind/SqlDateTypeAdapter$1
instanceKlass com/google/gson/internal/bind/TimeTypeAdapter$1
instanceKlass com/google/gson/internal/bind/DateTypeAdapter$1
instanceKlass java/util/concurrent/atomic/AtomicLongArray
instanceKlass com/google/gson/internal/bind/ObjectTypeAdapter$1
instanceKlass jdk/internal/reflect/UnsafeFieldAccessorFactory
instanceKlass java/lang/reflect/AccessibleObject$$Lambda$78
instanceKlass sun/misc/Unsafe
instanceKlass com/google/gson/internal/JavaVersion
instanceKlass com/google/gson/internal/reflect/ReflectionAccessor
instanceKlass com/google/gson/internal/ObjectConstructor
instanceKlass com/google/gson/internal/ConstructorConstructor
instanceKlass com/google/gson/Gson
instanceKlass net/runelite/http/api/gson/IllegalReflectionExclusion
instanceKlass java/awt/Color
instanceKlass java/awt/Paint
instanceKlass java/awt/Transparency
instanceKlass com/google/gson/internal/bind/TypeAdapters$31
instanceKlass com/google/gson/internal/bind/TypeAdapters$30
instanceKlass com/google/gson/internal/bind/TypeAdapters$34
instanceKlass com/google/gson/internal/bind/TypeAdapters$26
instanceKlass java/util/Currency
instanceKlass java/util/UUID
instanceKlass com/google/gson/internal/bind/TypeAdapters$35
instanceKlass java/util/concurrent/atomic/AtomicIntegerArray
instanceKlass com/google/gson/internal/bind/TypeAdapters$33
instanceKlass com/google/gson/internal/bind/TypeAdapters$32
instanceKlass com/google/gson/internal/bind/TypeAdapters
instanceKlass java/lang/reflect/WildcardType
instanceKlass java/lang/reflect/GenericArrayType
instanceKlass java/lang/reflect/ParameterizedType
instanceKlass com/google/gson/internal/$Gson$Types
instanceKlass com/google/gson/reflect/TypeToken
instanceKlass com/google/gson/internal/$Gson$Preconditions
instanceKlass com/google/gson/InstanceCreator
instanceKlass com/google/gson/JsonDeserializer
instanceKlass com/google/gson/JsonSerializer
instanceKlass com/google/gson/stream/JsonWriter
instanceKlass com/google/gson/stream/JsonReader
instanceKlass com/google/gson/internal/Excluder
instanceKlass com/google/gson/TypeAdapterFactory
instanceKlass com/google/gson/TypeAdapter
instanceKlass com/google/gson/FieldNamingStrategy
instanceKlass com/google/gson/GsonBuilder
instanceKlass okhttp3/MediaType
instanceKlass com/google/gson/ExclusionStrategy
instanceKlass net/runelite/http/api/RuneLiteAPI
instanceKlass sun/text/normalizer/NormalizerImpl$ReorderingBuffer
instanceKlass sun/text/normalizer/UTF16
instanceKlass okhttp3/internal/tls/BasicTrustRootIndex
instanceKlass java/util/logging/Logger$SystemLoggerHelper$1
instanceKlass java/util/logging/Logger$SystemLoggerHelper
instanceKlass java/util/logging/LogManager$4
instanceKlass jdk/internal/logger/BootstrapLogger$BootstrapExecutors
instanceKlass jdk/internal/logger/LoggerFinderLoader
instanceKlass java/lang/System$LoggerFinder$$Lambda$77
instanceKlass java/util/stream/Streams
instanceKlass java/util/stream/Stream$Builder
instanceKlass java/util/stream/Streams$AbstractStreamBuilderImpl
instanceKlass java/util/logging/Level$KnownLevel$$Lambda$76
instanceKlass java/util/logging/Level$$Lambda$75
instanceKlass java/util/Collections$3
instanceKlass java/util/logging/LogManager$LoggerContext$1
instanceKlass java/util/logging/LogManager$VisitedLoggers
instanceKlass java/lang/invoke/LambdaForm$MH
instanceKlass java/lang/invoke/LambdaForm$MH
instanceKlass java/lang/invoke/LambdaForm$MH
instanceKlass java/lang/invoke/LambdaForm$MH
instanceKlass java/lang/invoke/LambdaForm$MH
instanceKlass java/lang/invoke/LambdaForm$MH
instanceKlass java/lang/invoke/LambdaForm$MH
instanceKlass java/lang/invoke/LambdaForm$MH
instanceKlass java/lang/invoke/LambdaForm$MH
instanceKlass java/lang/invoke/LambdaForm$MH
instanceKlass java/lang/invoke/LambdaForm$MH
instanceKlass java/lang/invoke/LambdaForm$MH
instanceKlass java/util/logging/LogManager$2
instanceKlass java/security/AccessController$1
instanceKlass java/util/logging/LogManager$LoggingProviderAccess
instanceKlass java/util/logging/LogManager$LogNode
instanceKlass java/util/logging/LogManager$LoggerContext
instanceKlass java/util/logging/LogManager$1
instanceKlass java/util/logging/LogManager
instanceKlass java/util/logging/Logger$ConfigurationData
instanceKlass java/util/logging/Logger$LoggerBundle
instanceKlass java/util/logging/Level
instanceKlass java/util/logging/Handler
instanceKlass java/util/logging/Logger
instanceKlass javax/net/ssl/HandshakeCompletedListener
instanceKlass java/util/EventListener
instanceKlass javax/net/ssl/SSLSession
instanceKlass java/net/Socket
instanceKlass javax/net/ssl/SSLParameters
instanceKlass java/net/SocketAddress
instanceKlass okhttp3/internal/platform/Platform
instanceKlass okhttp3/internal/tls/TrustRootIndex
instanceKlass okhttp3/internal/tls/CertificateChainCleaner
instanceKlass sun/security/provider/AbstractDrbg$NonceProvider
instanceKlass sun/security/provider/AbstractDrbg$SeederHolder$$Lambda$74
instanceKlass java/lang/invoke/LambdaForm$DMH
instanceKlass java/lang/invoke/LambdaForm$DMH
instanceKlass java/nio/file/Files$AcceptAllFilter
instanceKlass java/net/NetworkInterface$2
instanceKlass java/net/DefaultInterface
instanceKlass java/net/Inet6Address$Inet6AddressHolder
instanceKlass java/net/InetAddress$PlatformNameService
instanceKlass java/net/InetAddress$NameService
instanceKlass java/net/Inet6AddressImpl
instanceKlass java/net/InetAddressImpl
instanceKlass java/net/InetAddressImplFactory
instanceKlass java/util/concurrent/ConcurrentSkipListMap$Node
instanceKlass java/util/concurrent/ConcurrentSkipListMap$Index
instanceKlass java/util/concurrent/ConcurrentNavigableMap
instanceKlass java/net/InetAddress$InetAddressHolder
instanceKlass java/net/InetAddress$2
instanceKlass jdk/internal/misc/JavaNetInetAddressAccess
instanceKlass java/net/InetAddress$1
instanceKlass java/net/InetAddress
instanceKlass java/net/InterfaceAddress
instanceKlass java/net/NetworkInterface$1
instanceKlass java/net/NetworkInterface
instanceKlass sun/security/provider/SeedGenerator$1
instanceKlass sun/security/provider/SeedGenerator
instanceKlass sun/security/provider/AbstractDrbg$SeederHolder
instanceKlass java/security/DrbgParameters$NextBytes
instanceKlass javax/net/ssl/X509ExtendedKeyManager
instanceKlass javax/net/ssl/X509KeyManager
instanceKlass javax/net/ssl/KeyManager
instanceKlass sun/security/provider/AbstractDrbg$$Lambda$73
instanceKlass sun/security/provider/EntropySource
instanceKlass java/lang/invoke/LambdaForm$DMH
instanceKlass java/lang/invoke/LambdaForm$DMH
instanceKlass sun/security/provider/AbstractDrbg
instanceKlass java/security/DrbgParameters$Instantiation
instanceKlass java/security/DrbgParameters
instanceKlass sun/security/provider/MoreDrbgParameters
instanceKlass sun/security/provider/DRBG$$Lambda$72
instanceKlass java/security/SecureRandomSpi
instanceKlass java/security/SecureRandomParameters
instanceKlass java/util/AbstractList$Itr
instanceKlass java/util/Random
instanceKlass sun/security/ssl/SSLSessionContextImpl
instanceKlass javax/net/ssl/SSLSessionContext
instanceKlass sun/security/ssl/EphemeralKeyManager$EphemeralKeyPair
instanceKlass sun/security/ssl/EphemeralKeyManager
instanceKlass sun/security/ssl/SSLContextImpl$CustomizedSSLProtocols
instanceKlass java/security/spec/NamedParameterSpec
instanceKlass sun/security/util/ECKeySizeParameterSpec
instanceKlass sun/security/ec/point/Point
instanceKlass java/security/KeyPairGeneratorSpi
instanceKlass javax/crypto/KeyAgreement
instanceKlass sun/security/ssl/JsseJce$EcAvailability
instanceKlass sun/security/ssl/SSLAlgorithmDecomposer$1
instanceKlass sun/security/ssl/NamedGroup$XDHScheme
instanceKlass sun/security/ssl/NamedGroup$FFDHEScheme
instanceKlass sun/security/ssl/NamedGroup$ECDHEScheme
instanceKlass sun/security/ssl/NamedGroup$NamedGroupScheme
instanceKlass sun/security/ssl/SSLCipher$1
instanceKlass sun/security/ssl/SSLCipher$T13CC20P1305WriteCipherGenerator
instanceKlass sun/security/ssl/SSLCipher$T12CC20P1305WriteCipherGenerator
instanceKlass sun/security/ssl/SSLCipher$T13CC20P1305ReadCipherGenerator
instanceKlass sun/security/ssl/SSLCipher$T12CC20P1305ReadCipherGenerator
instanceKlass sun/security/ssl/SSLCipher$T13GcmWriteCipherGenerator
instanceKlass sun/security/ssl/SSLCipher$T13GcmReadCipherGenerator
instanceKlass sun/security/ssl/SSLCipher$T12GcmWriteCipherGenerator
instanceKlass sun/security/ssl/SSLCipher$T12GcmReadCipherGenerator
instanceKlass javax/crypto/JceSecurityManager$1
instanceKlass java/util/HashMap$HashMapSpliterator
instanceKlass java/lang/SecurityManager$$Lambda$71
instanceKlass java/lang/SecurityManager$$Lambda$70
instanceKlass java/lang/SecurityManager$$Lambda$69
instanceKlass java/lang/SecurityManager$$Lambda$68
instanceKlass java/lang/SecurityManager$$Lambda$67
instanceKlass java/lang/SecurityManager$$Lambda$66
instanceKlass java/lang/invoke/LambdaForm$DMH
instanceKlass java/util/stream/ForEachOps$ForEachOp
instanceKlass java/util/stream/ForEachOps
instanceKlass java/lang/SecurityManager$$Lambda$65
instanceKlass java/lang/invoke/LambdaForm$DMH
instanceKlass java/lang/SecurityManager$$Lambda$64
instanceKlass java/lang/SecurityManager$$Lambda$63
instanceKlass java/lang/SecurityManager$$Lambda$62
instanceKlass java/lang/invoke/LambdaForm$DMH
instanceKlass java/lang/SecurityManager$$Lambda$61
instanceKlass sun/security/ssl/SSLCipher$T11BlockWriteCipherGenerator
instanceKlass sun/security/ssl/SSLCipher$T11BlockReadCipherGenerator
instanceKlass sun/security/ssl/SSLCipher$T10BlockWriteCipherGenerator
instanceKlass sun/security/ssl/SSLCipher$T10BlockReadCipherGenerator
instanceKlass javax/crypto/ProviderVerifier
instanceKlass javax/crypto/JceSecurity$2
instanceKlass java/net/spi/URLStreamHandlerProvider
instanceKlass java/net/URL$1
instanceKlass java/net/URL$2
instanceKlass javax/crypto/CryptoPolicyParser$CryptoPermissionEntry
instanceKlass javax/crypto/CryptoPolicyParser$GrantEntry
instanceKlass javax/crypto/CryptoPolicyParser
instanceKlass sun/nio/fs/BasicFileAttributesHolder
instanceKlass sun/nio/fs/WindowsDirectoryStream$WindowsDirectoryIterator
instanceKlass java/nio/file/Files$1
instanceKlass java/nio/file/DirectoryStream$Filter
instanceKlass sun/nio/fs/WindowsFileSystem$2
instanceKlass java/nio/file/PathMatcher
instanceKlass java/util/regex/Pattern$CharPredicate$$Lambda$60
instanceKlass java/lang/invoke/LambdaForm$DMH
instanceKlass sun/nio/fs/Globs
instanceKlass sun/nio/fs/WindowsDirectoryStream
instanceKlass java/nio/file/DirectoryStream
instanceKlass sun/nio/fs/WindowsFileSystemProvider$1
instanceKlass javax/crypto/JceSecurity$1
instanceKlass javax/crypto/JceSecurity
instanceKlass javax/crypto/Cipher$Transform
instanceKlass javax/crypto/Cipher
instanceKlass sun/security/ssl/Utilities
instanceKlass sun/security/ssl/JsseJce
instanceKlass sun/security/ssl/SSLCipher$StreamWriteCipherGenerator
instanceKlass sun/security/ssl/SSLCipher$StreamReadCipherGenerator
instanceKlass sun/security/ssl/SSLCipher$NullWriteCipherGenerator
instanceKlass sun/security/ssl/SSLCipher$WriteCipherGenerator
instanceKlass sun/security/ssl/SSLCipher$NullReadCipherGenerator
instanceKlass sun/security/ssl/SSLCipher$ReadCipherGenerator
instanceKlass java/util/AbstractMap$SimpleImmutableEntry
instanceKlass java/util/stream/MatchOps$$Lambda$59
instanceKlass java/util/stream/MatchOps$BooleanTerminalSink
instanceKlass java/util/stream/MatchOps$MatchOp
instanceKlass java/util/stream/MatchOps
instanceKlass sun/security/util/DisabledAlgorithmConstraints$$Lambda$58
instanceKlass java/util/ArrayList$ArrayListSpliterator
instanceKlass sun/security/ssl/SSLAlgorithmConstraints
instanceKlass javax/net/ssl/SSLContextSpi
instanceKlass javax/net/ssl/SSLContext
instanceKlass net/runelite/client/RuneLite$1
instanceKlass sun/security/mscapi/CKeyStore$1
instanceKlass java/lang/invoke/LambdaForm$MH
instanceKlass java/lang/invoke/LambdaForm$DMH
instanceKlass java/lang/invoke/LambdaForm$MH
instanceKlass java/lang/invoke/LambdaForm$DMH
instanceKlass java/lang/invoke/LambdaForm$MH
instanceKlass java/lang/invoke/LambdaForm$DMH
instanceKlass java/lang/invoke/LambdaForm$MH
instanceKlass java/lang/invoke/LambdaForm$MH
instanceKlass java/lang/invoke/LambdaForm$MH
instanceKlass java/lang/invoke/LambdaForm$MH
instanceKlass java/lang/invoke/LambdaForm$MH
instanceKlass java/lang/invoke/LambdaForm$MH
instanceKlass java/lang/invoke/LambdaForm$MH
instanceKlass java/lang/invoke/LambdaForm$MH
instanceKlass java/lang/invoke/LambdaForm$MH
instanceKlass java/lang/invoke/LambdaForm$MH
instanceKlass java/lang/invoke/LambdaForm$MH
instanceKlass java/lang/invoke/LambdaForm$MH
instanceKlass java/lang/invoke/LambdaForm$MH
instanceKlass java/lang/invoke/LambdaForm$MH
instanceKlass java/lang/invoke/LambdaForm$MH
instanceKlass java/lang/invoke/LambdaForm$MH
instanceKlass sun/security/mscapi/CKeyStore$KeyEntry
instanceKlass sun/security/mscapi/CKeyStore$$Lambda$57
instanceKlass sun/security/mscapi/CKey
instanceKlass com/sun/security/sasl/Provider$1
instanceKlass sun/security/provider/certpath/ldap/JdkLDAP$1
instanceKlass com/sun/security/sasl/gsskerb/JdkSASL$1
instanceKlass sun/security/jgss/SunProvider$1
instanceKlass org/jcp/xml/dsig/internal/dom/XMLDSigRI$2
instanceKlass org/jcp/xml/dsig/internal/dom/XMLDSigRI$1
instanceKlass sun/security/pkcs11/SunPKCS11$Descriptor
instanceKlass javax/security/auth/callback/CallbackHandler
instanceKlass javax/security/auth/Subject
instanceKlass sun/security/mscapi/SunMSCAPI$2
instanceKlass sun/security/mscapi/SunMSCAPI$$Lambda$56
instanceKlass sun/security/mscapi/SunMSCAPI$1
instanceKlass sun/security/smartcardio/SunPCSC$1
instanceKlass javax/net/ssl/X509ExtendedTrustManager
instanceKlass java/util/Hashtable$Enumerator
instanceKlass sun/security/validator/TrustStoreUtil
instanceKlass sun/security/x509/RFC822Name
instanceKlass sun/security/x509/AccessDescription
instanceKlass jdk/internal/reflect/ClassDefiner$1
instanceKlass jdk/internal/reflect/ClassDefiner
instanceKlass jdk/internal/reflect/MethodAccessorGenerator$1
instanceKlass jdk/internal/reflect/Label$PatchInfo
instanceKlass jdk/internal/reflect/Label
instanceKlass jdk/internal/reflect/UTF8
instanceKlass jdk/internal/reflect/ClassFileAssembler
instanceKlass jdk/internal/reflect/ByteVectorImpl
instanceKlass jdk/internal/reflect/ByteVector
instanceKlass jdk/internal/reflect/ByteVectorFactory
instanceKlass jdk/internal/reflect/AccessorGenerator
instanceKlass jdk/internal/reflect/ClassFileConstants
instanceKlass sun/security/util/HostnameChecker
instanceKlass sun/security/x509/DNSName
instanceKlass sun/security/x509/URIName
instanceKlass sun/security/x509/GeneralName
instanceKlass sun/security/x509/DistributionPoint
instanceKlass java/security/cert/PolicyQualifierInfo
instanceKlass sun/security/x509/CertificatePolicyId
instanceKlass sun/security/x509/PolicyInformation
instanceKlass sun/security/x509/GeneralNames
instanceKlass sun/security/util/ECUtil
instanceKlass java/security/interfaces/ECPublicKey
instanceKlass java/security/AlgorithmParametersSpi
instanceKlass java/security/AlgorithmParameters
instanceKlass sun/security/provider/JavaKeyStore$TrustedCertEntry
instanceKlass sun/security/action/OpenFileInputStreamAction
instanceKlass sun/security/util/KeyStoreDelegator$$Lambda$55
instanceKlass java/security/KeyStoreSpi
instanceKlass sun/security/ssl/SSLLogger
instanceKlass java/security/KeyStore$1
instanceKlass java/security/KeyStore
instanceKlass sun/security/ssl/TrustStoreManager$TrustStoreDescriptor$1
instanceKlass sun/security/ssl/TrustStoreManager$TrustStoreDescriptor
instanceKlass sun/security/ssl/TrustStoreManager$TrustAnchorManager
instanceKlass sun/security/ssl/TrustStoreManager
instanceKlass sun/security/ssl/SunJSSE$1
instanceKlass sun/security/ec/SunEC$2
instanceKlass sun/security/ec/SunEC$1
instanceKlass sun/security/jca/ProviderConfig$ProviderLoader
instanceKlass sun/security/jca/ProviderConfig$3
instanceKlass javax/net/ssl/TrustManagerFactorySpi
instanceKlass javax/net/ssl/TrustManagerFactory$1
instanceKlass javax/net/ssl/TrustManagerFactory
instanceKlass net/runelite/client/RuneLite$$Lambda$54
instanceKlass okhttp3/internal/cache/DiskLruCache$1
instanceKlass okhttp3/internal/cache/DiskLruCache
instanceKlass okhttp3/Cache$1
instanceKlass okhttp3/internal/io/FileSystem$1
instanceKlass okhttp3/internal/io/FileSystem
instanceKlass okhttp3/internal/cache/CacheRequest
instanceKlass okhttp3/internal/cache/InternalCache
instanceKlass okhttp3/Cache
instanceKlass net/runelite/client/RuneLite$$Lambda$53
instanceKlass okhttp3/Interceptor
instanceKlass okhttp3/Interceptor$Chain
instanceKlass okhttp3/Dns$$Lambda$52
instanceKlass okhttp3/Dns
instanceKlass okhttp3/internal/connection/RouteDatabase
instanceKlass okhttp3/internal/connection/RealConnectionPool$$Lambda$51
instanceKlass java/lang/invoke/LambdaForm$DMH
instanceKlass java/lang/invoke/LambdaForm$MH
instanceKlass okhttp3/internal/Util$$Lambda$50
instanceKlass java/lang/invoke/LambdaForm$DMH
instanceKlass java/util/concurrent/SynchronousQueue$TransferStack$SNode
instanceKlass java/util/concurrent/SynchronousQueue$Transferer
instanceKlass okhttp3/internal/connection/RealConnectionPool
instanceKlass okhttp3/ConnectionPool
instanceKlass okhttp3/Authenticator$$Lambda$49
instanceKlass java/lang/invoke/LambdaForm$DMH
instanceKlass okhttp3/Request
instanceKlass okhttp3/Response
instanceKlass okhttp3/Route
instanceKlass okhttp3/Authenticator
instanceKlass okhttp3/CertificatePinner$Builder
instanceKlass okhttp3/CertificatePinner
instanceKlass okhttp3/internal/tls/OkHostnameVerifier
instanceKlass javax/net/SocketFactory
instanceKlass okhttp3/CookieJar$1
instanceKlass okhttp3/CookieJar
instanceKlass sun/net/NetProperties$1
instanceKlass sun/net/NetProperties
instanceKlass sun/net/spi/DefaultProxySelector$1
instanceKlass java/net/Proxy
instanceKlass okhttp3/EventListener$$Lambda$48
instanceKlass okhttp3/EventListener$Factory
instanceKlass okhttp3/EventListener
instanceKlass okhttp3/ConnectionSpec$Builder
instanceKlass okhttp3/CipherSuite$$Lambda$47
instanceKlass java/lang/invoke/LambdaForm$DMH
instanceKlass okhttp3/CipherSuite
instanceKlass okhttp3/ConnectionSpec
instanceKlass java/util/regex/Pattern$BmpCharPredicate$$Lambda$46
instanceKlass java/util/regex/Pattern$$Lambda$45
instanceKlass java/io/ObjectOutput
instanceKlass java/lang/Throwable$PrintStreamOrWriter
instanceKlass okhttp3/internal/Util$$Lambda$44
instanceKlass okio/Segment
instanceKlass okio/SegmentPool
instanceKlass java/io/ObjectStreamConstants
instanceKlass java/io/ObjectInput
instanceKlass okhttp3/RequestBody
instanceKlass okio/Util
instanceKlass okio/ByteString
instanceKlass okio/Buffer
instanceKlass okio/BufferedSink
instanceKlass okio/Sink
instanceKlass okio/BufferedSource
instanceKlass okio/Source
instanceKlass okhttp3/ResponseBody
instanceKlass okhttp3/Headers
instanceKlass okhttp3/internal/Util
instanceKlass okhttp3/WebSocket
instanceKlass okhttp3/Call
instanceKlass okhttp3/internal/Internal
instanceKlass okhttp3/OkHttpClient
instanceKlass okhttp3/WebSocket$Factory
instanceKlass okhttp3/Call$Factory
instanceKlass okhttp3/Dispatcher
instanceKlass javax/net/ssl/HostnameVerifier
instanceKlass java/net/ProxySelector
instanceKlass okhttp3/OkHttpClient$Builder
instanceKlass net/runelite/client/RuneLite$$Lambda$43
instanceKlass joptsimple/OptionSet
instanceKlass joptsimple/ArgumentList
instanceKlass net/runelite/client/RuneLite$ConfigFileConverter
instanceKlass java/util/Collections$1
instanceKlass joptsimple/ParserRules
instanceKlass joptsimple/internal/SimpleOptionNameMap
instanceKlass joptsimple/OptionParserState
instanceKlass joptsimple/internal/Rows
instanceKlass joptsimple/BuiltinHelpFormatter
instanceKlass joptsimple/AbstractOptionSpec
instanceKlass joptsimple/OptionDescriptor
instanceKlass joptsimple/internal/OptionNameMap
instanceKlass joptsimple/HelpFormatter
instanceKlass joptsimple/OptionParser
instanceKlass joptsimple/OptionDeclarer
instanceKlass java/lang/invoke/LambdaForm$MH
instanceKlass java/lang/invoke/LambdaForm$MH
instanceKlass java/lang/invoke/LambdaForm$MH
instanceKlass java/lang/invoke/LambdaForm$MH
instanceKlass java/lang/invoke/LambdaForm$MH
instanceKlass java/lang/invoke/LambdaForm$MH
instanceKlass java/lang/invoke/LambdaForm$MH
instanceKlass java/lang/invoke/LambdaForm$MH
instanceKlass java/lang/invoke/LambdaForm$MH
instanceKlass java/lang/invoke/LambdaForm$MH
instanceKlass java/lang/invoke/LambdaForm$MH
instanceKlass java/lang/invoke/LambdaForm$MH
instanceKlass java/lang/invoke/LambdaForm$MH
instanceKlass java/lang/invoke/LambdaForm$MH
instanceKlass java/lang/invoke/LambdaForm$MH
instanceKlass java/lang/invoke/LambdaForm$MH
instanceKlass java/lang/invoke/LambdaForm$MH
instanceKlass java/lang/invoke/LambdaForm$MH
instanceKlass java/lang/invoke/LambdaForm$MH
instanceKlass sun/util/logging/PlatformLogger
instanceKlass sun/util/logging/PlatformLogger$ConfigurableBridge$LoggerConfiguration
instanceKlass jdk/internal/logger/BootstrapLogger$RedirectedLoggers
instanceKlass jdk/internal/logger/LazyLoggers$LazyLoggerAccessor
instanceKlass jdk/internal/logger/LazyLoggers$LoggerAccessor
instanceKlass jdk/internal/logger/AbstractLoggerWrapper
instanceKlass sun/util/logging/internal/LoggingProviderImpl$LogManagerAccess
instanceKlass jdk/internal/logger/BootstrapLogger$DetectBackend$1
instanceKlass jdk/internal/logger/BootstrapLogger$DetectBackend
instanceKlass jdk/internal/logger/BootstrapLogger
instanceKlass sun/util/logging/PlatformLogger$ConfigurableBridge
instanceKlass sun/util/logging/PlatformLogger$Bridge
instanceKlass jdk/internal/logger/DefaultLoggerFinder$1
instanceKlass java/lang/System$LoggerFinder
instanceKlass jdk/internal/logger/LazyLoggers$LazyLoggerFactories
instanceKlass jdk/internal/logger/LazyLoggers$1
instanceKlass jdk/internal/logger/LazyLoggers
instanceKlass jdk/internal/misc/ThreadTracker$ThreadRef
instanceKlass jdk/internal/misc/ThreadTracker
instanceKlass jdk/internal/event/EventHelper$ThreadTrackHolder
instanceKlass sun/net/www/protocol/jar/URLJarFileCallBack
instanceKlass sun/net/www/protocol/jar/JarFileFactory
instanceKlass sun/net/www/protocol/jar/URLJarFile$URLJarFileCloseController
instanceKlass net/runelite/client/RuneLiteProperties
instanceKlass javax/net/ssl/X509TrustManager
instanceKlass javax/net/ssl/TrustManager
instanceKlass com/google/gson/JsonElement
instanceKlass joptsimple/OptionSpec
instanceKlass joptsimple/ValueConverter
instanceKlass net/runelite/client/RuneLite
instanceKlass ch/qos/logback/classic/selector/DefaultContextSelector
instanceKlass ch/qos/logback/core/util/StatusPrinter
instanceKlass ch/qos/logback/core/status/StatusUtil
instanceKlass ch/qos/logback/classic/util/LoggerNameUtil
instanceKlass ch/qos/logback/core/spi/AppenderAttachableImpl
instanceKlass ch/qos/logback/core/util/CharSequenceState
instanceKlass ch/qos/logback/core/util/CharSequenceToRegexMapper
instanceKlass ch/qos/logback/core/util/DatePatternToRegexUtil
instanceKlass ch/qos/logback/core/rolling/helper/FileFilterUtil$3
instanceKlass sun/util/resources/provider/NonBaseLocaleDataMetaInfo
instanceKlass sun/util/locale/provider/JRELocaleProviderAdapter$$Lambda$42
instanceKlass sun/util/locale/provider/BaseLocaleDataMetaInfo
instanceKlass sun/util/locale/provider/JRELocaleProviderAdapter$$Lambda$41
instanceKlass sun/util/cldr/CLDRLocaleProviderAdapter$$Lambda$40
instanceKlass sun/util/locale/provider/TimeZoneNameUtility$TimeZoneNameGetter
instanceKlass sun/util/locale/provider/TimeZoneNameUtility
instanceKlass ch/qos/logback/core/rolling/helper/RollingCalendar$1
instanceKlass java/text/DontCareFieldPosition$1
instanceKlass java/text/Format$FieldDelegate
instanceKlass ch/qos/logback/core/rolling/helper/Compressor$1
instanceKlass java/io/FilenameFilter
instanceKlass ch/qos/logback/core/rolling/helper/FileFilterUtil
instanceKlass ch/qos/logback/core/rolling/helper/MonoTypedConverter
instanceKlass ch/qos/logback/core/util/DefaultInvocationGate
instanceKlass ch/qos/logback/core/rolling/helper/ArchiveRemover
instanceKlass ch/qos/logback/core/util/InvocationGate
instanceKlass java/lang/Long$LongCache
instanceKlass java/util/regex/Pattern$2
instanceKlass ch/qos/logback/core/rolling/TimeBasedFileNamingAndTriggeringPolicy
instanceKlass java/util/Vector$Itr
instanceKlass ch/qos/logback/core/rolling/RollingPolicy
instanceKlass ch/qos/logback/core/rolling/TriggeringPolicy
instanceKlass java/util/regex/Pattern$$Lambda$39
instanceKlass java/util/regex/Pattern$$Lambda$38
instanceKlass java/util/regex/Pattern$$Lambda$37
instanceKlass java/util/regex/Pattern$BitClass$$Lambda$36
instanceKlass ch/qos/logback/core/util/FileSize
instanceKlass ch/qos/logback/core/util/EnvUtil
instanceKlass ch/qos/logback/classic/pattern/TargetLengthBasedClassNameAbbreviator
instanceKlass java/text/DigitList
instanceKlass java/text/FieldPosition
instanceKlass sun/util/locale/provider/JRELocaleProviderAdapter$$Lambda$35
instanceKlass java/text/DecimalFormatSymbols
instanceKlass sun/util/locale/provider/JRELocaleProviderAdapter$$Lambda$34
instanceKlass sun/util/locale/provider/JRELocaleProviderAdapter$$Lambda$33
instanceKlass java/text/DateFormatSymbols
instanceKlass sun/util/resources/Bundles$CacheKeyReference
instanceKlass java/util/ResourceBundle$ResourceBundleProviderHelper$$Lambda$32
instanceKlass java/util/ResourceBundle$ResourceBundleProviderHelper
instanceKlass sun/util/resources/Bundles$CacheKey
instanceKlass java/util/ResourceBundle$1
instanceKlass jdk/internal/misc/JavaUtilResourceBundleAccess
instanceKlass sun/util/resources/Bundles
instanceKlass sun/util/resources/LocaleData$LocaleDataStrategy
instanceKlass sun/util/resources/Bundles$Strategy
instanceKlass sun/util/resources/LocaleData$1
instanceKlass sun/util/cldr/CLDRLocaleProviderAdapter$$Lambda$31
instanceKlass sun/util/locale/provider/CalendarDataUtility$CalendarWeekParameterGetter
instanceKlass sun/util/locale/provider/LocaleServiceProviderPool$LocalizedObjectGetter
instanceKlass sun/util/locale/provider/LocaleServiceProviderPool
instanceKlass sun/util/locale/provider/CalendarDataUtility
instanceKlass java/util/Calendar$Builder
instanceKlass sun/util/locale/provider/AvailableLanguageTags
instanceKlass sun/util/locale/provider/JRELocaleProviderAdapter$$Lambda$30
instanceKlass java/util/ServiceLoader$ProviderImpl
instanceKlass java/util/ServiceLoader$Provider
instanceKlass java/util/ServiceLoader$1
instanceKlass sun/util/resources/cldr/provider/CLDRLocaleDataMetaInfo
instanceKlass jdk/internal/module/ModulePatcher$PatchedModuleReader
instanceKlass java/util/concurrent/CopyOnWriteArrayList$COWIterator
instanceKlass sun/util/cldr/CLDRLocaleProviderAdapter$1
instanceKlass sun/util/locale/StringTokenIterator
instanceKlass sun/util/locale/ParseStatus
instanceKlass sun/util/cldr/CLDRBaseLocaleDataMetaInfo
instanceKlass sun/util/locale/provider/LocaleDataMetaInfo
instanceKlass sun/util/locale/provider/LocaleProviderAdapter$1
instanceKlass java/util/ResourceBundle
instanceKlass java/util/ResourceBundle$Control
instanceKlass sun/util/resources/LocaleData
instanceKlass sun/util/locale/provider/LocaleResources
instanceKlass sun/util/locale/LanguageTag
instanceKlass sun/util/locale/provider/ResourceBundleBasedAdapter
instanceKlass sun/util/locale/provider/LocaleProviderAdapter
instanceKlass java/util/spi/LocaleServiceProvider
instanceKlass sun/util/calendar/ZoneInfoFile$ZoneOffsetTransitionRule
instanceKlass sun/util/calendar/ZoneInfoFile$1
instanceKlass sun/util/calendar/ZoneInfoFile
instanceKlass java/util/TimeZone
instanceKlass java/util/Calendar
instanceKlass java/util/Locale$1
instanceKlass java/text/AttributedCharacterIterator$Attribute
instanceKlass java/text/Format
instanceKlass ch/qos/logback/core/util/CachingDateFormatter
instanceKlass ch/qos/logback/core/pattern/ConverterUtil
instanceKlass ch/qos/logback/classic/pattern/Abbreviator
instanceKlass ch/qos/logback/core/pattern/FormatInfo
instanceKlass ch/qos/logback/core/pattern/util/AsIsEscapeUtil
instanceKlass ch/qos/logback/core/pattern/parser/OptionTokenizer
instanceKlass ch/qos/logback/core/pattern/parser/TokenStream$1
instanceKlass ch/qos/logback/core/pattern/util/RestrictedEscapeUtil
instanceKlass ch/qos/logback/core/pattern/parser/TokenStream
instanceKlass ch/qos/logback/core/pattern/util/RegularEscapeUtil
instanceKlass ch/qos/logback/classic/pattern/EnsureExceptionHandling
instanceKlass ch/qos/logback/core/pattern/Converter
instanceKlass ch/qos/logback/core/pattern/parser/Token
instanceKlass ch/qos/logback/core/pattern/parser/Node
instanceKlass ch/qos/logback/core/pattern/util/IEscapeUtil
instanceKlass ch/qos/logback/core/pattern/PostCompileProcessor
instanceKlass ch/qos/logback/core/CoreConstants
instanceKlass ch/qos/logback/core/joran/action/IADataForBasicProperty
instanceKlass ch/qos/logback/core/joran/action/NestedBasicPropertyIA$1
instanceKlass java/lang/ClassLoader$$Lambda$29
instanceKlass jdk/internal/loader/BootLoader$PackageHelper$$Lambda$28
instanceKlass ch/qos/logback/core/util/COWArrayList
instanceKlass ch/qos/logback/core/spi/FilterAttachableImpl
instanceKlass java/lang/Class$AnnotationData
instanceKlass ch/qos/logback/core/joran/spi/NoAutoStart
instanceKlass ch/qos/logback/core/joran/spi/NoAutoStartUtil
instanceKlass java/util/concurrent/ConcurrentLinkedDeque$Node
instanceKlass org/slf4j/helpers/BasicMarker
instanceKlass org/slf4j/helpers/BasicMarkerFactory
instanceKlass org/slf4j/impl/StaticMarkerBinder
instanceKlass org/slf4j/spi/MarkerFactoryBinder
instanceKlass org/slf4j/IMarkerFactory
instanceKlass org/slf4j/MarkerFactory
instanceKlass ch/qos/logback/core/joran/action/IADataForComplexProperty
instanceKlass ch/qos/logback/core/joran/action/NestedComplexPropertyIA$1
instanceKlass ch/qos/logback/core/joran/util/PropertySetter$1
instanceKlass org/slf4j/Marker
instanceKlass ch/qos/logback/core/joran/util/StringToObjectConverter
instanceKlass ch/qos/logback/core/joran/util/beans/BeanDescription
instanceKlass ch/qos/logback/core/joran/util/beans/BeanUtil
instanceKlass ch/qos/logback/classic/spi/LoggerContextListener
instanceKlass ch/qos/logback/classic/util/EnvUtil
instanceKlass java/util/concurrent/Executors$DefaultThreadFactory
instanceKlass ch/qos/logback/core/util/ExecutorServiceUtil$1
instanceKlass ch/qos/logback/core/util/ExecutorServiceUtil
instanceKlass ch/qos/logback/core/subst/NodeToStringTransformer$1
instanceKlass ch/qos/logback/core/subst/Node
instanceKlass ch/qos/logback/core/subst/Parser$1
instanceKlass ch/qos/logback/core/subst/Parser
instanceKlass ch/qos/logback/core/subst/Token
instanceKlass ch/qos/logback/core/subst/Tokenizer$1
instanceKlass ch/qos/logback/core/subst/Tokenizer
instanceKlass ch/qos/logback/core/subst/NodeToStringTransformer
instanceKlass ch/qos/logback/core/net/ssl/SecureRandomFactoryBean
instanceKlass ch/qos/logback/core/net/ssl/TrustManagerFactoryFactoryBean
instanceKlass ch/qos/logback/core/net/ssl/KeyManagerFactoryFactoryBean
instanceKlass ch/qos/logback/core/net/ssl/KeyStoreFactoryBean
instanceKlass ch/qos/logback/core/net/ssl/SSLContextFactoryBean
instanceKlass ch/qos/logback/core/net/ssl/SSLComponent
instanceKlass ch/qos/logback/core/net/ssl/SSLNestedComponentRegistryRules
instanceKlass ch/qos/logback/core/boolex/EventEvaluator
instanceKlass ch/qos/logback/core/encoder/Encoder
instanceKlass ch/qos/logback/core/joran/spi/HostClassAndPropertyDouble
instanceKlass ch/qos/logback/core/Layout
instanceKlass ch/qos/logback/classic/util/DefaultNestedComponentRules
instanceKlass ch/qos/logback/core/joran/spi/EventPlayer
instanceKlass ch/qos/logback/core/joran/spi/DefaultNestedComponentRegistry
instanceKlass ch/qos/logback/core/joran/spi/Interpreter
instanceKlass ch/qos/logback/core/Appender
instanceKlass ch/qos/logback/core/spi/FilterAttachable
instanceKlass com/sun/jmx/mbeanserver/Util
instanceKlass javax/management/ObjectName$Property
instanceKlass com/sun/jmx/mbeanserver/GetPropertyAction
instanceKlass javax/management/ObjectName
instanceKlass javax/management/QueryExp
instanceKlass ch/qos/logback/classic/spi/PlatformInfo
instanceKlass ch/qos/logback/core/sift/AppenderFactory
instanceKlass org/xml/sax/helpers/AttributesImpl
instanceKlass org/xml/sax/helpers/LocatorImpl
instanceKlass ch/qos/logback/core/joran/event/SaxEvent
instanceKlass com/sun/org/apache/xerces/internal/impl/Constants$ArrayEnumeration
instanceKlass com/sun/org/apache/xerces/internal/impl/Constants
instanceKlass com/sun/org/apache/xerces/internal/parsers/AbstractSAXParser$LocatorProxy
instanceKlass org/xml/sax/ext/Locator2
instanceKlass org/xml/sax/Locator
instanceKlass com/sun/org/apache/xerces/internal/util/XMLSymbols
instanceKlass com/sun/org/apache/xerces/internal/util/XMLChar
instanceKlass com/sun/xml/internal/stream/Entity
instanceKlass com/sun/xml/internal/stream/util/BufferAllocator
instanceKlass com/sun/xml/internal/stream/util/ThreadLocalBufferAllocator
instanceKlass com/sun/org/apache/xerces/internal/impl/XMLEntityManager$EncodingInfo
instanceKlass com/sun/org/apache/xerces/internal/util/URI
instanceKlass com/sun/org/apache/xerces/internal/utils/XMLLimitAnalyzer
instanceKlass com/sun/org/apache/xerces/internal/xni/parser/XMLInputSource
instanceKlass com/sun/org/apache/xerces/internal/util/ErrorHandlerWrapper
instanceKlass com/sun/org/apache/xerces/internal/xni/parser/XMLErrorHandler
instanceKlass com/sun/org/apache/xerces/internal/impl/ExternalSubsetResolver
instanceKlass com/sun/org/apache/xerces/internal/util/EntityResolverWrapper
instanceKlass org/xml/sax/ext/EntityResolver2
instanceKlass com/sun/org/apache/xerces/internal/parsers/AbstractSAXParser$AttributesProxy
instanceKlass org/xml/sax/ext/Attributes2
instanceKlass org/xml/sax/Attributes
instanceKlass org/xml/sax/AttributeList
instanceKlass com/sun/org/apache/xerces/internal/util/FeatureState
instanceKlass com/sun/org/apache/xerces/internal/util/PropertyState
instanceKlass com/sun/org/apache/xerces/internal/impl/msg/XMLMessageFormatter
instanceKlass com/sun/org/apache/xerces/internal/util/MessageFormatter
instanceKlass com/sun/org/apache/xerces/internal/impl/XMLVersionDetector
instanceKlass com/sun/org/apache/xerces/internal/impl/validation/ValidationManager
instanceKlass com/sun/org/apache/xerces/internal/impl/dv/dtd/NMTOKENDatatypeValidator
instanceKlass com/sun/org/apache/xerces/internal/impl/dv/dtd/NOTATIONDatatypeValidator
instanceKlass com/sun/org/apache/xerces/internal/impl/dv/dtd/ENTITYDatatypeValidator
instanceKlass com/sun/org/apache/xerces/internal/impl/dv/dtd/ListDatatypeValidator
instanceKlass com/sun/org/apache/xerces/internal/impl/dv/dtd/IDREFDatatypeValidator
instanceKlass com/sun/org/apache/xerces/internal/impl/dv/dtd/IDDatatypeValidator
instanceKlass com/sun/org/apache/xerces/internal/impl/dv/dtd/StringDatatypeValidator
instanceKlass com/sun/org/apache/xerces/internal/impl/dv/DatatypeValidator
instanceKlass com/sun/org/apache/xerces/internal/impl/dv/DTDDVFactory
instanceKlass com/sun/org/apache/xerces/internal/impl/dtd/DTDGrammarBucket
instanceKlass com/sun/org/apache/xerces/internal/impl/dtd/XMLAttributeDecl
instanceKlass com/sun/org/apache/xerces/internal/impl/dtd/XMLSimpleType
instanceKlass com/sun/org/apache/xerces/internal/impl/dtd/XMLElementDecl
instanceKlass com/sun/org/apache/xerces/internal/impl/validation/ValidationState
instanceKlass com/sun/org/apache/xerces/internal/impl/dv/ValidationContext
instanceKlass com/sun/org/apache/xerces/internal/impl/dtd/XMLDTDValidator
instanceKlass com/sun/org/apache/xerces/internal/impl/RevalidationHandler
instanceKlass com/sun/org/apache/xerces/internal/impl/dtd/XMLDTDValidatorFilter
instanceKlass com/sun/org/apache/xerces/internal/xni/parser/XMLDocumentFilter
instanceKlass com/sun/org/apache/xerces/internal/impl/dtd/XMLEntityDecl
instanceKlass com/sun/org/apache/xerces/internal/impl/dtd/XMLDTDProcessor
instanceKlass com/sun/org/apache/xerces/internal/xni/parser/XMLDTDContentModelFilter
instanceKlass com/sun/org/apache/xerces/internal/xni/parser/XMLDTDFilter
instanceKlass com/sun/org/apache/xerces/internal/xni/parser/XMLDTDScanner
instanceKlass com/sun/org/apache/xerces/internal/xni/parser/XMLDTDContentModelSource
instanceKlass com/sun/org/apache/xerces/internal/xni/parser/XMLDTDSource
instanceKlass com/sun/org/apache/xerces/internal/xni/grammars/XMLDTDDescription
instanceKlass com/sun/org/apache/xerces/internal/xni/grammars/XMLGrammarDescription
instanceKlass com/sun/org/apache/xerces/internal/impl/XMLDocumentScannerImpl$TrailingMiscDriver
instanceKlass com/sun/org/apache/xerces/internal/impl/XMLDocumentScannerImpl$PrologDriver
instanceKlass com/sun/org/apache/xerces/internal/impl/XMLDocumentScannerImpl$XMLDeclDriver
instanceKlass com/sun/org/apache/xerces/internal/util/NamespaceSupport
instanceKlass com/sun/org/apache/xerces/internal/xni/NamespaceContext
instanceKlass com/sun/org/apache/xerces/internal/util/XMLAttributesImpl$Attribute
instanceKlass com/sun/org/apache/xerces/internal/util/XMLAttributesImpl
instanceKlass com/sun/org/apache/xerces/internal/xni/XMLAttributes
instanceKlass com/sun/org/apache/xerces/internal/impl/XMLDocumentFragmentScannerImpl$FragmentContentDriver
instanceKlass com/sun/org/apache/xerces/internal/impl/XMLDocumentFragmentScannerImpl$Driver
instanceKlass com/sun/org/apache/xerces/internal/impl/XMLDocumentFragmentScannerImpl$ElementStack2
instanceKlass com/sun/org/apache/xerces/internal/xni/QName
instanceKlass com/sun/org/apache/xerces/internal/impl/XMLDocumentFragmentScannerImpl$ElementStack
instanceKlass com/sun/org/apache/xerces/internal/xni/XMLString
instanceKlass com/sun/org/apache/xerces/internal/impl/XMLScanner
instanceKlass com/sun/xml/internal/stream/XMLBufferListener
instanceKlass com/sun/org/apache/xerces/internal/impl/XMLEntityHandler
instanceKlass com/sun/org/apache/xerces/internal/xni/parser/XMLDocumentScanner
instanceKlass com/sun/org/apache/xerces/internal/xni/parser/XMLDocumentSource
instanceKlass com/sun/org/apache/xerces/internal/impl/XMLErrorReporter
instanceKlass com/sun/org/apache/xerces/internal/impl/XMLEntityScanner
instanceKlass com/sun/org/apache/xerces/internal/xni/XMLLocator
instanceKlass com/sun/xml/internal/stream/XMLEntityStorage
instanceKlass com/sun/org/apache/xerces/internal/util/AugmentationsImpl$AugmentationsItemsContainer
instanceKlass com/sun/org/apache/xerces/internal/util/AugmentationsImpl
instanceKlass com/sun/org/apache/xerces/internal/xni/Augmentations
instanceKlass com/sun/org/apache/xerces/internal/util/XMLResourceIdentifierImpl
instanceKlass com/sun/org/apache/xerces/internal/xni/XMLResourceIdentifier
instanceKlass com/sun/org/apache/xerces/internal/impl/XMLEntityManager
instanceKlass com/sun/org/apache/xerces/internal/xni/parser/XMLEntityResolver
instanceKlass com/sun/org/apache/xerces/internal/xni/parser/XMLComponent
instanceKlass com/sun/org/apache/xerces/internal/util/SymbolTable$Entry
instanceKlass com/sun/org/apache/xerces/internal/util/SymbolTable
instanceKlass jdk/xml/internal/JdkXmlUtils
instanceKlass com/sun/org/apache/xerces/internal/util/ParserConfigurationSettings
instanceKlass com/sun/org/apache/xerces/internal/parsers/XML11Configurable
instanceKlass com/sun/org/apache/xerces/internal/xni/parser/XMLPullParserConfiguration
instanceKlass com/sun/org/apache/xerces/internal/xni/parser/XMLParserConfiguration
instanceKlass com/sun/org/apache/xerces/internal/xni/parser/XMLComponentManager
instanceKlass com/sun/org/apache/xerces/internal/parsers/XMLParser
instanceKlass com/sun/org/apache/xerces/internal/xni/XMLDTDContentModelHandler
instanceKlass com/sun/org/apache/xerces/internal/xni/XMLDTDHandler
instanceKlass com/sun/org/apache/xerces/internal/xni/XMLDocumentHandler
instanceKlass org/xml/sax/XMLReader
instanceKlass org/xml/sax/Parser
instanceKlass com/sun/org/apache/xerces/internal/utils/XMLSecurityPropertyManager
instanceKlass jdk/xml/internal/SecuritySupport$$Lambda$27
instanceKlass com/sun/org/apache/xerces/internal/utils/XMLSecurityManager
instanceKlass javax/xml/parsers/SAXParser
instanceKlass com/sun/org/apache/xerces/internal/xs/PSVIProvider
instanceKlass com/sun/org/apache/xerces/internal/jaxp/JAXPConstants
instanceKlass javax/xml/parsers/FactoryFinder$$Lambda$26
instanceKlass jdk/xml/internal/SecuritySupport$$Lambda$25
instanceKlass javax/xml/parsers/FactoryFinder$$Lambda$24
instanceKlass java/util/ServiceLoader$3
instanceKlass java/util/ServiceLoader$2
instanceKlass java/util/ServiceLoader$LazyClassPathLookupIterator
instanceKlass java/lang/ModuleLayer$$Lambda$23
instanceKlass java/util/Spliterators$1Adapter
instanceKlass java/util/Spliterators$ArraySpliterator
instanceKlass jdk/internal/loader/AbstractClassLoaderValue$Memoizer
instanceKlass java/util/ServiceLoader$ModuleServicesLookupIterator
instanceKlass java/util/ServiceLoader
instanceKlass javax/xml/parsers/FactoryFinder$1
instanceKlass jdk/xml/internal/SecuritySupport$$Lambda$22
instanceKlass java/lang/invoke/LambdaForm$MH
instanceKlass java/lang/invoke/LambdaForm$DMH
instanceKlass java/lang/invoke/LambdaForm$MH
instanceKlass java/lang/invoke/LambdaForm$DMH
instanceKlass java/lang/invoke/LambdaForm$MH
instanceKlass java/lang/invoke/LambdaForm$DMH
instanceKlass java/lang/invoke/LambdaForm$MH
instanceKlass java/lang/invoke/LambdaForm$DMH
instanceKlass java/lang/invoke/ClassSpecializer$Factory$1Var
instanceKlass sun/invoke/util/ValueConversions$WrapperCache
instanceKlass java/lang/invoke/LambdaForm$MH
instanceKlass java/lang/invoke/LambdaForm$DMH
instanceKlass java/lang/invoke/MethodHandles$1
instanceKlass java/lang/invoke/LambdaForm$BMH
instanceKlass java/lang/invoke/LambdaForm$DMH
instanceKlass java/lang/invoke/LambdaForm$MH
instanceKlass java/lang/invoke/LambdaForm$DMH
instanceKlass java/lang/invoke/LambdaForm$MH
instanceKlass java/lang/invoke/LambdaForm$DMH
instanceKlass sun/reflect/misc/ReflectUtil
instanceKlass java/lang/invoke/LambdaForm$MH
instanceKlass java/lang/invoke/LambdaForm$MH
instanceKlass java/lang/invoke/LambdaForm$MH
instanceKlass java/lang/invoke/LambdaForm$MH
instanceKlass java/lang/invoke/LambdaForm$MH
instanceKlass java/lang/invoke/LambdaForm$MH
instanceKlass java/lang/invoke/LambdaForm$MH
instanceKlass java/lang/invoke/LambdaForm$MH
instanceKlass java/lang/invoke/LambdaForm$MH
instanceKlass java/lang/invoke/LambdaForm$MH
instanceKlass java/lang/invoke/LambdaForm$MH
instanceKlass java/lang/invoke/LambdaForm$MH
instanceKlass java/lang/invoke/LambdaForm$MH
instanceKlass java/lang/invoke/LambdaForm$MH
instanceKlass java/lang/invoke/LambdaForm$MH
instanceKlass java/lang/invoke/LambdaForm$MH
instanceKlass java/lang/invoke/LambdaForm$MH
instanceKlass java/lang/invoke/LambdaForm$MH
instanceKlass java/lang/invoke/LambdaForm$MH
instanceKlass java/lang/invoke/LambdaForm$MH
instanceKlass java/lang/ClassValue$Version
instanceKlass java/lang/ClassValue$Identity
instanceKlass java/lang/ClassValue
instanceKlass java/lang/invoke/StringConcatFactory$Stringifiers
instanceKlass java/lang/StringConcatHelper
instanceKlass java/lang/invoke/StringConcatFactory$MethodHandleInlineCopyStrategy$3
instanceKlass java/lang/invoke/StringConcatFactory$MethodHandleInlineCopyStrategy$2
instanceKlass java/lang/invoke/StringConcatFactory$MethodHandleInlineCopyStrategy$1
instanceKlass java/lang/invoke/StringConcatFactory$MethodHandleInlineCopyStrategy
instanceKlass java/lang/invoke/StringConcatFactory$RecipeElement
instanceKlass java/lang/invoke/StringConcatFactory$Recipe
instanceKlass java/lang/invoke/StringConcatFactory$1
instanceKlass java/lang/invoke/StringConcatFactory
instanceKlass javax/xml/parsers/FactoryFinder$$Lambda$21
instanceKlass jdk/xml/internal/SecuritySupport$$Lambda$20
instanceKlass jdk/xml/internal/SecuritySupport
instanceKlass javax/xml/parsers/FactoryFinder
instanceKlass javax/xml/parsers/SAXParserFactory
instanceKlass ch/qos/logback/core/spi/ContextAwareImpl
instanceKlass ch/qos/logback/core/joran/spi/ElementPath
instanceKlass org/xml/sax/helpers/DefaultHandler
instanceKlass org/xml/sax/ErrorHandler
instanceKlass org/xml/sax/ContentHandler
instanceKlass org/xml/sax/DTDHandler
instanceKlass org/xml/sax/EntityResolver
instanceKlass org/xml/sax/InputSource
instanceKlass sun/net/DefaultProgressMeteringPolicy
instanceKlass sun/net/ProgressMeteringPolicy
instanceKlass sun/net/ProgressMonitor
instanceKlass java/util/BitSet
instanceKlass java/net/URLEncoder
instanceKlass java/net/URLDecoder
instanceKlass ch/qos/logback/core/joran/util/ConfigurationWatchListUtil
instanceKlass ch/qos/logback/core/joran/event/InPlayListener
instanceKlass ch/qos/logback/core/joran/spi/RuleStore
instanceKlass ch/qos/logback/core/spi/ContextAwareBase
instanceKlass ch/qos/logback/core/spi/ContextAware
instanceKlass ch/qos/logback/core/status/StatusBase
instanceKlass java/security/PermissionsEnumerator
instanceKlass java/io/FilePermissionCollection$1
instanceKlass sun/net/www/MessageHeader
instanceKlass java/net/URLConnection
instanceKlass java/util/PropertyPermissionCollection$1
instanceKlass java/net/SocketPermissionCollection$1
instanceKlass sun/security/provider/PolicyFile$8
instanceKlass sun/security/provider/PolicyFile$6
instanceKlass sun/security/util/PolicyUtil
instanceKlass sun/security/provider/PolicyFile$4
instanceKlass sun/security/util/SecurityProperties
instanceKlass sun/security/util/FilePermCompat
instanceKlass java/io/FilePermission$1
instanceKlass jdk/internal/misc/JavaIOFilePermissionAccess
instanceKlass java/util/ComparableTimSort
instanceKlass java/util/Arrays$LegacyMergeSort
instanceKlass java/net/HostPortrange
instanceKlass java/net/URLPermission$Authority
instanceKlass sun/security/provider/PolicyFile$PolicyEntry
instanceKlass java/util/Vector$1
instanceKlass sun/security/util/PropertyExpander
instanceKlass sun/security/provider/PolicyParser$PermissionEntry
instanceKlass sun/security/provider/PolicyParser$GrantEntry
instanceKlass java/io/StreamTokenizer
instanceKlass sun/security/provider/PolicyParser
instanceKlass sun/security/provider/PolicyFile$2
instanceKlass java/security/ProtectionDomain$JavaSecurityAccessImpl$1
instanceKlass jdk/internal/misc/JavaSecurityAccess$ProtectionDomainCache
instanceKlass sun/security/provider/PolicyFile$PolicyInfo
instanceKlass sun/security/provider/PolicyFile$1
instanceKlass java/security/Policy$1
instanceKlass java/security/Policy$PolicyInfo
instanceKlass java/security/Policy
instanceKlass ch/qos/logback/core/util/Loader$1
instanceKlass ch/qos/logback/core/util/Loader
instanceKlass ch/qos/logback/core/util/OptionHelper
instanceKlass ch/qos/logback/core/status/StatusListener
instanceKlass ch/qos/logback/core/util/StatusListenerConfigHelper
instanceKlass ch/qos/logback/classic/util/ContextInitializer
instanceKlass ch/qos/logback/classic/selector/ContextSelector
instanceKlass ch/qos/logback/classic/util/ContextSelectorStaticBinder
instanceKlass ch/qos/logback/classic/Level
instanceKlass ch/qos/logback/classic/spi/ILoggingEvent
instanceKlass ch/qos/logback/core/spi/DeferredProcessingAware
instanceKlass ch/qos/logback/classic/Logger
instanceKlass ch/qos/logback/core/spi/AppenderAttachable
instanceKlass org/slf4j/spi/LocationAwareLogger
instanceKlass ch/qos/logback/classic/spi/LoggerContextVO
instanceKlass ch/qos/logback/core/spi/LogbackLock
instanceKlass ch/qos/logback/core/helpers/CyclicBuffer
instanceKlass ch/qos/logback/core/BasicStatusManager
instanceKlass ch/qos/logback/core/status/Status
instanceKlass ch/qos/logback/core/status/StatusManager
instanceKlass ch/qos/logback/core/ContextBase
instanceKlass ch/qos/logback/core/spi/LifeCycle
instanceKlass ch/qos/logback/core/Context
instanceKlass ch/qos/logback/core/spi/PropertyContainer
instanceKlass org/slf4j/impl/StaticLoggerBinder
instanceKlass org/slf4j/spi/LoggerFactoryBinder
instanceKlass java/nio/charset/CoderResult
instanceKlass java/io/Reader
instanceKlass java/lang/Readable
instanceKlass java/lang/CompoundEnumeration
instanceKlass java/util/Collections$EmptyEnumeration
instanceKlass jdk/internal/loader/BuiltinClassLoader$1
instanceKlass jdk/internal/loader/URLClassPath$1
instanceKlass jdk/internal/loader/BuiltinClassLoader$2
instanceKlass org/slf4j/helpers/Util
instanceKlass org/slf4j/helpers/NOPLoggerFactory
instanceKlass java/util/concurrent/LinkedBlockingQueue$Node
instanceKlass org/slf4j/Logger
instanceKlass org/slf4j/helpers/SubstituteLoggerFactory
instanceKlass org/slf4j/event/LoggingEvent
instanceKlass org/slf4j/ILoggerFactory
instanceKlass org/slf4j/LoggerFactory
instanceKlass com/google/common/collect/Multimap
instanceKlass net/runelite/client/externalplugins/PluginHubManifest$DisplayData
instanceKlass net/runelite/client/externalplugins/ExternalPluginManager
instanceKlass net/runelite/client/plugins/Plugin
instanceKlass com/google/inject/Module
instanceKlass sun/security/util/ManifestEntryVerifier$SunProviderHolder
instanceKlass java/util/Base64$Encoder
instanceKlass java/util/Base64$Decoder
instanceKlass java/util/Base64
instanceKlass javax/crypto/SecretKey
instanceKlass sun/security/util/Length
instanceKlass sun/security/util/KeyUtil
instanceKlass java/security/interfaces/XECKey
instanceKlass java/security/interfaces/ECKey
instanceKlass sun/security/util/JarConstraintsParameters
instanceKlass sun/security/util/ConstraintsParameters
instanceKlass java/security/cert/CertPath
instanceKlass java/math/MutableBigInteger
instanceKlass sun/security/provider/ByteArrayAccess
instanceKlass sun/security/rsa/RSAPadding
instanceKlass sun/security/rsa/RSACore
instanceKlass java/security/interfaces/RSAPrivateCrtKey
instanceKlass sun/security/pkcs/PKCS8Key
instanceKlass sun/security/util/MessageDigestSpi2
instanceKlass java/security/MessageDigestSpi
instanceKlass java/security/interfaces/RSAPrivateKey
instanceKlass java/security/PrivateKey
instanceKlass javax/security/auth/Destroyable
instanceKlass sun/security/util/SignatureUtil
instanceKlass sun/security/jca/ServiceId
instanceKlass java/security/Signature$1
instanceKlass jdk/internal/misc/JavaSecuritySignatureAccess
instanceKlass java/security/SignatureSpi
instanceKlass sun/text/normalizer/Trie2$UTrie2Header
instanceKlass sun/text/normalizer/Trie2$1
instanceKlass sun/text/normalizer/Trie2$ValueMapper
instanceKlass sun/text/normalizer/Trie2
instanceKlass sun/text/normalizer/VersionInfo
instanceKlass jdk/internal/module/SystemModuleFinders$SystemModuleReader$$Lambda$19
instanceKlass jdk/internal/jimage/ImageLocation
instanceKlass jdk/internal/jimage/decompressor/Decompressor
instanceKlass jdk/internal/jimage/ImageStringsReader
instanceKlass jdk/internal/jimage/ImageStrings
instanceKlass jdk/internal/jimage/ImageHeader
instanceKlass jdk/internal/jimage/NativeImageBuffer$1
instanceKlass jdk/internal/jimage/NativeImageBuffer
instanceKlass jdk/internal/jimage/BasicImageReader$1
instanceKlass jdk/internal/jimage/BasicImageReader
instanceKlass jdk/internal/jimage/ImageReader
instanceKlass jdk/internal/jimage/ImageReaderFactory$1
instanceKlass jdk/internal/jimage/ImageReaderFactory
instanceKlass jdk/internal/module/SystemModuleFinders$SystemImage
instanceKlass jdk/internal/module/SystemModuleFinders$SystemModuleReader
instanceKlass java/lang/module/ModuleReader
instanceKlass jdk/internal/loader/BuiltinClassLoader$5
instanceKlass jdk/internal/module/Checks
instanceKlass jdk/internal/module/Resources
instanceKlass sun/text/normalizer/ICUBinary$1
instanceKlass sun/text/normalizer/ICUBinary
instanceKlass sun/text/normalizer/NormalizerImpl$IsAcceptable
instanceKlass sun/text/normalizer/ICUBinary$Authenticate
instanceKlass sun/text/normalizer/NormalizerImpl
instanceKlass sun/text/normalizer/Norm2AllModes$Norm2AllModesSingleton
instanceKlass sun/text/normalizer/Norm2AllModes$NFKCSingleton
instanceKlass sun/text/normalizer/Norm2AllModes
instanceKlass sun/text/normalizer/Normalizer2
instanceKlass sun/text/normalizer/NormalizerBase$ModeImpl
instanceKlass sun/text/normalizer/NormalizerBase$NFKDModeImpl
instanceKlass sun/text/normalizer/NormalizerBase$1
instanceKlass sun/text/normalizer/NormalizerBase$Mode
instanceKlass sun/text/normalizer/NormalizerBase
instanceKlass java/text/Normalizer
instanceKlass java/lang/Byte$ByteCache
instanceKlass sun/security/pkcs/PKCS9Attribute
instanceKlass sun/security/x509/AVAKeyword
instanceKlass java/util/StringJoiner
instanceKlass sun/security/pkcs/SignerInfo$AlgorithmInfo
instanceKlass java/time/Instant
instanceKlass java/time/zone/ZoneOffsetTransition
instanceKlass java/time/LocalTime
instanceKlass java/time/temporal/ValueRange
instanceKlass java/time/temporal/TemporalField
instanceKlass java/time/LocalDate
instanceKlass java/time/chrono/ChronoLocalDate
instanceKlass java/time/ZonedDateTime
instanceKlass java/time/chrono/ChronoZonedDateTime
instanceKlass java/time/LocalDateTime
instanceKlass java/time/chrono/ChronoLocalDateTime
instanceKlass java/time/temporal/Temporal
instanceKlass java/time/zone/ZoneOffsetTransitionRule
instanceKlass java/time/zone/ZoneRules
instanceKlass java/time/temporal/TemporalAdjuster
instanceKlass java/time/temporal/TemporalAccessor
instanceKlass java/time/ZoneId
instanceKlass java/util/regex/Pattern$$Lambda$18
instanceKlass java/util/regex/CharPredicates$$Lambda$17
instanceKlass java/util/regex/CharPredicates$$Lambda$16
instanceKlass java/util/regex/Pattern$BmpCharPredicate
instanceKlass java/util/regex/CharPredicates
instanceKlass sun/security/util/DisabledAlgorithmConstraints$Constraints$Holder
instanceKlass sun/security/util/DisabledAlgorithmConstraints$1
instanceKlass java/util/StringTokenizer
instanceKlass java/security/spec/ECFieldF2m
instanceKlass java/security/spec/ECParameterSpec
instanceKlass java/security/spec/ECPoint
instanceKlass java/security/spec/EllipticCurve
instanceKlass java/security/spec/ECFieldFp
instanceKlass java/security/spec/ECField
instanceKlass sun/security/util/CurveDB
instanceKlass sun/security/util/DisabledAlgorithmConstraints$Constraint
instanceKlass sun/security/util/DisabledAlgorithmConstraints$Constraints
instanceKlass java/util/regex/IntHashSet
instanceKlass java/util/regex/Matcher
instanceKlass java/util/regex/MatchResult
instanceKlass java/util/TreeMap$PrivateEntryIterator
instanceKlass java/util/NavigableSet
instanceKlass java/util/SortedSet
instanceKlass sun/security/util/AbstractAlgorithmConstraints$1
instanceKlass sun/security/util/AlgorithmDecomposer
instanceKlass sun/security/util/DisabledAlgorithmConstraints$JarHolder
instanceKlass java/util/regex/Pattern$TreeInfo
instanceKlass java/util/regex/Pattern$$Lambda$15
instanceKlass java/util/regex/Pattern$CharPredicate
instanceKlass java/util/regex/ASCII
instanceKlass java/util/regex/Pattern$Node
instanceKlass java/util/regex/Pattern
instanceKlass sun/security/util/AbstractAlgorithmConstraints
instanceKlass java/security/AlgorithmConstraints
instanceKlass sun/security/pkcs/SignerInfo
instanceKlass java/lang/System$Logger
instanceKlass jdk/internal/event/EventHelper
instanceKlass sun/security/jca/JCAUtil
instanceKlass sun/security/util/MemoryCache$CacheEntry
instanceKlass sun/security/x509/X509AttributeName
instanceKlass java/util/TreeMap$Entry
instanceKlass sun/security/x509/KeyIdentifier
instanceKlass sun/security/x509/OIDMap$OIDInfo
instanceKlass sun/security/x509/PKIXExtensions
instanceKlass sun/security/x509/OIDMap
instanceKlass sun/security/x509/Extension
instanceKlass java/security/cert/Extension
instanceKlass java/util/Collections$SynchronizedMap
instanceKlass java/util/NavigableMap
instanceKlass java/util/SortedMap
instanceKlass sun/security/x509/CertificateExtensions
instanceKlass sun/security/rsa/RSAUtil
instanceKlass java/security/interfaces/RSAPublicKey
instanceKlass java/security/interfaces/RSAKey
instanceKlass java/security/spec/PSSParameterSpec
instanceKlass java/security/spec/AlgorithmParameterSpec
instanceKlass java/security/spec/RSAPrivateKeySpec
instanceKlass java/security/spec/RSAPublicKeySpec
instanceKlass java/security/KeyFactorySpi
instanceKlass sun/security/rsa/SunRsaSignEntries
instanceKlass sun/security/jca/ProviderList$ServiceList$1
instanceKlass java/security/KeyFactory
instanceKlass java/security/spec/EncodedKeySpec
instanceKlass java/security/spec/KeySpec
instanceKlass sun/security/util/BitArray
instanceKlass sun/security/x509/X509Key
instanceKlass java/security/PublicKey
instanceKlass java/security/Key
instanceKlass sun/security/x509/CertificateX509Key
instanceKlass java/util/Date
instanceKlass sun/util/calendar/CalendarUtils
instanceKlass sun/util/calendar/CalendarDate
instanceKlass sun/util/calendar/CalendarSystem$GregorianHolder
instanceKlass sun/util/calendar/CalendarSystem
instanceKlass sun/security/x509/CertificateValidity
instanceKlass sun/security/x509/AVA
instanceKlass sun/security/x509/RDN
instanceKlass javax/security/auth/x500/X500Principal
instanceKlass sun/security/x509/X500Name$1
instanceKlass sun/security/x509/X500Name
instanceKlass sun/security/x509/GeneralNameInterface
instanceKlass sun/security/x509/CertificateAlgorithmId
instanceKlass sun/security/x509/SerialNumber
instanceKlass sun/security/x509/CertificateSerialNumber
instanceKlass sun/security/x509/CertificateVersion
instanceKlass sun/security/x509/X509CertInfo
instanceKlass sun/security/x509/CertAttrSet
instanceKlass sun/security/util/Cache$EqualByteArray
instanceKlass java/security/cert/X509Extension
instanceKlass sun/security/jca/GetInstance$Instance
instanceKlass sun/security/util/Cache
instanceKlass jdk/internal/event/Event
instanceKlass sun/security/jca/GetInstance
instanceKlass java/security/cert/CertificateFactorySpi
instanceKlass java/security/cert/CertificateFactory
instanceKlass sun/security/x509/AlgorithmId
instanceKlass jdk/internal/util/ArraysSupport
instanceKlass sun/security/util/ByteArrayTagOrder
instanceKlass sun/security/util/ByteArrayLexOrder
instanceKlass sun/security/util/DerEncoder
instanceKlass sun/security/util/IOUtils
instanceKlass sun/security/util/DerValue
instanceKlass sun/security/util/ObjectIdentifier
instanceKlass sun/security/pkcs/ContentInfo
instanceKlass sun/security/util/DerIndefLenConverter
instanceKlass sun/security/util/DerInputStream
instanceKlass sun/security/pkcs/PKCS7
instanceKlass sun/security/util/KnownOIDs$11
instanceKlass sun/security/util/SecurityProviderConstants
instanceKlass java/security/Provider$UString
instanceKlass java/security/Provider$Service
instanceKlass sun/security/provider/NativePRNG$NonBlocking
instanceKlass sun/security/provider/NativePRNG$Blocking
instanceKlass sun/security/provider/NativePRNG
instanceKlass sun/security/provider/SunEntries$1
instanceKlass sun/security/provider/SunEntries
instanceKlass sun/security/util/SecurityConstants
instanceKlass java/security/Security$2
instanceKlass jdk/internal/misc/JavaSecurityPropertiesAccess
instanceKlass java/security/Security$1
instanceKlass java/security/Security
instanceKlass sun/security/jca/ProviderList$2
instanceKlass java/security/Provider$EngineDescription
instanceKlass java/security/Provider$ServiceKey
instanceKlass sun/security/jca/ProviderConfig
instanceKlass sun/security/jca/ProviderList
instanceKlass sun/security/jca/Providers
instanceKlass sun/security/util/ManifestDigester$$Lambda$14
instanceKlass sun/security/util/ManifestDigester$Section
instanceKlass sun/security/util/ManifestDigester$Entry
instanceKlass sun/security/util/ManifestDigester$Position
instanceKlass sun/security/util/ManifestDigester
instanceKlass sun/security/util/ManifestEntryVerifier
instanceKlass java/security/CodeSigner
instanceKlass java/util/jar/JarVerifier
instanceKlass sun/security/action/GetIntegerAction
instanceKlass sun/security/util/SignatureFileVerifier
instanceKlass java/util/zip/ZipFile$InflaterCleanupAction
instanceKlass java/util/jar/JarFile$1
instanceKlass jdk/internal/util/jar/JarIndex
instanceKlass jdk/internal/perf/PerfCounter$CoreCounters
instanceKlass jdk/internal/perf/Perf
instanceKlass jdk/internal/perf/Perf$GetPerfAction
instanceKlass jdk/internal/perf/PerfCounter
instanceKlass java/util/zip/ZipFile$Source$End
instanceKlass java/io/RandomAccessFile$2
instanceKlass jdk/internal/misc/JavaIORandomAccessFileAccess
instanceKlass java/io/RandomAccessFile
instanceKlass java/io/DataInput
instanceKlass java/io/DataOutput
instanceKlass java/nio/file/attribute/FileTime
instanceKlass java/util/zip/ZipFile$Source$Key
instanceKlass java/util/zip/ZipFile$Source
instanceKlass java/util/zip/ZipFile$CleanableResource
instanceKlass com/intellij/rt/debugger/agent/CaptureStorage$5
instanceKlass jdk/internal/loader/FileURLMapper
instanceKlass jdk/internal/loader/URLClassPath$JarLoader$1
instanceKlass com/mycombatlevel/PluginLauncher
instanceKlass sun/security/util/Debug
instanceKlass java/security/SecureClassLoader$DebugHolder
instanceKlass java/security/Permissions$1
instanceKlass java/security/PermissionCollection
instanceKlass java/security/SecureClassLoader$1
instanceKlass java/security/SecureClassLoader$CodeSourceKey
instanceKlass java/io/FileInputStream$1
instanceKlass sun/nio/ByteBuffered
instanceKlass jdk/internal/loader/Resource
instanceKlass jdk/internal/loader/URLClassPath$Loader
instanceKlass jdk/internal/loader/URLClassPath$3
instanceKlass java/security/PrivilegedExceptionAction
instanceKlass sun/util/locale/InternalLocaleBuilder$CaseInsensitiveChar
instanceKlass sun/util/locale/InternalLocaleBuilder
instanceKlass sun/util/locale/LocaleUtils
instanceKlass sun/util/locale/BaseLocale$Key
instanceKlass sun/util/locale/BaseLocale
instanceKlass sun/util/locale/LocaleObjectCache
instanceKlass java/util/Locale
instanceKlass sun/net/util/URLUtil
instanceKlass sun/nio/cs/ArrayDecoder
instanceKlass java/nio/charset/CharsetDecoder
instanceKlass java/lang/StringCoding$StringDecoder
instanceKlass sun/launcher/LauncherHelper
instanceKlass com/intellij/rt/debugger/agent/InstrumentationBreakpointTransformer$BreakpointInstrumentalist
instanceKlass com/intellij/rt/debugger/agent/InstrumentationBreakpointTransformer
instanceKlass org/jetbrains/capture/org/objectweb/asm/tree/LocalVariableNode
instanceKlass org/jetbrains/capture/org/objectweb/asm/tree/AbstractInsnNode
instanceKlass org/jetbrains/capture/org/objectweb/asm/tree/InsnList
instanceKlass org/jetbrains/capture/org/objectweb/asm/tree/Util
instanceKlass com/intellij/rt/debugger/agent/LogCaptureTransformer
instanceKlass java/lang/Shutdown$Lock
instanceKlass java/lang/Shutdown
instanceKlass java/lang/ApplicationShutdownHooks$1
instanceKlass java/lang/ApplicationShutdownHooks
instanceKlass com/intellij/rt/debugger/agent/LogCaptureStorage$2
instanceKlass java/util/concurrent/ConcurrentLinkedQueue$Node
instanceKlass com/intellij/rt/debugger/agent/CaptureStorage$7
instanceKlass java/util/LinkedList$Node
instanceKlass com/intellij/rt/debugger/agent/CaptureStorage$6
instanceKlass java/time/Duration
instanceKlass com/intellij/rt/debugger/agent/LogCaptureStorage
instanceKlass java/time/temporal/TemporalAmount
instanceKlass com/intellij/rt/debugger/agent/TailCallContinuationTransformer$TailCallTransformer
instanceKlass java/time/temporal/TemporalUnit
instanceKlass com/intellij/rt/debugger/agent/TailCallContinuationTransformer
instanceKlass com/intellij/rt/debugger/agent/SpilledVariablesTransformer$SpillingTransformer
instanceKlass java/util/concurrent/TimeUnit$1
instanceKlass com/intellij/rt/debugger/agent/SpilledVariablesTransformer
instanceKlass com/intellij/rt/debugger/agent/CollectionBreakpointInstrumentor$ConcurrentIdentityHashMap
instanceKlass com/intellij/rt/debugger/agent/CollectionBreakpointInstrumentor
instanceKlass java/util/concurrent/Executors$RunnableAdapter
instanceKlass java/util/concurrent/Callable
instanceKlass com/intellij/rt/debugger/agent/CaptureStorage$CapturedStack
instanceKlass com/intellij/rt/debugger/agent/ThrowableInterner
instanceKlass com/intellij/rt/debugger/agent/CaptureStorage$ConcurrentIdentityWeakHashMap$HardKey
instanceKlass com/intellij/rt/debugger/agent/CaptureStorage$ConcurrentIdentityWeakHashMap$Key
instanceKlass com/intellij/rt/debugger/agent/CaptureStorage$3
instanceKlass com/intellij/rt/debugger/agent/OverheadDetector$PerThread
instanceKlass com/intellij/rt/debugger/agent/OverheadDetector$CoarseTimer$1
instanceKlass java/lang/invoke/VarHandle$AccessDescriptor
instanceKlass com/intellij/rt/debugger/agent/CaptureStorage$ThreadLocalContext
instanceKlass java/util/concurrent/FutureTask$WaitNode
instanceKlass java/util/concurrent/FutureTask
instanceKlass com/intellij/rt/debugger/agent/SuspendHelper$1
instanceKlass com/intellij/rt/debugger/agent/SuspendHelper
instanceKlass com/intellij/rt/debugger/agent/CaptureAgent$CaptureTransformer
instanceKlass org/jetbrains/capture/org/objectweb/asm/AnnotationVisitor
instanceKlass org/jetbrains/capture/org/objectweb/asm/Handler
instanceKlass org/jetbrains/capture/org/objectweb/asm/Opcodes
instanceKlass org/jetbrains/capture/org/objectweb/asm/Edge
instanceKlass java/util/LinkedHashMap$LinkedHashIterator
instanceKlass java/lang/PublicMethods
instanceKlass org/jetbrains/capture/org/objectweb/asm/Frame
instanceKlass org/jetbrains/capture/org/objectweb/asm/MethodVisitor
instanceKlass org/jetbrains/capture/org/objectweb/asm/FieldVisitor
instanceKlass org/jetbrains/capture/org/objectweb/asm/Context
instanceKlass org/jetbrains/capture/org/objectweb/asm/Attribute
instanceKlass org/jetbrains/capture/org/objectweb/asm/Symbol
instanceKlass org/jetbrains/capture/org/objectweb/asm/ByteVector
instanceKlass org/jetbrains/capture/org/objectweb/asm/SymbolTable
instanceKlass org/jetbrains/capture/org/objectweb/asm/ClassVisitor
instanceKlass org/jetbrains/capture/org/objectweb/asm/Label
instanceKlass org/jetbrains/capture/org/objectweb/asm/ClassReader
instanceKlass com/intellij/rt/debugger/agent/ClassTransformer
instanceKlass org/jetbrains/capture/org/objectweb/asm/Type
instanceKlass com/intellij/rt/debugger/agent/ThrowableTransformer
instanceKlass com/intellij/rt/debugger/agent/CaptureAgent$CoroutineOwnerKeyProvider
instanceKlass com/intellij/rt/debugger/agent/CaptureAgent$FieldKeyProvider
instanceKlass com/intellij/rt/debugger/agent/CaptureAgent$InstrumentPoint
instanceKlass com/intellij/rt/debugger/agent/CaptureAgent$1
instanceKlass com/intellij/rt/debugger/agent/CaptureAgent$ParamKeyProvider
instanceKlass com/intellij/rt/debugger/agent/CaptureAgent$KeyProvider
instanceKlass com/intellij/rt/debugger/agent/CaptureAgent
instanceKlass com/intellij/rt/debugger/agent/StateFlowTransformer
instanceKlass com/intellij/rt/debugger/agent/SharedFlowTransformer
instanceKlass java/lang/instrument/ClassFileTransformer
instanceKlass jdk/internal/math/FloatingDecimal$ASCIIToBinaryBuffer
instanceKlass jdk/internal/math/FloatingDecimal$PreparedASCIIToBinaryBuffer
instanceKlass jdk/internal/math/FloatingDecimal$ASCIIToBinaryConverter
instanceKlass jdk/internal/math/FloatingDecimal$BinaryToASCIIBuffer
instanceKlass jdk/internal/math/FloatingDecimal$ExceptionalBinaryToASCIIBuffer
instanceKlass jdk/internal/math/FloatingDecimal$BinaryToASCIIConverter
instanceKlass jdk/internal/math/FloatingDecimal
instanceKlass com/intellij/rt/debugger/agent/OverheadDetector$CoarseTimer
instanceKlass com/intellij/rt/debugger/agent/OverheadDetector$Timer
instanceKlass java/util/concurrent/atomic/AtomicBoolean
instanceKlass com/intellij/rt/debugger/agent/OverheadDetector$1
instanceKlass com/intellij/rt/debugger/agent/OverheadDetector$OverheadTracker
instanceKlass com/intellij/rt/debugger/agent/OverheadDetector
instanceKlass java/lang/Package$VersionInfo
instanceKlass java/lang/NamedPackage
instanceKlass java/lang/Runtime$Version
instanceKlass java/util/jar/JavaUtilJarAccessImpl
instanceKlass jdk/internal/misc/JavaUtilJarAccess
instanceKlass java/util/zip/ZipFile$1
instanceKlass jdk/internal/misc/JavaUtilZipFileAccess
instanceKlass java/util/zip/ZipFile
instanceKlass java/util/jar/Attributes$Name
instanceKlass java/lang/StringCoding$Result
instanceKlass java/util/jar/Attributes
instanceKlass java/util/zip/ZipEntry
instanceKlass java/lang/StringCoding
instanceKlass java/util/zip/ZipCoder
instanceKlass java/util/zip/Checksum$1
instanceKlass java/util/zip/CRC32
instanceKlass java/util/zip/Checksum
instanceKlass java/util/zip/Inflater$InflaterZStreamRef
instanceKlass java/util/zip/ZipUtils
instanceKlass java/util/zip/Inflater
instanceKlass java/util/zip/ZipConstants
instanceKlass jdk/internal/loader/BootLoader$PackageHelper$2
instanceKlass sun/nio/fs/WindowsFileAttributes
instanceKlass java/nio/file/attribute/DosFileAttributes
instanceKlass sun/nio/fs/AbstractBasicFileAttributeView
instanceKlass sun/nio/fs/DynamicFileAttributeView
instanceKlass sun/nio/fs/WindowsFileAttributeViews
instanceKlass sun/nio/cs/SingleByte
instanceKlass java/nio/charset/StandardCharsets
instanceKlass sun/nio/fs/Util
instanceKlass java/nio/file/attribute/BasicFileAttributeView
instanceKlass java/nio/file/attribute/FileAttributeView
instanceKlass java/nio/file/attribute/AttributeView
instanceKlass java/nio/file/attribute/BasicFileAttributes
instanceKlass java/nio/file/CopyOption
instanceKlass jdk/internal/loader/BootLoader$PackageHelper$1
instanceKlass jdk/internal/loader/BootLoader$PackageHelper
instanceKlass com/intellij/rt/debugger/agent/CaptureStorage$ConcurrentIdentityWeakHashMap
instanceKlass com/intellij/rt/debugger/agent/CaptureStorage
instanceKlass sun/nio/ch/IOStatus
instanceKlass java/nio/DirectByteBuffer$Deallocator
instanceKlass java/nio/Bits$1
instanceKlass jdk/internal/misc/JavaNioAccess$BufferPool
instanceKlass java/nio/Bits
instanceKlass sun/nio/ch/Util$BufferCache
instanceKlass sun/nio/ch/Util
instanceKlass sun/nio/ch/DirectBuffer
instanceKlass sun/nio/ch/NativeThread
instanceKlass java/util/Properties$LineReader
instanceKlass java/nio/channels/Channels
instanceKlass sun/nio/ch/FileChannelImpl$Closer
instanceKlass sun/nio/ch/NativeDispatcher
instanceKlass sun/nio/ch/NativeThreadSet
instanceKlass sun/nio/ch/IOUtil$1
instanceKlass sun/nio/ch/IOUtil
instanceKlass java/nio/channels/spi/AbstractInterruptibleChannel
instanceKlass java/nio/channels/InterruptibleChannel
instanceKlass java/nio/channels/ScatteringByteChannel
instanceKlass java/nio/channels/GatheringByteChannel
instanceKlass java/nio/channels/SeekableByteChannel
instanceKlass java/nio/channels/ByteChannel
instanceKlass java/nio/channels/WritableByteChannel
instanceKlass java/nio/channels/ReadableByteChannel
instanceKlass java/nio/channels/Channel
instanceKlass sun/nio/fs/NativeBuffer$Deallocator
instanceKlass sun/nio/fs/NativeBuffer
instanceKlass java/lang/ThreadLocal$ThreadLocalMap
instanceKlass sun/nio/fs/NativeBuffers
instanceKlass sun/nio/fs/WindowsNativeDispatcher$CompletionStatus
instanceKlass sun/nio/fs/WindowsNativeDispatcher$AclInformation
instanceKlass sun/nio/fs/WindowsNativeDispatcher$Account
instanceKlass sun/nio/fs/WindowsNativeDispatcher$DiskFreeSpace
instanceKlass sun/nio/fs/WindowsNativeDispatcher$VolumeInformation
instanceKlass sun/nio/fs/WindowsNativeDispatcher$FirstStream
instanceKlass sun/nio/fs/WindowsNativeDispatcher$FirstFile
instanceKlass java/util/Enumeration
instanceKlass sun/nio/fs/WindowsNativeDispatcher$1
instanceKlass sun/nio/fs/WindowsNativeDispatcher
instanceKlass java/util/Collections$EmptyIterator
instanceKlass sun/nio/fs/WindowsChannelFactory$Flags
instanceKlass sun/nio/fs/WindowsChannelFactory$1
instanceKlass sun/nio/fs/WindowsChannelFactory
instanceKlass sun/nio/fs/WindowsSecurityDescriptor
instanceKlass java/nio/file/attribute/FileAttribute
instanceKlass java/nio/file/Files
instanceKlass sun/nio/fs/WindowsPath
instanceKlass sun/nio/fs/WindowsUriSupport
instanceKlass sun/nio/fs/WindowsPathParser$Result
instanceKlass sun/nio/fs/WindowsPathParser
instanceKlass java/util/Arrays$ArrayItr
instanceKlass java/nio/file/FileSystem
instanceKlass java/nio/file/OpenOption
instanceKlass java/nio/file/spi/FileSystemProvider
instanceKlass sun/nio/fs/DefaultFileSystemProvider
instanceKlass java/nio/file/FileSystems$DefaultFileSystemHolder$1
instanceKlass java/nio/file/FileSystems$DefaultFileSystemHolder
instanceKlass java/nio/file/FileSystems
instanceKlass java/nio/file/Paths
instanceKlass java/net/URI$Parser
instanceKlass java/util/concurrent/locks/AbstractQueuedSynchronizer$ConditionObject
instanceKlass java/util/concurrent/locks/Condition
instanceKlass java/util/concurrent/locks/AbstractQueuedSynchronizer$Node
instanceKlass java/lang/invoke/VarForm
instanceKlass java/lang/invoke/VarHandleGuards
instanceKlass jdk/internal/util/Preconditions$1
instanceKlass java/lang/invoke/VarHandle$1
instanceKlass java/lang/invoke/VarHandles
instanceKlass java/util/concurrent/RunnableScheduledFuture
instanceKlass java/util/concurrent/ScheduledFuture
instanceKlass java/util/concurrent/Delayed
instanceKlass java/util/concurrent/RunnableFuture
instanceKlass java/util/concurrent/Future
instanceKlass java/util/concurrent/BlockingQueue
instanceKlass java/util/concurrent/ThreadPoolExecutor$AbortPolicy
instanceKlass java/util/concurrent/RejectedExecutionHandler
instanceKlass java/util/concurrent/AbstractExecutorService
instanceKlass java/util/concurrent/Executors$DelegatedExecutorService
instanceKlass java/util/concurrent/ScheduledExecutorService
instanceKlass java/util/concurrent/ExecutorService
instanceKlass java/util/concurrent/Executor
instanceKlass java/util/concurrent/Executors
instanceKlass com/intellij/rt/debugger/agent/DebuggerAgent$1
instanceKlass sun/instrument/InstrumentationImpl$1
instanceKlass com/intellij/rt/debugger/agent/DebuggerAgent
instanceKlass sun/instrument/TransformerManager$TransformerInfo
instanceKlass sun/instrument/TransformerManager
instanceKlass java/util/ArrayDeque$DeqIterator
instanceKlass java/lang/ClassLoaderHelper
instanceKlass java/lang/ClassLoader$NativeLibrary
instanceKlass java/lang/ClassLoader$2
instanceKlass sun/instrument/InstrumentationImpl
instanceKlass java/lang/instrument/Instrumentation
instanceKlass jdk/internal/vm/VMSupport
instanceKlass jdk/internal/module/ModuleBootstrap$SafeModuleFinder
instanceKlass jdk/internal/module/IllegalAccessLogger
instanceKlass jdk/internal/module/ModuleBootstrap$2
instanceKlass jdk/internal/module/IllegalAccessLogger$Builder
instanceKlass java/lang/ModuleLayer$Controller
instanceKlass jdk/internal/module/ServicesCatalog$ServiceProvider
instanceKlass java/util/concurrent/CopyOnWriteArrayList
instanceKlass jdk/internal/module/ModuleLoaderMap$Mapper
instanceKlass jdk/internal/module/ModuleLoaderMap
instanceKlass java/lang/module/ResolvedModule
instanceKlass java/util/Collections$UnmodifiableCollection$1
instanceKlass java/lang/ModuleLayer
instanceKlass java/lang/module/ModuleFinder$1
instanceKlass java/nio/file/Path
instanceKlass java/nio/file/Watchable
instanceKlass java/lang/module/Resolver
instanceKlass java/lang/module/Configuration
instanceKlass java/util/ImmutableCollections$Set12$1
instanceKlass java/util/stream/FindOps$FindSink$OfRef$$Lambda$13
instanceKlass java/util/stream/FindOps$FindSink$OfRef$$Lambda$12
instanceKlass java/util/stream/FindOps$FindSink$OfRef$$Lambda$11
instanceKlass java/util/stream/FindOps$FindSink$OfRef$$Lambda$10
instanceKlass java/util/stream/FindOps$FindOp
instanceKlass java/util/stream/FindOps$FindSink
instanceKlass java/util/stream/FindOps
instanceKlass jdk/internal/module/DefaultRoots$$Lambda$9
instanceKlass java/util/stream/Sink$ChainedReference
instanceKlass java/util/stream/ReduceOps$AccumulatingSink
instanceKlass java/util/stream/TerminalSink
instanceKlass java/util/stream/Sink
instanceKlass java/util/function/Consumer
instanceKlass java/util/stream/ReduceOps$Box
instanceKlass java/util/stream/ReduceOps$ReduceOp
instanceKlass java/util/stream/TerminalOp
instanceKlass java/util/stream/ReduceOps
instanceKlass java/util/stream/Collectors$$Lambda$8
instanceKlass java/util/stream/Collectors$$Lambda$7
instanceKlass java/util/function/BinaryOperator
instanceKlass java/util/function/BiFunction
instanceKlass java/util/stream/Collectors$$Lambda$6
instanceKlass java/util/function/BiConsumer
instanceKlass java/util/stream/Collectors$$Lambda$5
instanceKlass java/util/stream/Collectors$CollectorImpl
instanceKlass java/util/stream/Collector
instanceKlass java/util/Collections$UnmodifiableCollection
instanceKlass java/util/stream/Collectors
instanceKlass jdk/internal/module/DefaultRoots$$Lambda$4
instanceKlass jdk/internal/module/DefaultRoots$$Lambda$3
instanceKlass jdk/internal/org/objectweb/asm/FieldVisitor
instanceKlass jdk/internal/module/DefaultRoots$$Lambda$2
instanceKlass java/lang/ref/Cleaner$Cleanable
instanceKlass jdk/internal/ref/CleanerImpl
instanceKlass java/lang/ref/Cleaner$1
instanceKlass java/lang/ref/Cleaner
instanceKlass jdk/internal/ref/CleanerFactory$1
instanceKlass java/util/concurrent/ThreadFactory
instanceKlass jdk/internal/ref/CleanerFactory
instanceKlass java/lang/invoke/LambdaForm$MH
instanceKlass java/util/ArrayList$Itr
instanceKlass java/lang/invoke/InvokerBytecodeGenerator$CpPatch
instanceKlass java/lang/invoke/LambdaFormBuffer
instanceKlass java/lang/invoke/LambdaFormEditor
instanceKlass java/lang/invoke/DelegatingMethodHandle$Holder
instanceKlass sun/invoke/util/Wrapper$1
instanceKlass java/lang/invoke/DirectMethodHandle$1
instanceKlass sun/invoke/empty/Empty
instanceKlass sun/invoke/util/VerifyType
instanceKlass java/util/ImmutableCollections$ListItr
instanceKlass java/util/ListIterator
instanceKlass java/lang/invoke/ClassSpecializer$Factory
instanceKlass java/lang/invoke/ClassSpecializer$SpeciesData
instanceKlass java/lang/invoke/ClassSpecializer$1
instanceKlass java/util/function/Function
instanceKlass java/lang/invoke/ClassSpecializer
instanceKlass java/lang/invoke/InnerClassLambdaMetafactory$1
instanceKlass jdk/internal/module/DefaultRoots$$Lambda$1
instanceKlass jdk/internal/org/objectweb/asm/AnnotationVisitor
instanceKlass jdk/internal/org/objectweb/asm/Frame
instanceKlass jdk/internal/org/objectweb/asm/Label
instanceKlass jdk/internal/org/objectweb/asm/MethodVisitor
instanceKlass jdk/internal/org/objectweb/asm/Item
instanceKlass jdk/internal/org/objectweb/asm/ByteVector
instanceKlass jdk/internal/org/objectweb/asm/ClassVisitor
instanceKlass sun/invoke/util/BytecodeDescriptor
instanceKlass java/lang/invoke/InfoFromMemberName
instanceKlass java/lang/invoke/MethodHandleInfo
instanceKlass sun/security/action/GetBooleanAction
instanceKlass jdk/internal/org/objectweb/asm/Type
instanceKlass java/lang/invoke/AbstractValidatingLambdaMetafactory
instanceKlass java/lang/invoke/MethodHandleImpl$1
instanceKlass jdk/internal/misc/JavaLangInvokeAccess
instanceKlass java/lang/invoke/Invokers$Holder
instanceKlass java/lang/invoke/BootstrapMethodInvoker
instanceKlass java/util/function/Predicate
instanceKlass java/lang/WeakPairMap$Pair$Lookup
instanceKlass java/lang/WeakPairMap$Pair
instanceKlass java/lang/WeakPairMap
instanceKlass java/lang/Module$ReflectionData
instanceKlass java/lang/invoke/InvokerBytecodeGenerator$2
instanceKlass java/lang/invoke/InvokerBytecodeGenerator
instanceKlass java/lang/invoke/LambdaForm$Holder
instanceKlass java/lang/invoke/LambdaForm$Name
instanceKlass java/lang/invoke/Invokers
instanceKlass java/lang/invoke/MethodHandleImpl
instanceKlass sun/invoke/util/ValueConversions
instanceKlass java/lang/invoke/DirectMethodHandle$Holder
instanceKlass java/lang/invoke/LambdaForm$NamedFunction
instanceKlass sun/invoke/util/Wrapper$Format
instanceKlass sun/invoke/util/VerifyAccess
instanceKlass java/security/Permission
instanceKlass java/security/Guard
instanceKlass java/lang/invoke/MemberName$Factory
instanceKlass java/lang/invoke/MethodHandles
instanceKlass java/lang/invoke/MethodTypeForm
instanceKlass java/lang/Void
instanceKlass java/lang/invoke/MethodType$ConcurrentWeakInternSet
instanceKlass java/lang/invoke/MethodHandles$Lookup
instanceKlass java/lang/invoke/LambdaMetafactory
instanceKlass sun/reflect/annotation/AnnotationParser
instanceKlass java/lang/Class$3
instanceKlass java/lang/PublicMethods$Key
instanceKlass java/lang/PublicMethods$MethodList
instanceKlass java/util/EnumMap$1
instanceKlass java/util/stream/StreamOpFlag$MaskBuilder
instanceKlass java/util/stream/Stream
instanceKlass java/util/stream/BaseStream
instanceKlass java/util/stream/PipelineHelper
instanceKlass java/util/stream/StreamSupport
instanceKlass java/util/Spliterators$IteratorSpliterator
instanceKlass java/util/Spliterator$OfDouble
instanceKlass java/util/Spliterator$OfLong
instanceKlass java/util/Spliterator$OfInt
instanceKlass java/util/Spliterator$OfPrimitive
instanceKlass java/util/Spliterator
instanceKlass java/util/Spliterators$EmptySpliterator
instanceKlass java/util/Spliterators
instanceKlass jdk/internal/module/DefaultRoots
instanceKlass java/util/HashMap$HashIterator
instanceKlass java/util/ImmutableCollections$SetN$SetNIterator
instanceKlass jdk/internal/loader/BuiltinClassLoader$LoadedModule
instanceKlass java/security/Principal
instanceKlass java/security/ProtectionDomain$Key
instanceKlass java/security/ProtectionDomain$JavaSecurityAccessImpl
instanceKlass jdk/internal/misc/JavaSecurityAccess
instanceKlass jdk/internal/util/Preconditions
instanceKlass java/util/Deque
instanceKlass java/util/Queue
instanceKlass sun/net/util/IPAddressUtil
instanceKlass java/lang/Class$1
instanceKlass java/lang/reflect/ReflectAccess
instanceKlass jdk/internal/reflect/LangReflectAccess
instanceKlass java/lang/reflect/Modifier
instanceKlass java/lang/Class$Atomic
instanceKlass java/lang/Class$ReflectionData
instanceKlass java/net/URLStreamHandler
instanceKlass java/lang/StringUTF16
instanceKlass sun/net/www/ParseUtil
instanceKlass java/io/ExpiringCache$Entry
instanceKlass java/net/URL$3
instanceKlass jdk/internal/misc/JavaNetURLAccess
instanceKlass java/net/URL$DefaultFactory
instanceKlass java/net/URLStreamHandlerFactory
instanceKlass jdk/internal/loader/URLClassPath
instanceKlass java/lang/ClassLoader$ParallelLoaders
instanceKlass jdk/internal/reflect/Reflection
instanceKlass jdk/internal/loader/AbstractClassLoaderValue
instanceKlass jdk/internal/module/ServicesCatalog
instanceKlass jdk/internal/loader/BootLoader
instanceKlass java/util/Optional
instanceKlass jdk/internal/module/ModuleBootstrap$Counters
instanceKlass jdk/internal/module/SystemModuleFinders$SystemModuleFinder
instanceKlass java/lang/module/ModuleFinder
instanceKlass jdk/internal/module/SystemModuleFinders$3
instanceKlass jdk/internal/module/ModuleHashes$HashSupplier
instanceKlass java/util/KeyValueHolder
instanceKlass jdk/internal/module/SystemModuleFinders$2
instanceKlass java/util/function/Supplier
instanceKlass java/lang/module/ModuleReference
instanceKlass jdk/internal/module/ModuleResolution
instanceKlass java/util/Collections$UnmodifiableMap
instanceKlass jdk/internal/module/ModuleHashes$Builder
instanceKlass jdk/internal/module/ModuleHashes
instanceKlass jdk/internal/module/ModuleTarget
instanceKlass java/lang/Enum
instanceKlass java/lang/module/ModuleDescriptor$Version
instanceKlass java/lang/module/ModuleDescriptor$Provides
instanceKlass java/lang/module/ModuleDescriptor$Opens
instanceKlass java/lang/module/ModuleDescriptor$Exports
instanceKlass java/lang/module/ModuleDescriptor$Requires
instanceKlass jdk/internal/module/Builder
instanceKlass jdk/internal/module/SystemModules$all
instanceKlass jdk/internal/module/SystemModules
instanceKlass jdk/internal/module/SystemModulesMap
instanceKlass java/net/URI$1
instanceKlass jdk/internal/misc/JavaNetUriAccess
instanceKlass java/net/URI
instanceKlass jdk/internal/module/SystemModuleFinders
instanceKlass jdk/internal/module/ArchivedModuleGraph
instanceKlass java/util/HashMap$Node
instanceKlass jdk/internal/module/ModulePatcher
instanceKlass java/util/ImmutableCollections
instanceKlass java/lang/module/ModuleDescriptor$1
instanceKlass jdk/internal/misc/JavaLangModuleAccess
instanceKlass java/lang/module/ModuleDescriptor
instanceKlass jdk/internal/module/ModuleBootstrap
instanceKlass java/lang/CharacterData
instanceKlass java/lang/invoke/MethodHandleStatics
instanceKlass java/io/ExpiringCache
instanceKlass java/io/FileSystem
instanceKlass java/io/DefaultFileSystem
instanceKlass java/io/File
instanceKlass java/lang/System$2
instanceKlass jdk/internal/misc/JavaLangAccess
instanceKlass sun/io/Win32ErrorMode
instanceKlass jdk/internal/misc/OSEnvironment
instanceKlass java/lang/Integer$IntegerCache
instanceKlass jdk/internal/misc/Signal$NativeHandler
instanceKlass java/util/Hashtable$Entry
instanceKlass jdk/internal/misc/Signal
instanceKlass java/lang/Terminator$1
instanceKlass jdk/internal/misc/Signal$Handler
instanceKlass java/lang/Terminator
instanceKlass java/nio/ByteOrder
instanceKlass java/nio/Buffer$1
instanceKlass jdk/internal/misc/JavaNioAccess
instanceKlass java/util/Arrays
instanceKlass java/nio/charset/CodingErrorAction
instanceKlass java/nio/charset/CharsetEncoder
instanceKlass sun/nio/cs/HistoricallyNamedCharset
instanceKlass sun/security/action/GetPropertyAction
instanceKlass java/lang/ThreadLocal
instanceKlass java/nio/charset/spi/CharsetProvider
instanceKlass java/nio/charset/Charset
instanceKlass java/io/Writer
instanceKlass java/io/OutputStream
instanceKlass java/io/Flushable
instanceKlass java/io/FileDescriptor$1
instanceKlass jdk/internal/misc/JavaIOFileDescriptorAccess
instanceKlass java/io/FileDescriptor
instanceKlass java/lang/VersionProps
instanceKlass jdk/internal/util/StaticProperty
instanceKlass java/lang/Math
instanceKlass java/util/concurrent/ConcurrentHashMap$MapEntry
instanceKlass java/util/concurrent/ConcurrentHashMap$Traverser
instanceKlass java/lang/reflect/Array
instanceKlass java/util/Collections$SynchronizedCollection
instanceKlass java/util/RandomAccess
instanceKlass java/util/List
instanceKlass java/util/Collections
instanceKlass java/util/concurrent/ConcurrentHashMap$CollectionView
instanceKlass java/util/Properties$EntrySet
instanceKlass java/lang/StringLatin1
instanceKlass jdk/internal/misc/VM
instanceKlass jdk/internal/misc/SharedSecrets
instanceKlass java/lang/ref/Reference$1
instanceKlass jdk/internal/misc/JavaLangRefAccess
instanceKlass java/lang/ref/ReferenceQueue$Lock
instanceKlass java/lang/ref/ReferenceQueue
instanceKlass jdk/internal/reflect/ReflectionFactory
instanceKlass java/util/concurrent/locks/LockSupport
instanceKlass java/util/concurrent/ConcurrentHashMap$Node
instanceKlass java/util/Map$Entry
instanceKlass java/util/concurrent/ConcurrentHashMap$CounterCell
instanceKlass java/util/concurrent/locks/ReentrantLock
instanceKlass java/util/concurrent/locks/Lock
instanceKlass java/lang/Runtime
instanceKlass java/util/concurrent/ConcurrentMap
instanceKlass java/util/AbstractMap
instanceKlass java/security/cert/Certificate
instanceKlass jdk/internal/reflect/ReflectionFactory$GetReflectionFactoryAction
instanceKlass java/security/PrivilegedAction
instanceKlass java/util/Objects
instanceKlass java/util/AbstractCollection
instanceKlass java/util/Set
instanceKlass java/util/Collection
instanceKlass java/lang/Iterable
instanceKlass java/security/AccessController
instanceKlass java/lang/String$CaseInsensitiveComparator
instanceKlass java/util/Comparator
instanceKlass java/io/ObjectStreamField
instanceKlass java/util/Iterator
instanceKlass java/lang/Number
instanceKlass java/lang/Character
instanceKlass java/lang/Boolean
instanceKlass java/util/concurrent/locks/AbstractOwnableSynchronizer
instanceKlass java/lang/LiveStackFrame
instanceKlass java/lang/StackFrameInfo
instanceKlass java/lang/StackWalker$StackFrame
instanceKlass java/lang/StackStreamFactory$AbstractStackWalker
instanceKlass java/lang/StackWalker
instanceKlass java/nio/Buffer
instanceKlass java/lang/StackTraceElement
instanceKlass java/security/CodeSource
instanceKlass jdk/internal/loader/ClassLoaders
instanceKlass java/util/jar/Manifest
instanceKlass java/net/URL
instanceKlass java/io/InputStream
instanceKlass java/io/Closeable
instanceKlass java/lang/AutoCloseable
instanceKlass jdk/internal/module/Modules
instanceKlass jdk/internal/misc/Unsafe
instanceKlass java/lang/AbstractStringBuilder
instanceKlass java/lang/Appendable
instanceKlass java/lang/AssertionStatusDirectives
instanceKlass java/lang/invoke/MethodHandleNatives$CallSiteContext
instanceKlass java/lang/invoke/CallSite
instanceKlass java/lang/invoke/MethodType
instanceKlass java/lang/invoke/LambdaForm
instanceKlass java/lang/invoke/MethodHandleNatives
instanceKlass java/lang/invoke/ResolvedMethodName
instanceKlass java/lang/invoke/MemberName
instanceKlass java/lang/invoke/VarHandle
instanceKlass java/lang/invoke/MethodHandle
instanceKlass jdk/internal/reflect/CallerSensitive
instanceKlass java/lang/annotation/Annotation
instanceKlass jdk/internal/reflect/FieldAccessor
instanceKlass jdk/internal/reflect/ConstantPool
instanceKlass jdk/internal/reflect/ConstructorAccessor
instanceKlass jdk/internal/reflect/MethodAccessor
instanceKlass jdk/internal/reflect/MagicAccessorImpl
instanceKlass java/lang/reflect/Parameter
instanceKlass java/lang/reflect/Member
instanceKlass java/lang/reflect/AccessibleObject
instanceKlass java/lang/Module
instanceKlass java/util/Map
instanceKlass java/util/Dictionary
instanceKlass java/lang/ThreadGroup
instanceKlass java/lang/Thread$UncaughtExceptionHandler
instanceKlass java/lang/Thread
instanceKlass java/lang/Runnable
instanceKlass java/lang/ref/Reference
instanceKlass java/security/AccessControlContext
instanceKlass java/security/ProtectionDomain
instanceKlass java/lang/SecurityManager
instanceKlass java/lang/Throwable
instanceKlass java/lang/System
instanceKlass java/lang/ClassLoader
instanceKlass java/lang/Cloneable
instanceKlass java/lang/Class
instanceKlass java/lang/reflect/Type
instanceKlass java/lang/reflect/GenericDeclaration
instanceKlass java/lang/reflect/AnnotatedElement
instanceKlass java/lang/String
instanceKlass java/lang/CharSequence
instanceKlass java/lang/Comparable
instanceKlass java/io/Serializable
ciInstanceKlass java/lang/Object 1 1 92 7 10 10 10 10 8 10 10 10 10 100 8 10 3 8 10 7 1 1 1 1 1 1 1 1 1 1 1 1 1 1 1 1 1 1 1 1 1 1 1 7 1 1 1 1 1 7 1 1 1 1 1 1 1 7 1 1 1 1 1 1 1 1 12 12 7 12 12 1 12 7 12 12 12 1 1 12 1 12 1 1 1 1 1 1 1 1 1 1 1 1
ciInstanceKlass java/lang/Cloneable 1 0 7 100 100 1 1 1 1
ciInstanceKlass java/io/Serializable 1 0 7 100 100 1 1 1 1
ciMethod java/util/Iterator next ()Ljava/lang/Object; 0 0 1 0 -1
ciMethod java/util/Iterator hasNext ()Z 0 0 1 0 -1
instanceKlass java/lang/ref/PhantomReference
instanceKlass java/lang/ref/FinalReference
instanceKlass java/lang/ref/WeakReference
instanceKlass java/lang/ref/SoftReference
ciInstanceKlass java/lang/ref/Reference 1 1 159 10 9 10 9 9 7 10 10 9 9 10 10 10 9 9 100 10 10 10 7 10 10 10 7 8 10 7 10 10 10 7 10 10 7 1 1 1 1 1 1 1 1 1 1 1 1 1 1 1 1 1 1 1 1 1 1 1 1 1 1 1 1 1 1 1 1 1 1 100 1 1 100 1 1 1 1 1 1 1 1 1 1 1 1 1 1 7 1 1 1 1 1 1 1 1 1 7 1 1 1 1 12 12 12 12 12 1 12 12 12 12 12 12 12 12 12 1 12 12 1 12 12 12 1 1 12 1 12 12 12 1 7 12 1 1 1 1 1 1 1 1 1 1 1 1 1 1 1 1 1 1 1 1 1 1 1 1 1
staticfield java/lang/ref/Reference processPendingLock Ljava/lang/Object; java/lang/Object
instanceKlass sun/awt/SoftCache$ValueCell
instanceKlass com/formdev/flatlaf/util/SoftCache$CacheReference
instanceKlass sun/font/FontDesignMetrics$KeyReference
instanceKlass sun/font/StrikeCache$SoftDisposerRef
instanceKlass java/util/ResourceBundle$BundleReference
instanceKlass sun/util/locale/provider/LocaleResources$ResourceReference
instanceKlass sun/util/resources/Bundles$BundleReference
instanceKlass sun/security/util/MemoryCache$SoftCacheEntry
instanceKlass sun/util/locale/LocaleObjectCache$CacheEntry
instanceKlass jdk/internal/ref/SoftCleanable
instanceKlass java/lang/invoke/LambdaFormEditor$Transform
ciInstanceKlass java/lang/ref/SoftReference 1 1 47 10 9 9 10 10 7 7 1 1 1 1 1 1 1 1 1 1 1 1 1 1 1 1 1 1 1 1 1 1 1 1 1 1 100 1 1 1 1 12 12 12 12 12 1 1 1
instanceKlass sun/java2d/ReentrantContextProvider$HardReference
instanceKlass javax/swing/text/DefaultStyledDocument$AbstractChangeHandler$DocReference
instanceKlass sun/awt/image/ImageWatched$AccWeakReference
instanceKlass javax/swing/text/GapContent$MarkData
instanceKlass com/sun/jna/Memory$LinkedReference
instanceKlass sun/nio/ch/FileLockTable$FileLockReference
instanceKlass com/sun/jmx/mbeanserver/WeakIdentityHashMap$IdentityWeakReference
instanceKlass com/sun/jna/CallbackReference
instanceKlass com/google/common/cache/LocalCache$WeakEntry
instanceKlass okhttp3/internal/connection/Transmitter$TransmitterReference
instanceKlass java/util/concurrent/ForkJoinTask$ExceptionNode
instanceKlass sun/awt/WeakIdentityHashMap$WeakKey
instanceKlass javax/swing/plaf/metal/MetalLookAndFeel$AATextListener
instanceKlass java/util/ResourceBundle$KeyElementReference
instanceKlass java/util/logging/LogManager$LoggerWeakRef
instanceKlass java/util/logging/Level$KnownLevel
instanceKlass java/lang/ClassValue$Entry
instanceKlass com/intellij/rt/debugger/agent/CaptureStorage$ConcurrentIdentityWeakHashMap$WeakKey
instanceKlass java/lang/WeakPairMap$WeakRefPeer
instanceKlass java/lang/ThreadLocal$ThreadLocalMap$Entry
instanceKlass jdk/internal/ref/WeakCleanable
instanceKlass java/lang/invoke/MethodType$ConcurrentWeakInternSet$WeakEntry
instanceKlass java/util/WeakHashMap$Entry
ciInstanceKlass java/lang/ref/WeakReference 1 1 31 10 10 100 7 1 1 1 1 1 1 1 1 1 1 1 1 1 1 1 1 1 1 1 1 1 1 12 12 1 1
instanceKlass java/lang/StackStreamFactory$StackFrameTraverser
ciInstanceKlass java/lang/StackStreamFactory$AbstractStackWalker 1 1 306 7 100 3 10 10 10 9 10 9 9 9 9 9 10 10 9 10 10 9 9 100 10 8 10 10 8 10 10 100 8 10 8 10 9 10 9 8 5 0 8 8 9 10 10 10 9 10 10 10 10 10 10 8 10 10 10 10 8 7 10 10 10 10 10 10 9 8 10 10 10 10 10 10 10 10 10 10 8 7 1 1 1 1 1 1 1 1 1 1 7 1 1 1 1 1 1 1 1 1 1 1 1 1 1 1 1 1 1 1 1 1 1 1 1 1 1 1 1 1 1 1 1 1 7 1 1 1 1 1 1 100 1 1 1 1 1 1 1 100 1 1 1 1 1 1 1 1 1 1 1 1 1 1 1 1 1 1 1 1 1 1 1 1 1 12 12 7 12 12 12 12 12 12 12 7 12 7 12 12 12 12 12 12 100 12 1 1 12 12 1 12 100 12 1 1 12 1 12 7 12 12 12 1 1 1 12 12 12 12 12 12 12 12 12 12 12 1 12 12 12 12 1 1 12 12 12 12 12 7 12 12 1 12 12 12 12 12 12 12 12 12 12 1 1 1 1 1 1 1 1 1 1 1 1 1 1 1 1 1 1 1 1 1 1 1 1 1 1 1 1 1 1 1 1 1 1 1 1 1 1 1 1 1 1 1 1 1 1 1 1 1 1 1 1 1 1 1 1 1 1 1 1 1 1 1
ciInstanceKlass java/util/List 1 1 212 10 11 11 11 11 11 11 10 7 7 10 100 10 10 7 10 10 7 7 10 10 7 100 1 1 1 1 1 1 1 1 1 1 1 1 1 1 1 1 1 1 1 1 1 1 1 1 1 1 1 1 1 1 1 1 1 1 1 1 1 1 1 1 1 1 7 1 1 1 1 1 1 1 1 1 1 1 100 100 1 1 1 1 1 1 1 1 1 1 1 1 1 1 1 1 1 1 1 1 1 1 1 1 1 1 1 1 1 1 1 1 1 1 1 1 1 1 1 1 1 1 1 1 1 1 1 1 1 1 1 1 1 1 1 1 1 1 1 1 1 1 1 1 1 1 1 1 1 1 1 1 1 1 1 1 100 12 12 12 12 100 12 12 12 7 12 1 100 1 1 1 12 1 100 12 7 12 1 1 12 12 1 1 1 12 12 1 1 1 1 1 1 1 1 1 1 1 1 1 1 1 1 1 1 1 1 1 1 1 1 1
ciMethod java/util/List iterator ()Ljava/util/Iterator; 0 0 1 0 -1
instanceKlass com/google/common/io/BaseEncoding$StandardBaseEncoding$2
instanceKlass javax/sound/sampled/AudioInputStream
instanceKlass sun/security/ssl/SSLSocketImpl$AppInputStream
instanceKlass okio/RealBufferedSource$1
instanceKlass com/sun/imageio/plugins/common/InputStreamAdapter
instanceKlass java/io/SequenceInputStream
instanceKlass java/io/ObjectInputStream
instanceKlass okio/Buffer$2
instanceKlass com/sun/org/apache/xerces/internal/impl/XMLEntityManager$RewindableInputStream
instanceKlass java/util/jar/JarVerifier$VerifierStream
instanceKlass java/util/zip/ZipFile$ZipFileInputStream
instanceKlass sun/nio/ch/ChannelInputStream
instanceKlass java/io/FilterInputStream
instanceKlass java/io/FileInputStream
instanceKlass java/io/ByteArrayInputStream
ciInstanceKlass java/io/InputStream 1 1 170 100 10 100 10 10 10 10 100 3 10 100 8 10 7 10 3 100 8 10 7 10 11 10 11 11 11 7 10 5 0 10 8 10 8 10 10 7 100 1 1 1 1 3 1 3 1 1 1 1 1 1 1 1 1 1 1 1 1 1 1 1 1 1 1 1 1 1 1 1 1 1 1 1 1 1 1 1 1 1 1 1 1 1 7 7 1 1 1 1 1 1 1 1 1 1 1 1 1 1 1 1 1 1 1 1 1 1 1 1 12 1 12 7 12 12 1 12 1 1 12 1 7 12 1 1 1 12 100 12 12 12 12 7 12 12 1 12 7 12 1 1 1 1 1 1 1 1 1 1 1 1 1 1 1 1 1 1 1 1 1 1 1 1 1 1 1 1 1 1
instanceKlass java/lang/invoke/DelegatingMethodHandle
instanceKlass java/lang/invoke/BoundMethodHandle
instanceKlass java/lang/invoke/DirectMethodHandle
ciInstanceKlass java/lang/invoke/MethodHandle 1 1 489 9 10 10 7 7 10 9 10 10 10 10 10 10 11 10 10 10 9 10 100 100 10 8 10 10 8 10 10 10 10 10 10 10 10 10 10 7 10 10 10 8 10 8 10 10 10 10 8 10 8 10 8 10 9 100 10 9 9 8 10 10 10 10 10 10 10 10 10 10 10 8 10 8 10 10 10 10 10 9 8 10 10 8 10 10 10 10 10 100 8 10 10 9 10 7 10 10 9 10 10 8 9 9 9 10 10 10 10 7 10 8 10 100 1 1 1 1 1 1 1 1 1 1 1 1 1 1 1 1 1 1 1 1 1 1 1 1 7 1 1 1 1 1 1 1 1 1 1 1 1 1 1 1 1 1 1 1 1 1 1 1 1 1 1 1 1 1 1 1 1 1 1 1 1 1 1 1 1 1 1 1 1 1 1 1 1 1 1 1 1 1 1 1 1 1 1 1 1 1 1 1 1 1 7 1 1 1 1 1 1 1 1 1 1 1 1 1 1 1 1 1 1 1 1 1 1 1 1 1 1 1 1 1 100 1 1 1 1 1 1 1 1 1 1 1 1 1 7 1 1 1 1 1 1 1 1 1 1 1 1 1 1 1 1 1 1 1 1 1 1 12 12 7 12 1 1 12 12 12 12 12 7 12 12 12 100 12 12 12 12 12 12 1 1 1 12 12 1 12 12 7 12 12 12 12 12 12 12 7 12 1 12 12 12 1 7 12 1 12 12 12 12 1 12 1 12 1 100 12 12 1 100 12 100 1 12 12 12 12 12 12 12 12 12 12 12 1 12 1 12 12 12 12 12 12 1 12 12 1 12 12 7 12 12 1 1 12 12 12 1 100 12 12 12 12 12 1 12 12 12 7 12 12 12 12 1 12 12 1 1 1 1 1 1 1 1 1 1 1 1 1 1 1 1 1 1 1 1 1 1 1 1 1 1 1 1 1 1 1 1 1 1 1 1 1 1 1 1 1 1 1 1 1 1 1 1 1 1 1 1 1 1 1 1 1 1 1 1 1 1 1 1 1 1 1 1 1 1 1 1 1 1 1 1 1 1 1 1 1 1 1 1 1 1 1 1 1 1 1 1 1 1 1 1 1 1 1 1
staticfield java/lang/invoke/MethodHandle FORM_OFFSET J 20
staticfield java/lang/invoke/MethodHandle $assertionsDisabled Z 1
instanceKlass java/lang/invoke/DirectMethodHandle$Special
instanceKlass java/lang/invoke/DirectMethodHandle$Interface
instanceKlass java/lang/invoke/DirectMethodHandle$Constructor
instanceKlass java/lang/invoke/DirectMethodHandle$Accessor
ciInstanceKlass java/lang/invoke/DirectMethodHandle 1 1 922 7 7 100 7 7 10 10 100 10 10 10 10 10 10 7 7 10 10 10 10 10 10 9 100 10 9 10 10 10 10 10 10 7 10 10 10 8 10 7 10 7 10 10 10 10 10 10 100 10 10 7 10 10 10 10 8 10 10 10 10 10 9 7 10 10 10 100 10 8 10 10 10 10 10 10 10 10 10 10 10 10 10 10 10 10 10 10 10 8 9 8 9 9 8 9 9 8 9 9 8 10 10 7 9 7 10 100 10 10 10 10 7 10 10 10 7 10 10 10 10 10 9 10 9 9 10 10 7 7 7 9 10 10 10 10 9 10 100 10 100 10 10 8 9 9 10 9 10 9 9 10 10 10 10 10 10 10 9 10 10 10 10 10 9 10 9 9 9 9 9 9 9 9 9 9 9 9 9 9 9 9 9 9 9 9 9 9 9 9 9 9 9 9 9 9 9 9 9 9 9 9 9 8 9 9 10 100 10 9 10 7 9 10 10 10 10 10 8 8 8 8 10 9 10 7 10 8 9 10 8 8 8 9 8 8 8 8 8 8 7 8 10 10 8 8 10 10 10 10 7 7 1 1 1 1 1 1 1 100 1 1 1 1 7 1 1 1 1 1 3 1 3 1 3 1 3 1 3 1 3 1 3 1 1 3 1 1 3 1 3 1 1 1 1 1 1 1 1 1 1 1 1 1 1 3 1 3 1 1 1 1 3 1 1 1 1 1 1 1 1 1 1 1 1 1 1 1 1 1 1 1 1 7 1 1 1 1 1 1 1 1 1 1 1 1 1 1 1 1 1 1 1 1 1 1 1 1 1 1 1 1 1 1 1 1 1 1 1 1 1 1 1 1 1 1 1 7 1 1 1 1 1 1 1 1 1 1 1 1 1 1 1 1 1 1 1 1 1 1 1 100 1 1 1 1 1 1 1 1 1 1 1 1 1 1 1 1 1 1 1 1 1 1 1 1 1 1 1 1 1 100 1 1 1 1 1 1 1 1 1 1 1 1 1 1 1 1 1 1 1 1 1 1 1 1 1 1 1 1 1 1 1 1 1 1 1 1 1 1 1 1 1 1 1 1 1 1 1 1 1 1 1 1 1 1 1 1 1 1 1 1 1 1 1 7 1 1 1 1 12 12 1 12 12 12 12 12 12 1 1 12 12 12 12 12 12 12 1 12 12 12 12 12 12 12 1 12 12 12 1 12 1 12 1 12 12 12 12 12 1 12 12 1 12 12 12 12 12 12 12 12 12 7 12 1 12 7 12 12 1 1 12 12 12 12 12 12 12 12 12 12 12 12 7 12 12 12 12 12 1 12 1 12 12 1 12 12 1 12 12 1 12 12 1 12 1 12 1 12 12 12 12 1 12 12 12 12 7 12 12 12 12 12 12 12 7 12 12 1 1 1 12 12 12 12 12 12 12 1 12 1 12 12 1 12 12 12 12 100 12 12 12 12 12 12 12 12 12 7 12 12 12 12 12 12 12 12 12 12 12 12 12 12 12 12 12 12 12 12 12 12 12 12 12 12 12 12 12 12 12 12 12 12 12 12 12 12 12 12 12 12 12 12 12 12 1 12 12 12 1 12 7 12 1 12 12 12 12 12 1 1 1 1 12 12 12 1 100 12 12 12 12 1 1 12 12 1 12 12 12 12 1 1 1 1 1 1 1 1 1 1 1 1 1 1 1 1 1 1 1 1 1 1 1 1 1 1 1 1 1 1 1 1 1 1 1 1 1 1 1 1 1 1 1 1 1 1 1 1 1 1 1 1 1 1 1 1 1 1 1 1 1 1 1 1 1 1 1 1 1 1 1 1 1 1 1 1 1 1 1 1 1 1 1 1 1 1 1 1 1 1 1 1 1 1 1 1 1 1 1 1 1 1 1 1 1 1 1 1 1 1 1 1 1 1 1 1 1 1 1 1 1 1 1 1 1 1 1 1 1 1 1 1 1 1 1 1 1 1 1 1 1 1 1 1 1 1 1 1 1 1 1 1 1 1 1 1 1 1 1 1 1 1 1 1 1 1 1 1 1 1 1 1 1 1 1 1 1 1 1 1 1 1 1 1 1 1 1 1 1 1
staticfield java/lang/invoke/DirectMethodHandle IMPL_NAMES Ljava/lang/invoke/MemberName$Factory; java/lang/invoke/MemberName$Factory
staticfield java/lang/invoke/DirectMethodHandle FT_UNCHECKED_REF I 8
staticfield java/lang/invoke/DirectMethodHandle ACCESSOR_FORMS [Ljava/lang/invoke/LambdaForm; 132 [Ljava/lang/invoke/LambdaForm;
staticfield java/lang/invoke/DirectMethodHandle ALL_WRAPPERS [Lsun/invoke/util/Wrapper; 10 [Lsun/invoke/util/Wrapper;
staticfield java/lang/invoke/DirectMethodHandle NFS [Ljava/lang/invoke/LambdaForm$NamedFunction; 12 [Ljava/lang/invoke/LambdaForm$NamedFunction;
staticfield java/lang/invoke/DirectMethodHandle OBJ_OBJ_TYPE Ljava/lang/invoke/MethodType; java/lang/invoke/MethodType
staticfield java/lang/invoke/DirectMethodHandle LONG_OBJ_TYPE Ljava/lang/invoke/MethodType; java/lang/invoke/MethodType
staticfield java/lang/invoke/DirectMethodHandle $assertionsDisabled Z 1
instanceKlass com/sun/jna/IntegerType
instanceKlass java/math/BigDecimal
instanceKlass com/google/gson/internal/LazilyParsedNumber
instanceKlass java/util/concurrent/atomic/Striped64
instanceKlass java/math/BigInteger
instanceKlass java/util/concurrent/atomic/AtomicLong
instanceKlass java/util/concurrent/atomic/AtomicInteger
instanceKlass java/lang/Long
instanceKlass java/lang/Integer
instanceKlass java/lang/Short
instanceKlass java/lang/Byte
instanceKlass java/lang/Double
instanceKlass java/lang/Float
ciInstanceKlass java/lang/Number 1 1 37 10 10 100 7 100 1 1 1 5 0 1 1 1 1 1 1 1 1 1 1 1 1 1 1 1 1 1 1 1 1 1 12 12 1 1 1
instanceKlass sun/awt/image/ImageFetcher
instanceKlass rl23
instanceKlass net/runelite/client/plugins/twitch/irc/TwitchIRCClient
instanceKlass okio/AsyncTimeout$Watchdog
instanceKlass java/util/concurrent/ForkJoinWorkerThread
instanceKlass java/awt/EventDispatchThread
instanceKlass java/util/logging/LogManager$Cleaner
instanceKlass jdk/internal/misc/InnocuousThread
instanceKlass java/lang/ref/Finalizer$FinalizerThread
instanceKlass java/lang/ref/Reference$ReferenceHandler
ciInstanceKlass java/lang/Thread 1 1 591 9 9 10 9 9 100 8 10 3 8 3 10 10 9 9 9 9 7 100 8 10 9 10 10 10 10 10 10 9 10 10 9 10 10 9 10 9 10 9 9 10 10 9 10 9 100 10 7 10 8 10 10 10 10 10 10 9 100 10 10 10 10 100 11 9 10 10 10 9 10 9 10 100 10 10 10 11 10 10 10 7 10 10 10 10 10 10 10 10 10 10 100 8 10 10 10 8 10 8 10 8 8 10 10 100 8 10 9 9 10 10 10 9 10 100 10 11 9 9 10 100 10 11 100 10 10 11 10 100 10 10 10 8 9 10 11 10 11 10 7 7 1 1 100 1 100 1 100 1 1 1 1 1 1 1 1 1 1 1 1 1 1 1 1 1 1 1 1 100 1 1 1 1 1 1 1 1 1 1 1 1 1 1 3 1 3 1 3 1 1 1 1 1 1 1 1 1 1 1 1 1 1 1 1 1 1 1 1 1 1 1 1 1 1 1 100 1 1 1 1 1 1 1 100 1 1 1 1 1 1 1 1 1 1 1 1 1 7 100 100 100 1 1 1 1 1 1 1 1 1 1 1 1 1 1 1 1 1 1 1 1 1 1 1 1 1 1 1 1 1 1 1 1 1 1 1 1 1 1 1 1 1 1 1 1 1 1 1 1 1 1 1 1 1 1 1 1 1 1 1 1 1 1 1 1 1 1 1 1 1 1 100 100 1 1 1 1 1 1 1 1 1 100 100 1 1 1 1 1 1 1 1 1 1 1 1 1 1 1 1 1 1 1 1 1 1 1 1 1 1 1 1 1 1 1 1 1 1 1 1 1 1 1 1 1 1 100 1 1 1 1 1 1 1 1 1 1 1 1 12 12 12 12 12 1 1 12 1 12 12 12 12 12 12 1 1 1 12 7 12 12 12 12 12 100 12 12 12 12 12 12 12 12 12 7 12 12 12 12 7 12 12 12 12 1 1 1 12 12 12 12 12 12 12 1 12 12 12 1 12 7 12 12 12 12 12 12 12 1 12 12 12 12 12 12 1 12 12 12 12 12 12 12 12 12 1 1 12 12 1 12 1 1 1 100 12 100 12 1 12 12 12 12 12 12 1 12 12 12 12 12 1 12 100 12 1 12 12 12 12 1 12 12 7 12 12 12 12 100 12 12 12 1 1 1 1 1 1 1 1 1 1 1 1 1 1 1 1 1 1 1 1 1 1 1 1 1 1 1 1 1 1 1 1 1 1 1 1 1 1 1 1 1 1 1 1 1 1 1 1 1 1 1 1 1 1 1 1 1 1 1 1 1 1 1 1 1 1 1 1 1 1 1 1 1 1 1 1 1 1
staticfield java/lang/Thread EMPTY_STACK_TRACE [Ljava/lang/StackTraceElement; 0 [Ljava/lang/StackTraceElement;
instanceKlass java/lang/invoke/VarHandleObjects$Array
instanceKlass java/lang/invoke/VarHandleLongs$FieldInstanceReadOnly
instanceKlass java/lang/invoke/VarHandleObjects$FieldStaticReadOnly
instanceKlass java/lang/invoke/VarHandleObjects$FieldInstanceReadOnly
instanceKlass java/lang/invoke/VarHandleInts$FieldInstanceReadOnly
ciInstanceKlass java/lang/invoke/VarHandle 1 1 298 10 9 100 10 9 10 10 10 9 10 10 9 9 10 10 10 10 10 10 10 9 100 10 9 10 10 7 7 10 10 10 9 10 9 10 10 10 100 10 9 9 10 10 10 10 10 10 10 7 10 10 9 8 10 7 10 7 100 1 1 100 1 100 1 100 1 1 1 1 1 1 1 1 1 1 1 1 1 1 1 1 1 1 1 1 1 1 1 1 1 1 100 1 1 1 1 1 1 1 1 1 1 1 1 1 1 1 1 1 1 1 1 1 1 1 1 1 1 1 1 1 1 1 1 1 1 1 1 1 1 1 1 1 1 1 1 1 1 1 1 1 1 1 100 1 1 1 1 1 1 1 1 1 100 1 1 1 1 1 1 1 100 1 1 1 100 1 1 1 1 1 1 1 1 1 1 1 1 12 12 1 12 12 12 12 12 12 12 12 12 12 12 12 12 12 100 12 12 1 12 12 12 1 1 12 100 12 12 12 12 12 12 12 12 1 7 12 12 7 12 12 12 12 12 12 12 1 7 12 12 12 1 12 1 1 1 1 1 1 1 1 1 1 1 1 1 1 1 1 1 1 1 1 1 1 1 1 1 1 1 1 1 1 1 1 1 1 1 1 1 1 1 1 1 1 1 1 1 1 1 1 1 1 1 1 1 1 1 1 1 1 1 1 1 1 1 1
staticfield java/lang/invoke/VarHandle AIOOBE_SUPPLIER Ljava/util/function/BiFunction; jdk/internal/util/Preconditions$1
staticfield java/lang/invoke/VarHandle VFORM_OFFSET J 12
staticfield java/lang/invoke/VarHandle $assertionsDisabled Z 1
instanceKlass java/nio/DoubleBuffer
instanceKlass java/nio/FloatBuffer
instanceKlass java/nio/ShortBuffer
instanceKlass java/nio/CharBuffer
instanceKlass java/nio/IntBuffer
instanceKlass java/nio/LongBuffer
instanceKlass java/nio/ByteBuffer
ciInstanceKlass java/nio/Buffer 1 1 195 100 10 9 9 10 9 10 10 100 100 10 8 10 10 8 8 10 10 8 9 100 8 10 8 8 9 10 8 8 8 10 8 8 8 100 10 100 10 100 10 100 10 7 10 10 9 7 10 10 7 1 1 1 1 1 1 3 1 1 1 1 1 1 1 1 1 1 1 1 1 1 1 1 1 1 1 1 1 1 1 1 1 1 1 1 1 100 1 1 1 1 1 1 1 1 1 1 1 1 1 1 1 1 1 1 1 1 1 1 1 1 1 1 1 1 1 1 1 1 1 1 1 1 1 1 1 1 1 1 1 1 1 12 12 12 12 12 12 12 1 1 1 12 12 1 1 12 12 1 12 1 1 12 1 1 12 12 1 1 1 12 1 1 1 1 1 1 1 1 7 12 7 12 12 1 7 12 1 1 1 1 1 1 1 1 1 1 1 1 1 1 1 1 1
staticfield java/nio/Buffer UNSAFE Ljdk/internal/misc/Unsafe; jdk/internal/misc/Unsafe
staticfield java/nio/Buffer $assertionsDisabled Z 1
instanceKlass jdk/internal/reflect/FieldAccessorImpl
instanceKlass jdk/internal/reflect/ConstructorAccessorImpl
instanceKlass jdk/internal/reflect/MethodAccessorImpl
ciInstanceKlass jdk/internal/reflect/MagicAccessorImpl 1 1 16 10 100 7 1 1 1 1 1 1 1 1 1 12 1 1
instanceKlass jdk/internal/reflect/GeneratedMethodAccessor17
instanceKlass jdk/internal/reflect/GeneratedMethodAccessor16
instanceKlass jdk/internal/reflect/GeneratedMethodAccessor15
instanceKlass jdk/internal/reflect/GeneratedMethodAccessor14
instanceKlass jdk/internal/reflect/GeneratedMethodAccessor13
instanceKlass jdk/internal/reflect/GeneratedMethodAccessor12
instanceKlass jdk/internal/reflect/GeneratedMethodAccessor11
instanceKlass jdk/internal/reflect/GeneratedMethodAccessor10
instanceKlass jdk/internal/reflect/GeneratedMethodAccessor9
instanceKlass jdk/internal/reflect/GeneratedMethodAccessor8
instanceKlass jdk/internal/reflect/GeneratedMethodAccessor7
instanceKlass jdk/internal/reflect/GeneratedMethodAccessor6
instanceKlass jdk/internal/reflect/GeneratedMethodAccessor5
instanceKlass jdk/internal/reflect/GeneratedMethodAccessor4
instanceKlass jdk/internal/reflect/GeneratedMethodAccessor3
instanceKlass jdk/internal/reflect/GeneratedMethodAccessor2
instanceKlass jdk/internal/reflect/GeneratedMethodAccessor1
instanceKlass jdk/internal/reflect/DelegatingMethodAccessorImpl
instanceKlass jdk/internal/reflect/NativeMethodAccessorImpl
ciInstanceKlass jdk/internal/reflect/MethodAccessorImpl 1 1 25 10 100 7 100 1 1 1 1 1 1 1 1 1 1 100 100 1 1 12 1 1 1 1 1
instanceKlass java/lang/Exception
instanceKlass java/lang/Error
ciInstanceKlass java/lang/Throwable 1 1 407 10 9 9 9 9 9 10 9 10 10 100 7 10 8 10 8 10 10 10 100 8 10 10 10 10 8 9 10 100 10 10 100 10 10 11 10 10 10 8 10 10 7 8 8 10 10 8 8 9 10 100 10 11 8 8 10 8 10 8 100 10 9 10 10 7 9 10 10 100 8 10 10 10 10 7 10 10 11 11 11 8 8 10 10 10 9 8 7 10 10 100 8 10 11 8 9 10 11 9 11 100 10 7 10 100 1 1 1 100 1 100 1 1 1 1 5 0 1 1 1 1 1 1 1 1 1 1 1 1 1 1 1 1 1 1 1 1 1 1 1 1 1 1 1 1 1 1 1 1 1 1 1 100 1 1 1 1 1 1 1 1 1 1 1 1 1 1 1 1 1 1 1 1 1 1 1 1 1 1 100 1 1 1 1 1 1 1 1 1 1 1 1 1 1 1 1 1 1 1 1 1 1 1 1 1 1 1 1 1 1 1 100 7 100 1 7 7 1 1 1 1 1 1 1 1 1 1 1 1 1 1 1 1 1 12 12 12 12 12 12 12 12 12 12 1 1 1 12 1 100 12 12 1 1 12 7 12 12 1 100 12 12 1 12 12 1 100 12 12 12 12 12 1 12 12 1 1 1 12 12 1 1 12 100 12 1 12 1 1 12 1 12 1 1 12 12 12 7 12 12 12 100 1 1 12 12 100 12 1 100 12 12 12 12 12 1 1 100 12 1 1 12 1 1 12 1 12 100 12 12 12 12 1 12 1 1 1 1 1 1 1 1 1 1 1 1 1 1 1 1 1 1 1 1 1 1 1 1 1 1 1 1 1 1 1 1 1 1 1 1 1 1 1 1 1 1 1 1 1 1 1 1 1 1 1 1 1 1 1 1 1 1 1 1 1 7 1 12 10 1 12 10 1 1 12 10
staticfield java/lang/Throwable UNASSIGNED_STACK [Ljava/lang/StackTraceElement; 0 [Ljava/lang/StackTraceElement;
staticfield java/lang/Throwable SUPPRESSED_SENTINEL Ljava/util/List; java/util/Collections$EmptyList
staticfield java/lang/Throwable EMPTY_THROWABLE_ARRAY [Ljava/lang/Throwable; 0 [Ljava/lang/Throwable;
staticfield java/lang/Throwable $assertionsDisabled Z 1
instanceKlass com/google/common/util/concurrent/ExecutionError
instanceKlass java/util/ServiceConfigurationError
instanceKlass java/lang/AssertionError
instanceKlass java/lang/VirtualMachineError
instanceKlass java/lang/LinkageError
instanceKlass java/lang/ThreadDeath
ciInstanceKlass java/lang/Error 1 1 40 10 10 10 10 10 100 7 1 1 1 5 0 1 1 1 1 1 1 1 1 1 1 1 1 1 1 1 1 1 1 1 1 12 12 12 12 12 1 1
instanceKlass java/lang/UnsatisfiedLinkError
instanceKlass java/lang/IncompatibleClassChangeError
instanceKlass java/lang/BootstrapMethodError
instanceKlass java/lang/NoClassDefFoundError
ciInstanceKlass java/lang/LinkageError 1 1 31 10 10 10 100 7 1 1 1 5 0 1 1 1 1 1 1 1 1 1 1 1 1 1 1 1 12 12 12 1 1
instanceKlass javax/swing/text/BadLocationException
instanceKlass javax/swing/UnsupportedLookAndFeelException
instanceKlass java/beans/PropertyVetoException
instanceKlass javax/management/JMException
instanceKlass java/awt/FontFormatException
instanceKlass java/awt/datatransfer/UnsupportedFlavorException
instanceKlass org/json/JSONException
instanceKlass javax/sound/sampled/LineUnavailableException
instanceKlass javax/sound/sampled/UnsupportedAudioFileException
instanceKlass java/util/zip/DataFormatException
instanceKlass com/google/inject/internal/ErrorsException
instanceKlass java/util/concurrent/ExecutionException
instanceKlass java/awt/AWTException
instanceKlass java/text/ParseException
instanceKlass java/net/URISyntaxException
instanceKlass java/lang/CloneNotSupportedException
instanceKlass sun/security/ec/ECOperations$IntermediateValueException
instanceKlass sun/nio/fs/WindowsException
instanceKlass sun/security/pkcs11/wrapper/PKCS11Exception
instanceKlass java/util/concurrent/TimeoutException
instanceKlass ch/qos/logback/core/boolex/EvaluationException
instanceKlass ch/qos/logback/core/util/PropertySetterException
instanceKlass javax/naming/NamingException
instanceKlass ch/qos/logback/core/joran/spi/ActionException
instanceKlass org/xml/sax/SAXException
instanceKlass ch/qos/logback/core/util/DynamicClassLoadingException
instanceKlass ch/qos/logback/core/util/IncompatibleClassException
instanceKlass ch/qos/logback/core/spi/ScanException
instanceKlass ch/qos/logback/core/joran/spi/JoranException
instanceKlass net/runelite/client/util/VerificationException
instanceKlass net/runelite/client/plugins/PluginInstantiationException
instanceKlass java/security/GeneralSecurityException
instanceKlass java/security/PrivilegedActionException
instanceKlass java/io/IOException
instanceKlass java/lang/InterruptedException
instanceKlass java/lang/ReflectiveOperationException
instanceKlass java/lang/RuntimeException
ciInstanceKlass java/lang/Exception 1 1 40 10 10 10 10 10 100 7 1 1 1 5 0 1 1 1 1 1 1 1 1 1 1 1 1 1 1 1 1 1 1 1 1 12 12 12 12 12 1 1
instanceKlass java/lang/InstantiationException
instanceKlass java/lang/IllegalAccessException
instanceKlass java/lang/reflect/InvocationTargetException
instanceKlass java/lang/NoSuchFieldException
instanceKlass java/lang/NoSuchMethodException
instanceKlass java/lang/ClassNotFoundException
ciInstanceKlass java/lang/ReflectiveOperationException 1 1 34 10 10 10 10 100 7 1 1 1 5 0 1 1 1 1 1 1 1 1 1 1 1 1 1 1 1 1 12 12 12 12 1 1
instanceKlass java/util/concurrent/locks/AbstractQueuedSynchronizer
ciInstanceKlass java/util/concurrent/locks/AbstractOwnableSynchronizer 1 1 32 10 9 7 7 100 1 1 1 5 0 1 1 1 1 1 1 1 1 1 1 1 1 1 1 1 1 12 12 1 1 1
instanceKlass jdk/internal/ref/PhantomCleanable
instanceKlass jdk/internal/ref/Cleaner
ciInstanceKlass java/lang/ref/PhantomReference 1 1 30 10 100 7 1 1 1 1 1 1 1 1 1 1 1 1 1 1 1 1 1 1 1 1 1 1 1 12 1 1
instanceKlass java/util/ArrayList$ListItr
ciInstanceKlass java/util/ArrayList$Itr 1 1 103 9 10 9 9 9 9 9 10 100 10 9 100 10 100 10 10 100 10 10 11 7 7 100 1 1 1 1 1 1 1 1 1 1 1 1 1 1 1 1 1 1 1 1 1 1 1 1 1 100 1 1 1 1 1 1 1 1 1 1 1 1 1 1 1 1 1 1 1 7 12 12 12 12 12 12 12 12 1 12 1 1 12 1 100 12 12 100 12 1 1 1 1 1 1 1 1 1 1 1 1 1 1
instanceKlass jdk/internal/reflect/DelegatingClassLoader
instanceKlass java/security/SecureClassLoader
ciInstanceKlass java/lang/ClassLoader 1 1 1194 9 10 9 10 7 10 10 9 10 100 10 10 10 100 8 10 10 10 10 7 10 7 7 7 10 10 9 7 10 9 9 9 9 9 7 10 9 10 10 9 9 7 9 7 10 10 9 10 7 10 8 10 10 10 7 10 10 8 10 10 10 10 10 10 10 10 7 10 10 10 10 10 10 10 10 10 10 10 10 10 10 10 100 10 100 10 10 10 10 10 100 8 10 8 10 10 100 8 10 10 10 10 10 10 10 10 10 10 10 10 10 10 10 10 10 10 10 10 10 10 10 10 8 11 9 11 10 8 8 10 100 10 10 10 10 10 10 10 10 10 7 10 10 10 7 10 100 18 10 10 10 7 10 10 10 100 10 10 10 10 8 100 10 10 9 10 10 100 8 10 10 8 8 10 10 7 10 10 100 100 10 100 100 10 10 8 10 9 8 9 10 10 10 10 9 10 10 10 10 10 8 10 7 18 10 10 10 10 8 10 10 18 11 100 10 10 10 11 10 18 10 11 18 11 10 10 9 7 10 10 8 10 8 10 7 10 10 100 8 10 10 10 8 8 10 10 10 8 8 10 10 10 7 10 10 10 10 10 11 11 11 11 11 7 10 9 9 9 10 10 100 10 100 10 10 10 9 9 9 9 9 9 8 10 10 10 10 10 11 10 100 10 10 10 7 7 10 1 1 7 1 1 1 1 1 1 1 1 1 1 1 1 1 1 1 1 1 1 1 1 1 1 1 1 1 1 1 1 1 1 1 1 1 1 1 1 1 1 1 1 1 1 1 1 1 1 1 1 1 1 1 1 1 1 1 1 1 1 1 1 1 1 1 1 1 1 1 1 1 1 100 1 1 1 1 100 1 1 1 1 1 1 1 1 1 1 1 1 1 1 1 1 1 100 1 1 1 1 1 1 1 1 1 1 1 1 1 1 1 1 100 1 1 1 1 1 1 1 1 1 1 1 1 100 1 1 1 1 1 1 1 1 1 1 1 1 1 1 1 1 1 1 1 1 1 1 1 1 1 1 1 1 1 1 1 1 1 1 1 1 1 7 1 1 1 1 1 1 1 1 1 1 1 1 1 1 1 1 1 1 1 1 1 1 1 7 1 1 1 1 1 100 1 1 1 1 1 1 1 1 1 1 1 1 1 1 1 1 1 1 1 1 1 100 1 1 1 1 1 1 1 1 1 1 1 1 1 1 1 1 1 1 1 1 1 1 1 1 1 1 1 1 1 1 1 1 1 1 1 1 1 1 1 1 1 1 1 1 1 1 1 1 1 1 1 1 1 1 1 1 1 1 1 1 1 1 1 100 1 1 1 1 1 1 1 1 1 1 1 1 1 1 1 1 1 1 1 1 1 100 100 1 1 1 1 1 1 1 1 1 1 1 1 1 1 1 1 1 1 1 1 1 1 1 7 1 1 1 1 1 1 1 1 1 1 1 1 1 1 1 1 100 1 1 1 1 1 1 1 1 1 1 1 1 1 1 1 1 1 1 1 1 1 1 1 1 1 1 1 1 1 100 12 12 12 12 1 12 12 12 12 1 12 12 12 1 1 12 7 12 12 1 1 1 12 12 12 1 12 12 12 12 12 1 12 12 12 12 12 12 1 12 1 12 12 12 1 1 12 12 1 12 7 12 1 12 12 12 12 12 12 12 12 1 12 7 12 12 12 12 12 12 12 12 12 100 12 12 12 12 1 12 1 12 7 12 12 12 1 1 1 12 12 1 1 12 12 12 12 12 12 12 12 12 12 12 12 7 12 12 12 12 12 12 12 12 12 12 1 12 12 12 1 1 12 1 12 12 12 12 12 7 12 12 7 1 12 12 1 12 1 1 15 16 15 16 12 100 12 100 12 7 12 1 12 12 12 1 12 12 7 12 12 1 1 12 12 7 12 12 1 1 12 1 1 12 12 1 12 100 12 1 1 12 1 1 12 12 1 12 12 1 12 12 12 12 12 100 12 12 12 12 12 12 1 12 1 16 15 16 12 12 12 12 12 1 12 12 16 15 16 12 12 1 12 12 12 15 12 7 12 16 15 16 12 12 12 12 12 1 12 12 1 12 1 12 1 12 1 1 12 12 1 1 12 12 100 12 1 1 100 12 12 1 12 12 12 12 12 12 12 12 1 12 12 12 12 12 12 1 1 12 12 12 12 12 12 12 12 12 12 7 12 12 12 12 12 100 12 1 12 12 12 1 1 1 1 1 1 1 1 1 1 1 1 1 1 1 1 1 1 1 1 1 1 1 1 1 1 1 1 1 1 1 1 1 1 1 1 1 1 1 1 1 1 1 1 1 1 1 1 1 1 1 1 1 1 1 1 1 1 1 1 1 1 1 1 1 1 1 1 1 1 1 1 1 1 1 1 1 1 1 1 1 1 1 1 1 1 1 1 1 1 1 1 1 1 1 1 10 1 10 1 1 1 1 1 1 1 1 1 1 1 1 1 1 1 1 1 1 1 1 1 1 1 1 1 1 1 1 1 1 1 1 1 1 1 1 1 1 1 1 1 1 1 1 10 1 1 1 1 1 1 1 1 10 1 1 1 1 1 10 1 1 1 10 1 1 1 1 1 1 1 1 1 1 1 1 1 1 1 1 1 1 1 1 1 1 1 1 1 1 1 1 1 1 1 1 1 1 1 1 1 1 1 1 1 1 7 12 12 12 12 12 12 1 1 100 1 1 100 1 1
staticfield java/lang/ClassLoader nocerts [Ljava/security/cert/Certificate; 0 [Ljava/security/cert/Certificate;
staticfield java/lang/ClassLoader loadedLibraryNames Ljava/util/Set; java/util/HashSet
staticfield java/lang/ClassLoader $assertionsDisabled Z 1
instanceKlass sun/reflect/misc/MethodUtil
instanceKlass java/net/URLClassLoader
instanceKlass jdk/internal/loader/BuiltinClassLoader
ciInstanceKlass java/security/SecureClassLoader 1 1 127 10 7 10 9 10 10 9 10 10 10 10 10 10 7 10 7 10 7 10 11 7 100 8 10 10 7 7 1 1 7 1 1 1 1 1 1 1 1 1 1 1 1 1 1 1 1 1 1 1 100 1 1 1 1 100 1 1 1 1 1 1 1 1 1 1 1 1 1 1 1 1 1 1 1 1 1 1 1 1 1 12 1 12 12 7 12 12 12 12 12 12 12 12 12 1 1 12 1 12 7 12 1 1 1 12 12 1 1 1 1 1 1 1 1 1 1 1 1 1 1 1 1 1 1 1 1
instanceKlass jdk/internal/loader/ClassLoaders$BootClassLoader
instanceKlass jdk/internal/loader/ClassLoaders$PlatformClassLoader
instanceKlass jdk/internal/loader/ClassLoaders$AppClassLoader
ciInstanceKlass jdk/internal/loader/BuiltinClassLoader 1 1 717 10 10 9 9 7 10 9 9 10 10 11 100 100 10 10 8 10 10 7 10 10 11 11 11 7 9 8 8 10 10 9 11 7 10 10 10 10 10 10 10 11 10 7 10 10 10 100 8 10 10 8 10 10 11 11 100 7 10 11 11 10 7 10 10 7 7 10 7 7 10 10 100 10 11 100 100 10 10 100 100 10 10 18 10 10 18 100 10 7 10 10 10 10 10 9 100 10 10 10 10 10 10 10 10 10 10 18 7 10 10 10 10 100 10 7 10 10 10 11 7 10 7 100 10 10 11 10 10 10 10 10 10 10 10 8 10 10 10 100 8 8 10 10 8 8 10 11 9 10 9 9 9 9 9 9 10 8 10 7 10 10 7 7 10 11 10 10 10 100 10 10 10 7 10 10 8 10 7 100 1 1 1 1 1 1 1 1 1 1 1 1 1 1 1 1 1 1 1 1 1 1 1 1 1 1 1 1 1 7 7 1 1 1 1 1 1 1 1 1 1 1 7 1 1 1 1 1 1 1 1 1 1 1 1 1 1 1 1 1 1 1 1 1 1 1 1 1 1 1 1 1 1 1 1 1 1 1 100 1 1 1 1 1 1 1 1 1 1 1 1 1 1 1 1 1 1 1 1 1 1 1 100 100 1 1 1 1 1 1 1 1 1 1 1 1 1 7 1 1 1 1 1 1 1 1 1 1 1 1 1 1 1 1 1 1 1 1 1 1 1 1 1 1 7 1 1 1 1 1 1 1 1 1 1 1 1 7 7 1 1 1 1 1 1 1 1 1 1 1 1 1 1 1 1 1 7 1 1 1 1 1 1 1 1 1 1 7 12 12 12 12 1 12 12 12 12 12 12 1 1 12 1 12 12 1 12 12 7 12 12 12 1 12 1 1 12 7 12 12 12 1 12 12 12 7 12 12 12 12 12 7 12 1 7 12 12 1 1 12 1 12 12 12 12 1 1 12 12 1 12 12 1 1 12 1 1 12 7 12 1 12 12 1 1 12 12 1 1 12 12 1 15 16 15 16 12 12 12 15 16 1 7 12 1 12 12 12 12 12 1 12 12 12 12 12 12 12 12 12 15 16 12 1 12 12 12 12 1 12 100 1 1 12 12 12 12 1 12 1 12 12 12 12 12 12 12 12 12 12 12 1 12 12 12 1 1 1 12 1 1 7 12 7 12 7 12 12 12 12 12 12 12 12 12 1 12 1 12 12 1 1 12 12 12 12 1 12 12 1 12 12 1 12 1 1 1 1 1 1 1 1 1 1 1 1 1 1 1 1 1 1 1 1 1 1 1 1 1 1 1 1 1 1 1 1 1 1 1 1 1 1 1 1 1 1 1 1 1 1 1 1 1 1 1 1 1 1 1 1 1 1 1 1 1 1 1 1 1 1 1 1 1 1 10 10 1 1 1 1 10 1 1 1 1 1 1 1 1 1 1 1 1 1 10 1 1 1 1 1 1 1 1 1 1 1 1 1 1 1 1 1 1 1 1 1 1 1 1 1 1 1 1 1 1 1 1 1 1 1 1 1 1 1 1 1 1 1 1 1 1 1 1 1 1 1 1 1 1 1 1 1 1 1 100 12 12 12 12 1 1 100 1 1 100 1 1
staticfield jdk/internal/loader/BuiltinClassLoader packageToModule Ljava/util/Map; java/util/concurrent/ConcurrentHashMap
staticfield jdk/internal/loader/BuiltinClassLoader $assertionsDisabled Z 1
ciInstanceKlass java/util/ArrayList 1 1 500 100 10 7 9 9 100 100 10 8 10 10 10 10 9 11 9 10 7 7 10 9 10 10 10 10 100 10 3 10 3 10 10 10 10 10 100 100 10 10 10 10 10 10 10 10 7 10 10 10 100 10 11 11 11 10 10 10 100 10 10 10 10 8 8 8 8 10 10 11 100 10 10 10 10 10 10 11 10 100 8 10 7 10 7 10 10 7 10 10 11 7 10 10 11 10 10 10 10 11 10 7 100 100 100 1 1 1 1 1 1 1 1 5 0 1 1 3 1 1 1 1 1 1 1 1 1 1 1 1 1 1 1 1 1 1 1 1 1 1 1 7 1 1 1 1 1 1 1 1 1 1 1 1 1 1 1 1 1 1 1 1 1 1 1 1 1 1 1 1 1 1 1 1 1 1 1 1 1 1 1 1 1 1 1 1 1 1 1 1 1 1 1 1 1 1 1 1 1 1 1 1 1 1 1 1 1 1 1 1 1 1 1 1 1 1 7 1 1 1 1 1 1 1 1 1 1 1 1 1 1 1 1 1 1 1 1 1 1 1 1 1 1 1 1 1 1 1 1 1 1 1 1 1 1 1 1 1 1 1 1 1 1 1 1 1 1 100 1 1 1 1 100 1 1 1 1 1 1 1 1 1 1 1 1 1 1 1 1 7 1 1 1 1 1 1 1 1 1 1 1 1 1 1 1 1 1 1 1 1 1 1 100 1 1 1 1 1 1 1 1 1 1 1 1 1 1 1 1 1 1 1 1 1 100 100 1 12 1 12 12 1 1 1 12 12 12 12 12 12 12 12 1 7 12 12 12 12 12 7 12 1 12 12 12 12 12 12 1 1 12 7 12 7 12 12 12 12 12 12 1 12 12 12 1 12 12 12 12 12 12 1 12 12 12 1 1 1 1 12 12 12 1 100 12 12 12 100 12 12 100 12 100 12 12 1 1 1 12 1 12 12 1 12 12 12 1 12 12 7 12 12 12 12 12 100 12 12 1 1 1 1 1 1 1 1 1 1 1 1 1 1 1 1 1 1 1 1 1 1 1 1 1 1 1 1 1 1 1 1 1 1 1 1 1 1 1 1 1 1 1 1 1 1 1 1 1 1 1 1 1 1 1 1 1 1 1 1 1 1
staticfield java/util/ArrayList EMPTY_ELEMENTDATA [Ljava/lang/Object; 0 [Ljava/lang/Object;
staticfield java/util/ArrayList DEFAULTCAPACITY_EMPTY_ELEMENTDATA [Ljava/lang/Object; 0 [Ljava/lang/Object;
instanceKlass java/nio/BufferUnderflowException
instanceKlass java/nio/BufferOverflowException
instanceKlass java/io/UncheckedIOException
instanceKlass javax/swing/undo/CannotUndoException
instanceKlass java/lang/TypeNotPresentException
instanceKlass java/util/MissingResourceException
instanceKlass java/time/DateTimeException
instanceKlass py
instanceKlass net/runelite/client/plugins/gpu/ShaderException
instanceKlass java/lang/reflect/InaccessibleObjectException
instanceKlass aaf
instanceKlass java/util/ConcurrentModificationException
instanceKlass java/lang/reflect/UndeclaredThrowableException
instanceKlass com/google/common/cache/CacheLoader$InvalidCacheLoadException
instanceKlass com/google/common/util/concurrent/UncheckedExecutionException
instanceKlass com/google/inject/CreationException
instanceKlass com/google/inject/ProvisionException
instanceKlass com/google/inject/ConfigurationException
instanceKlass okhttp3/internal/connection/RouteException
instanceKlass net/runelite/client/rs/ClientLoader$OutageException
instanceKlass java/util/concurrent/RejectedExecutionException
instanceKlass java/util/NoSuchElementException
instanceKlass com/google/gson/JsonParseException
instanceKlass java/security/ProviderException
instanceKlass joptsimple/ValueConversionException
instanceKlass joptsimple/internal/ReflectionException
instanceKlass joptsimple/OptionException
instanceKlass java/lang/UnsupportedOperationException
instanceKlass ch/qos/logback/core/LogbackException
instanceKlass java/lang/IndexOutOfBoundsException
instanceKlass java/lang/SecurityException
instanceKlass java/lang/IllegalStateException
instanceKlass java/lang/IllegalArgumentException
instanceKlass java/lang/ArithmeticException
instanceKlass java/lang/NullPointerException
instanceKlass java/lang/IllegalMonitorStateException
instanceKlass java/lang/ArrayStoreException
instanceKlass java/lang/ClassCastException
ciInstanceKlass java/lang/RuntimeException 1 1 40 10 10 10 10 10 100 7 1 1 1 5 0 1 1 1 1 1 1 1 1 1 1 1 1 1 1 1 1 1 1 1 1 12 12 12 12 12 1 1
ciInstanceKlass java/lang/Integer 1 1 417 7 100 7 7 10 9 9 10 10 10 10 10 10 10 10 10 10 10 10 10 10 10 10 9 9 7 8 10 100 10 8 10 10 8 10 8 10 3 10 3 10 10 10 7 11 100 10 11 10 8 10 8 100 10 10 5 0 8 10 10 10 10 7 9 9 10 10 9 10 10 10 10 100 100 10 10 8 8 10 8 8 8 8 8 8 10 10 10 5 0 3 3 3 3 10 3 10 10 8 10 9 3 3 3 3 3 3 9 7 100 1 1 1 1 1 1 1 1 1 1 1 1 1 1 1 1 1 1 1 3 1 3 1 1 5 0 1 1 1 1 1 1 1 1 1 1 1 1 100 1 1 1 1 1 1 1 1 1 1 1 1 1 1 1 1 1 1 1 1 1 1 1 1 1 1 1 1 1 1 1 1 1 1 1 1 1 1 1 1 1 1 1 1 1 1 1 1 1 1 1 1 1 1 1 1 1 1 1 1 1 1 1 1 1 1 1 1 1 1 1 1 1 1 1 1 1 1 1 1 1 1 1 1 1 100 1 1 1 1 1 1 1 1 1 1 1 1 1 1 1 1 1 1 1 1 1 1 1 1 1 1 1 1 1 1 1 1 1 1 1 1 1 1 1 1 1 1 1 1 1 12 12 12 100 12 12 100 12 12 7 12 12 12 7 12 12 12 12 12 12 12 12 12 1 1 12 1 12 1 12 12 1 12 1 12 12 12 12 7 12 1 1 12 1 12 1 1 12 12 1 12 12 12 12 1 12 12 12 12 12 12 12 7 12 1 1 12 12 1 1 12 1 1 1 1 1 1 12 12 12 12 12 12 1 7 12 12 12 1 1 1 1 1 1 1 1 1 1 1 1 1 1 1 1 1 1 1 1 1 1 1 1 1 1 1 1 1 1 1 1 1 1 1 1 1 1 1 1 1 1 1 1 1 1 1 1
staticfield java/lang/Integer TYPE Ljava/lang/Class; java/lang/Class
staticfield java/lang/Integer digits [C 36
staticfield java/lang/Integer DigitTens [B 100
staticfield java/lang/Integer DigitOnes [B 100
staticfield java/lang/Integer sizeTable [I 10
instanceKlass jdk/internal/reflect/GeneratedConstructorAccessor44
instanceKlass jdk/internal/reflect/GeneratedConstructorAccessor43
instanceKlass jdk/internal/reflect/GeneratedConstructorAccessor42
instanceKlass jdk/internal/reflect/GeneratedConstructorAccessor41
instanceKlass jdk/internal/reflect/GeneratedConstructorAccessor40
instanceKlass jdk/internal/reflect/GeneratedConstructorAccessor39
instanceKlass jdk/internal/reflect/GeneratedConstructorAccessor38
instanceKlass jdk/internal/reflect/GeneratedConstructorAccessor37
instanceKlass jdk/internal/reflect/GeneratedConstructorAccessor36
instanceKlass jdk/internal/reflect/GeneratedConstructorAccessor35
instanceKlass jdk/internal/reflect/GeneratedConstructorAccessor34
instanceKlass jdk/internal/reflect/GeneratedConstructorAccessor33
instanceKlass jdk/internal/reflect/GeneratedConstructorAccessor32
instanceKlass jdk/internal/reflect/GeneratedConstructorAccessor31
instanceKlass jdk/internal/reflect/GeneratedConstructorAccessor30
instanceKlass jdk/internal/reflect/GeneratedConstructorAccessor29
instanceKlass jdk/internal/reflect/GeneratedConstructorAccessor28
instanceKlass jdk/internal/reflect/GeneratedConstructorAccessor27
instanceKlass jdk/internal/reflect/GeneratedConstructorAccessor26
instanceKlass jdk/internal/reflect/GeneratedConstructorAccessor25
instanceKlass jdk/internal/reflect/GeneratedConstructorAccessor24
instanceKlass jdk/internal/reflect/GeneratedConstructorAccessor23
instanceKlass jdk/internal/reflect/GeneratedConstructorAccessor22
instanceKlass jdk/internal/reflect/GeneratedConstructorAccessor21
instanceKlass jdk/internal/reflect/GeneratedConstructorAccessor20
instanceKlass jdk/internal/reflect/GeneratedConstructorAccessor19
instanceKlass jdk/internal/reflect/GeneratedConstructorAccessor18
instanceKlass jdk/internal/reflect/GeneratedConstructorAccessor17
instanceKlass jdk/internal/reflect/GeneratedConstructorAccessor16
instanceKlass jdk/internal/reflect/GeneratedConstructorAccessor15
instanceKlass jdk/internal/reflect/GeneratedConstructorAccessor14
instanceKlass jdk/internal/reflect/GeneratedConstructorAccessor13
instanceKlass jdk/internal/reflect/GeneratedConstructorAccessor12
instanceKlass jdk/internal/reflect/GeneratedConstructorAccessor11
instanceKlass jdk/internal/reflect/GeneratedConstructorAccessor10
instanceKlass jdk/internal/reflect/GeneratedConstructorAccessor9
instanceKlass jdk/internal/reflect/GeneratedConstructorAccessor8
instanceKlass jdk/internal/reflect/GeneratedConstructorAccessor7
instanceKlass jdk/internal/reflect/GeneratedConstructorAccessor6
instanceKlass jdk/internal/reflect/GeneratedConstructorAccessor5
instanceKlass jdk/internal/reflect/GeneratedConstructorAccessor4
instanceKlass jdk/internal/reflect/GeneratedConstructorAccessor3
instanceKlass jdk/internal/reflect/GeneratedConstructorAccessor2
instanceKlass jdk/internal/reflect/BootstrapConstructorAccessorImpl
instanceKlass jdk/internal/reflect/GeneratedConstructorAccessor1
instanceKlass jdk/internal/reflect/DelegatingConstructorAccessorImpl
instanceKlass jdk/internal/reflect/NativeConstructorAccessorImpl
ciInstanceKlass jdk/internal/reflect/ConstructorAccessorImpl 1 1 27 10 100 7 100 1 1 1 1 1 1 1 1 1 1 100 100 100 1 1 12 1 1 1 1 1 1
instanceKlass com/google/common/reflect/Element
instanceKlass java/lang/reflect/Executable
instanceKlass java/lang/reflect/Field
ciInstanceKlass java/lang/reflect/AccessibleObject 1 1 405 10 9 10 10 10 10 7 10 10 9 100 10 11 7 100 10 7 100 10 10 7 10 10 7 10 7 10 10 10 10 10 10 10 10 10 10 8 100 10 10 8 10 10 8 8 8 8 8 8 100 10 10 9 10 10 10 18 10 10 10 11 100 100 8 10 10 10 8 10 8 10 10 100 8 10 11 10 10 10 10 10 9 100 10 10 9 10 8 10 8 10 9 100 10 7 10 10 7 9 7 7 1 1 1 1 1 1 1 1 1 1 1 1 1 1 1 1 100 1 1 1 1 1 1 1 1 1 1 1 1 1 1 1 1 1 1 1 1 1 1 1 1 1 1 1 1 1 1 1 1 1 1 1 1 1 1 1 7 100 1 1 1 1 1 1 1 1 1 1 1 1 1 1 1 1 1 1 1 1 1 1 1 1 1 1 1 1 1 1 1 1 1 1 1 1 1 1 1 1 1 1 1 1 100 1 1 1 1 1 1 1 1 1 1 1 1 1 1 1 1 1 7 12 100 12 12 12 7 12 7 12 12 12 12 1 12 12 1 1 12 1 1 12 12 1 12 12 1 12 1 7 12 12 12 12 12 12 12 12 1 1 12 1 12 12 1 1 1 1 1 1 1 12 12 12 12 12 7 12 1 15 16 15 16 12 12 12 1 1 1 12 12 1 12 1 12 1 1 12 12 12 12 12 12 12 12 12 12 100 12 1 100 12 1 12 12 1 1 1 1 7 12 1 12 1 1 1 1 1 1 1 1 1 1 1 1 1 1 1 1 1 1 1 1 1 1 1 1 1 1 1 1 1 1 1 1 1 1 1 1 1 1 1 1 1 1 1 1 1 1 1 10 10 1 1 1 1 1 1 1 1 1 1 1 1 1 1 1 1 1 1 1 1 7 12 12 1 1 100 1 1 100 1 1
staticfield java/lang/reflect/AccessibleObject reflectionFactory Ljdk/internal/reflect/ReflectionFactory; jdk/internal/reflect/ReflectionFactory
instanceKlass java/lang/reflect/Constructor
instanceKlass java/lang/reflect/Method
ciInstanceKlass java/lang/reflect/Executable 1 1 458 10 10 10 11 10 10 10 10 10 7 8 7 10 10 10 7 8 10 10 10 10 8 8 10 10 100 8 10 8 10 8 11 10 10 11 10 8 8 10 10 100 10 10 10 10 10 10 100 10 10 10 10 10 100 10 100 8 10 10 3 100 8 10 10 10 10 10 8 8 8 9 10 100 8 9 10 10 10 10 10 10 7 10 10 100 10 100 10 10 11 10 10 10 9 10 7 10 10 9 10 10 9 10 9 10 9 7 100 100 1 1 1 1 1 1 1 1 1 1 1 1 1 1 1 1 1 1 1 1 1 1 1 1 1 1 1 1 1 1 1 1 1 1 1 1 1 1 1 1 1 1 1 1 1 1 1 1 1 1 1 1 1 1 1 1 1 1 100 1 1 1 1 1 1 1 1 1 1 1 1 1 1 1 1 1 100 100 100 1 1 1 1 1 1 1 1 1 1 1 1 1 1 1 1 1 1 1 1 1 1 1 1 1 1 1 1 1 1 1 1 1 1 1 1 1 1 1 1 1 1 1 1 1 1 1 1 1 1 1 1 1 1 1 1 1 1 1 1 1 1 1 1 1 1 1 1 1 1 7 100 100 1 1 1 1 1 1 1 1 1 1 1 1 12 7 12 12 7 12 7 12 12 12 12 12 1 1 1 12 12 1 1 12 7 12 12 12 1 1 12 1 1 12 1 12 1 100 12 12 12 1 1 12 12 1 12 12 7 12 12 12 1 12 12 12 12 100 12 12 1 1 12 12 1 1 12 12 12 12 1 1 1 12 12 1 1 12 12 12 12 12 12 12 12 12 1 100 12 1 7 12 12 12 12 100 12 12 12 12 1 12 12 100 12 100 12 12 12 12 12 12 12 1 1 1 1 1 1 1 1 1 1 1 1 1 1 1 1 1 1 1 1 1 1 1 1 1 1 1 1 1 1 1 1 1 1 1 1 1 1 1 1 1 1 1 1 1 1 1 1 1 1 1 1 1 1 1 1 1 1 1 100 1 1 1 1 1 1 1 1 1 1 1 1 1 1 1
ciInstanceKlass java/lang/reflect/Constructor 1 1 415 10 10 9 10 10 10 9 10 9 9 9 9 9 9 9 9 100 8 10 7 10 9 10 10 10 10 10 7 100 8 10 10 10 10 10 100 10 7 10 10 10 10 10 10 10 10 10 100 8 10 10 100 8 10 10 10 10 10 10 10 9 10 10 100 8 10 11 10 10 10 9 10 10 10 10 10 10 10 10 10 100 8 10 10 10 10 10 10 10 11 9 10 10 7 1 1 1 1 1 1 1 1 1 1 1 1 1 1 1 1 1 1 1 1 1 1 1 1 1 1 1 1 1 1 1 1 1 1 1 1 1 1 1 1 1 1 1 1 1 1 1 1 1 1 1 1 1 1 1 1 1 1 1 1 1 1 1 1 1 1 1 1 1 1 1 1 1 1 1 1 1 1 1 1 1 1 1 1 1 1 1 1 1 1 1 1 1 1 1 1 1 1 1 1 1 1 1 7 1 100 100 100 1 1 1 1 1 1 1 1 1 1 1 1 1 1 1 1 1 1 1 1 1 1 1 1 1 1 1 1 1 1 1 1 1 1 1 1 1 7 12 7 12 12 12 12 7 12 12 12 12 12 12 12 12 12 12 12 1 1 12 1 12 12 7 12 7 12 12 12 12 1 1 1 12 12 12 12 1 7 12 12 7 12 12 7 12 12 12 12 12 1 1 12 1 1 12 12 12 12 12 12 12 12 12 12 1 1 12 12 12 12 12 12 7 12 12 12 12 12 12 12 12 12 1 1 12 12 12 12 100 12 100 12 100 12 100 12 12 1 1 1 1 1 1 1 1 1 1 1 1 1 1 1 1 1 1 1 1 1 1 1 1 1 1 1 1 1 1 1 1 1 1 1 1 1 1 1 1 1 1 1 1 1 1 1 1 1 1 1 1 1 1 1 1 1 1 1 1 1 1 1 1 1 100 1 1 1 1 1 1 1 1 1
ciInstanceKlass java/lang/String 1 1 878 10 8 9 9 9 10 10 10 9 10 7 10 10 10 10 10 100 8 10 10 9 9 8 10 10 10 10 10 10 10 10 10 10 10 10 10 10 10 100 10 10 100 10 10 10 10 10 10 10 10 10 10 10 10 10 10 10 10 10 10 10 10 100 100 10 10 11 11 10 10 10 10 10 10 9 11 10 10 10 10 10 10 10 10 10 10 10 10 10 10 10 10 10 10 10 10 10 10 10 10 10 10 10 10 10 10 10 10 10 10 10 10 10 10 10 11 10 10 10 10 10 10 100 10 7 10 10 10 10 10 8 10 10 100 3 3 7 10 10 10 10 10 11 7 10 10 7 10 10 10 11 11 11 7 10 10 10 10 10 10 10 10 10 10 10 10 10 10 10 10 10 10 10 10 100 100 10 100 10 10 100 10 10 10 7 10 10 10 10 8 10 10 10 8 8 10 10 10 10 10 10 10 100 10 8 10 10 10 7 3 8 8 8 10 10 10 10 10 10 8 8 10 8 8 8 8 8 10 10 10 8 7 10 10 10 7 9 7 10 100 100 1 1 1 1 1 1 1 1 1 1 1 1 1 5 0 1 1 1 1 1 1 1 1 1 3 1 3 1 1 1 1 1 1 1 1 1 1 1 1 1 1 1 1 1 1 1 1 1 1 100 1 1 1 1 100 1 1 1 1 1 1 1 1 1 1 7 1 1 1 7 1 1 1 100 1 1 1 1 1 1 1 1 1 1 1 1 1 1 1 1 1 1 1 1 1 1 1 1 1 1 1 1 1 1 1 1 1 1 1 1 1 1 1 1 1 1 1 1 1 1 1 1 1 1 1 1 1 1 100 1 1 1 1 1 1 1 1 1 1 1 1 1 1 1 1 1 1 1 1 1 1 1 1 1 1 1 1 1 1 1 1 1 1 1 1 1 1 1 1 1 1 1 1 1 1 1 1 1 1 1 1 1 1 1 1 1 1 1 1 1 1 1 1 1 1 1 1 1 1 1 1 1 1 1 1 1 1 1 1 1 1 1 1 1 1 1 1 1 1 1 1 1 1 1 1 100 1 1 1 7 1 1 1 1 1 1 1 1 1 1 1 1 1 1 1 100 1 1 1 1 100 1 1 100 1 1 1 1 1 1 1 1 1 1 1 1 1 1 1 1 1 1 1 1 1 1 1 1 1 1 1 1 1 1 1 1 1 100 1 1 1 1 1 1 1 1 1 1 1 1 1 1 1 1 1 1 1 1 1 12 1 12 12 12 12 12 12 12 7 12 1 7 7 12 12 12 12 1 12 7 12 12 12 12 12 12 12 12 12 12 12 12 12 12 1 12 12 1 12 12 12 12 7 12 12 12 12 12 12 12 12 12 12 1 1 12 12 12 12 12 12 12 12 12 7 12 12 12 12 12 12 12 12 12 12 12 12 12 12 12 12 12 12 12 12 12 12 12 12 12 7 12 12 12 12 7 12 12 12 12 7 12 12 7 12 1 1 12 12 12 1 12 1 1 12 12 12 12 7 12 12 12 1 12 12 7 12 12 12 1 12 7 12 12 12 12 12 12 12 12 12 12 12 1 1 1 12 1 100 12 1 1 12 1 12 12 1 12 12 1 1 12 12 12 100 12 100 12 100 12 1 1 12 12 1 1 1 1 12 12 12 12 1 1 1 1 1 1 1 12 12 12 1 1 12 12 12 1 12 1 1 1 1 1 1 1 1 1 1 1 1 1 1 1 1 1 1 1 1 1 1 1 1 1 1 1 1 1 1 1 1 1 1 1 1 1 1 1 1 1 1 1 1 1 1 1 1 1 1 1 1 1 1 1 1 1 1 1 1 1 1 1 1 1 1 1 1 1 1 1 1 1 1 1 1 1 1 1 1 1 1 1 1 1 1 1 1 1 1 1 1 1 1 1 1 1 1 1 1 1 1 1 1 1 1 1 1 1 1 1 1 1 1 1 1 1 1 1 1 1 1 1 1 1 1 1
staticfield java/lang/String COMPACT_STRINGS Z 1
staticfield java/lang/String serialPersistentFields [Ljava/io/ObjectStreamField; 0 [Ljava/io/ObjectStreamField;
staticfield java/lang/String CASE_INSENSITIVE_ORDER Ljava/util/Comparator; java/lang/String$CaseInsensitiveComparator
ciInstanceKlass java/lang/StackTraceElement 1 1 224 10 10 9 9 9 9 8 10 7 9 8 9 9 9 8 10 10 7 10 10 8 10 10 8 8 8 10 8 8 10 8 8 7 10 10 10 10 9 10 10 7 10 10 10 10 10 10 10 10 10 7 100 7 1 1 1 1 1 1 1 1 1 1 1 1 1 1 1 1 1 1 1 3 1 3 1 1 5 0 1 1 1 1 1 1 1 1 1 1 1 1 1 1 1 1 1 1 1 1 1 1 1 1 1 1 1 1 1 1 1 1 1 1 1 1 1 1 7 100 7 100 1 1 1 1 1 1 1 1 1 1 1 1 1 100 1 1 1 1 1 1 1 1 1 1 12 12 12 12 12 12 1 7 12 1 12 1 12 12 12 1 12 12 1 12 1 12 12 1 1 1 12 1 1 12 1 1 1 12 12 12 12 12 12 12 1 12 7 12 7 12 12 12 12 12 12 1 1 1 1 1 1 1 1 1 1 1 1 1 1 1 1 1 1 1 1 1 1 1 1 1 1 1
ciInstanceKlass java/lang/ThreadGroup 1 1 289 10 9 8 9 7 9 9 10 10 10 10 10 9 10 10 9 10 9 9 10 100 10 10 10 9 10 10 9 10 10 10 10 10 10 10 10 10 10 10 100 10 10 10 7 10 7 10 9 10 8 10 10 10 10 11 100 9 100 10 8 10 10 8 10 10 10 10 8 10 8 10 8 7 100 1 1 1 1 1 1 1 1 1 1 1 1 1 1 1 1 1 1 1 1 1 1 1 1 1 1 1 1 1 1 1 1 1 1 1 1 1 1 1 1 1 1 1 1 1 1 1 100 1 1 1 1 1 1 100 1 1 1 1 1 1 1 1 1 1 1 1 1 1 1 1 1 1 1 1 1 1 1 1 1 1 1 1 1 1 1 1 1 1 1 1 1 1 1 1 1 1 1 100 1 1 1 1 1 1 1 1 1 1 1 1 1 12 12 1 12 1 12 12 12 12 12 12 12 12 12 12 12 100 12 12 12 7 12 12 7 12 12 12 12 12 12 12 12 12 12 12 12 12 12 12 1 12 12 1 12 12 12 12 1 12 12 12 12 1 12 1 1 12 12 1 12 12 12 100 1 1 12 1 1 1 1 1 1 1 1 1 1 1 1 1 1 1 1 1 1 1 1 1 1 1 1 1 1 1 1 1 1 1 1 1 1 1 1
instanceKlass java/lang/InternalError
instanceKlass java/lang/StackOverflowError
instanceKlass java/lang/OutOfMemoryError
ciInstanceKlass java/lang/VirtualMachineError 1 1 34 10 10 10 10 100 7 1 1 1 5 0 1 1 1 1 1 1 1 1 1 1 1 1 1 1 1 1 12 12 12 12 1 1
ciInstanceKlass java/lang/OutOfMemoryError 1 1 26 10 10 100 100 1 1 1 5 0 1 1 1 1 1 1 1 1 1 1 1 1 12 12 1 1
ciInstanceKlass java/lang/ArithmeticException 1 1 26 10 10 100 100 1 1 1 5 0 1 1 1 1 1 1 1 1 1 1 1 1 12 12 1 1
ciInstanceKlass java/lang/NullPointerException 1 1 26 10 10 100 7 1 1 1 5 0 1 1 1 1 1 1 1 1 1 1 1 1 12 12 1 1
ciInstanceKlass java/lang/Class 1 1 1435 10 9 9 7 10 10 8 10 8 8 10 10 10 10 10 10 10 10 10 10 10 8 10 8 8 10 7 8 8 8 10 11 10 10 8 10 10 10 10 9 10 10 10 18 10 7 10 10 10 100 10 9 7 100 8 10 10 10 10 7 10 7 100 10 10 9 10 10 7 10 100 10 10 10 9 10 10 10 9 10 10 100 10 10 10 10 9 8 10 10 10 10 10 10 9 10 7 10 10 10 10 10 10 10 10 10 10 10 10 10 10 10 10 10 10 10 10 100 8 10 10 100 10 100 11 10 10 10 10 10 10 8 10 10 8 9 10 10 10 10 100 9 10 9 10 10 10 8 10 10 10 10 100 10 10 10 10 10 10 10 7 10 10 10 10 10 10 10 10 10 7 10 10 11 10 10 10 10 10 10 100 10 10 10 100 100 10 10 10 10 10 10 10 10 11 10 10 9 10 9 7 10 9 10 7 10 9 10 10 10 10 10 10 10 8 10 10 9 9 10 7 9 10 10 7 10 10 10 10 9 10 9 10 10 9 9 10 10 9 7 10 10 7 10 7 11 9 9 7 10 9 9 10 10 9 7 10 10 10 10 10 10 10 9 10 10 10 10 8 7 10 7 8 8 8 8 10 9 9 10 7 9 7 10 7 10 10 9 8 10 7 10 7 10 9 100 8 10 7 4 10 10 11 10 100 10 10 8 8 10 9 11 7 11 9 10 10 10 9 9 10 10 10 10 10 11 11 11 11 7 11 10 10 100 11 10 10 10 11 11 7 10 10 9 9 10 10 10 10 100 10 10 7 9 100 100 100 100 1 1 1 7 1 1 1 1 1 3 1 3 1 3 1 1 1 1 1 1 1 1 1 1 1 1 1 1 1 1 1 1 1 1 1 1 1 1 1 1 1 1 5 0 1 1 1 1 1 1 1 1 1 1 1 1 1 1 1 100 1 1 1 1 1 1 1 1 1 1 1 1 1 1 1 1 1 1 7 1 1 1 1 1 1 1 1 1 1 1 1 1 1 1 100 1 1 1 1 1 100 1 1 1 1 1 1 1 1 1 100 1 1 1 1 1 1 1 1 1 7 1 1 1 1 1 1 1 1 1 1 1 1 1 1 1 1 1 1 1 1 1 1 1 1 1 1 1 1 1 1 1 1 1 1 1 1 1 7 1 1 1 1 1 1 1 1 100 1 1 1 1 1 1 1 1 1 1 1 1 1 1 1 1 1 100 1 1 1 1 1 1 1 1 1 1 1 1 1 1 1 1 1 1 1 1 1 1 1 1 100 100 1 1 1 1 1 1 1 1 1 1 1 1 1 1 100 1 1 1 1 1 1 1 1 1 1 1 1 1 1 1 1 1 1 1 1 1 1 1 1 1 1 1 1 1 1 1 1 1 1 1 1 1 1 1 1 1 1 1 1 1 1 1 1 1 1 1 1 1 1 1 7 1 1 1 1 1 1 1 1 1 100 100 100 1 1 1 1 1 1 1 1 1 1 1 1 1 1 1 1 1 1 1 1 1 1 1 1 1 1 1 1 1 1 1 1 1 1 1 1 1 1 1 1 1 1 1 1 1 1 1 1 1 1 1 1 1 1 1 1 1 1 1 1 1 1 1 1 1 1 1 1 1 1 1 1 1 1 1 1 1 1 1 1 1 1 7 1 1 1 1 1 1 1 1 1 1 1 1 1 1 1 1 1 1 1 1 1 1 1 1 1 1 1 1 1 1 1 1 100 1 1 1 1 1 1 1 1 1 1 1 1 1 100 1 1 1 1 1 1 7 1 1 1 1 1 1 1 1 1 1 1 1 1 1 1 1 1 1 1 1 1 1 1 1 1 1 1 1 1 1 1 1 1 1 1 1 1 1 1 1 7 1 1 1 1 1 1 1 1 1 1 1 1 1 1 1 1 1 1 1 1 1 1 1 1 1 12 12 12 1 12 1 12 1 1 12 12 12 12 12 12 7 12 12 12 12 1 12 1 1 12 1 1 1 1 12 12 12 1 7 12 12 12 7 12 7 12 12 7 12 12 1 15 16 15 16 12 7 12 1 12 12 7 1 12 12 1 1 1 12 12 12 12 1 12 1 1 12 12 12 12 1 100 12 12 12 12 12 12 12 12 12 1 12 12 12 12 1 12 12 12 12 12 12 12 7 12 12 12 12 12 12 12 12 12 12 12 12 12 12 12 12 12 12 1 1 12 1 12 1 12 100 12 12 12 12 12 1 12 12 1 12 12 12 12 12 1 12 12 12 12 12 1 12 12 12 12 1 12 12 12 12 12 12 12 1 12 12 12 12 12 12 12 1 7 12 12 12 12 7 12 12 12 1 12 12 1 1 12 12 12 12 12 12 100 12 7 12 12 12 12 12 12 1 12 12 1 12 12 100 12 12 12 100 12 12 12 12 1 12 12 12 12 12 1 12 12 12 1 12 12 7 12 7 12 12 12 12 12 12 12 12 12 12 12 1 12 1 12 7 12 12 1 12 12 12 12 12 12 1 12 12 12 12 12 12 12 12 12 1 7 1 1 1 1 12 12 12 12 1 12 1 1 1 12 7 12 12 1 12 1 12 12 1 1 1 12 12 12 1 12 1 1 12 12 12 1 12 12 7 12 7 12 12 12 12 12 12 12 12 12 12 12 12 1 12 7 12 12 1 12 100 12 12 12 12 1 12 12 12 100 12 12 100 12 12 12 1 12 12 1 12 1 1 1 1 1 100 1 1 1 1 1 1 1 1 1 1 1 1 1 1 1 1 1 1 1 1 1 1 1 1 1 1 1 1 1 1 1 1 1 1 1 1 1 1 1 1 10 1 1 1 1 1 1 1 1 1 1 1 1 1 1 1 1 1 1 1 1 1 1 1 1 1 1 1 1 1 1 1 1 1 1 1 1 1 1 1 1 1 1 1 1 1 1 1 1 1 1 1 1 1 1 1 1 1 1 1 1 1 1 1 1 1 1 1 1 1 1 1 1 1 1 1 1 1 1 1 1 1 1 1 1 1 1 1 1 1 1 1 1 1 1 1 1 1 1 1 1 1 1 1 1 1 1 1 1 1 1 1 1 1 1 1 1 1 1 1 1 1 1 1 1 1 1 1 1 1 1 1 1 1 1 1 1 1 1 1 1 1 1 1 1 1 1 1 1 1 1 1 1 1 1 1 1 1 1 1 1 1 1 1 1 1 1 1 1 1 1 1 1 1 1 1 100 12 1 1 100 1 1 100 1 1
staticfield java/lang/Class EMPTY_CLASS_ARRAY [Ljava/lang/Class; 0 [Ljava/lang/Class;
staticfield java/lang/Class serialPersistentFields [Ljava/io/ObjectStreamField; 0 [Ljava/io/ObjectStreamField;
ciInstanceKlass java/lang/Long 1 1 482 7 100 7 7 10 9 9 10 10 10 10 10 10 10 10 5 0 5 0 7 10 10 10 10 10 10 10 10 10 10 10 10 10 10 10 10 10 10 10 10 7 5 0 5 0 9 9 5 0 7 8 10 8 10 8 8 10 5 0 10 5 0 10 10 10 100 11 100 10 11 10 8 10 8 100 10 10 8 8 11 10 10 10 5 0 5 0 9 10 10 8 8 10 8 8 8 8 8 8 10 10 10 10 9 10 10 10 100 100 10 10 10 10 10 10 10 5 0 5 0 5 0 10 5 0 5 0 10 10 10 8 10 9 7 100 7 1 1 1 1 1 1 5 0 1 1 1 1 1 1 1 3 1 3 1 5 0 1 1 1 1 1 1 1 1 1 1 1 1 1 100 1 1 1 1 1 1 1 1 1 1 1 1 1 1 1 1 1 1 1 1 1 1 1 1 1 1 1 1 1 1 1 1 1 1 1 1 1 1 1 1 1 1 1 1 1 1 1 1 1 1 1 1 1 1 1 1 1 1 1 1 1 1 1 1 1 1 1 1 1 1 1 1 1 1 1 1 1 1 1 1 1 1 1 1 1 1 1 1 1 1 1 1 1 1 1 1 1 1 1 1 1 1 1 1 100 1 1 1 1 1 1 1 1 1 1 1 1 1 1 1 1 1 1 1 1 1 1 1 1 1 1 1 1 1 1 1 1 1 1 1 1 1 1 1 1 1 1 12 12 12 100 12 12 100 12 12 12 12 12 1 12 12 12 12 12 12 7 12 12 12 12 12 12 7 12 12 12 12 12 12 12 1 12 12 1 1 12 1 12 1 1 12 12 12 12 100 12 1 1 12 1 12 1 1 12 12 1 1 12 12 12 12 12 12 12 1 1 12 1 1 1 1 1 1 12 12 12 12 12 12 100 12 1 1 12 12 12 12 12 12 12 12 12 12 1 7 12 12 1 1 1 1 1 1 1 1 1 1 1 1 1 1 1 1 1 1 1 1 1 1 1 1 1 1 1 1 1 1 1 1 1 1 1 1 1 1 1 1 1 1 1 1 1 1 1 1 1 1 1 1 1 1 1 1 1 1 1 1 1 1
staticfield java/lang/Long TYPE Ljava/lang/Class; java/lang/Class
ciInstanceKlass java/lang/Short 1 1 186 7 100 10 10 7 100 10 8 10 8 10 10 10 10 10 10 9 10 10 10 8 8 10 9 10 10 10 10 10 3 3 5 0 10 8 10 9 7 100 7 1 1 1 1 1 3 1 3 1 1 1 1 1 1 1 3 1 3 1 1 5 0 1 1 1 1 1 1 1 1 1 1 1 1 1 1 1 1 1 1 1 1 1 1 1 1 1 1 1 1 1 1 1 1 1 1 1 1 1 1 1 1 1 1 1 1 1 1 1 1 1 1 1 1 1 1 1 1 1 1 1 1 1 1 1 1 1 1 1 1 1 1 1 1 1 1 100 12 12 1 1 12 1 12 1 12 12 12 12 12 12 12 12 12 12 1 1 12 12 12 12 12 12 12 1 7 12 12 1 1 1 1 1 1 1 1 1 1 1 1 1 1 1 1 1
staticfield java/lang/Short TYPE Ljava/lang/Class; java/lang/Class
ciInstanceKlass java/lang/Byte 1 1 178 7 10 9 10 7 100 10 8 10 8 10 10 10 10 10 10 10 10 8 8 10 9 10 10 10 10 10 5 0 10 8 10 9 7 100 7 1 1 1 1 1 3 1 3 1 1 1 1 1 1 1 3 1 3 1 1 5 0 1 1 1 1 1 1 1 1 1 1 1 1 1 1 1 1 1 1 1 1 1 1 1 1 1 1 1 1 1 1 1 1 1 1 1 1 1 1 1 1 1 1 1 1 1 1 1 1 1 1 1 1 1 1 1 1 1 1 1 1 1 1 1 1 1 1 1 1 1 1 1 100 12 12 12 1 1 12 1 12 1 12 12 12 12 12 12 12 12 1 1 12 12 12 12 12 12 12 1 7 12 12 1 1 1 1 1 1 1 1 1 1 1 1 1 1 1 1 1
staticfield java/lang/Byte TYPE Ljava/lang/Class; java/lang/Class
ciInstanceKlass java/lang/Double 1 1 254 7 100 10 10 10 100 10 10 6 0 8 10 8 10 8 6 0 10 100 5 0 5 0 8 8 10 10 8 10 8 8 8 10 10 10 10 10 10 10 10 6 0 6 0 6 0 10 9 10 10 10 10 5 0 10 10 10 10 8 10 9 7 100 1 1 1 1 1 6 0 1 1 1 6 0 1 1 3 1 3 1 3 1 3 1 1 1 1 1 1 1 5 0 1 1 1 1 1 1 1 1 1 1 1 1 1 1 1 100 1 1 1 1 7 1 1 1 1 1 1 1 1 1 1 1 1 1 1 1 1 1 1 1 1 1 1 1 1 1 1 1 1 1 1 1 1 1 1 1 1 1 1 1 1 1 1 1 1 1 1 1 1 1 1 1 1 1 1 1 1 1 1 1 1 1 1 1 1 1 1 1 1 7 12 12 12 1 12 7 12 1 12 1 12 1 12 1 1 1 100 12 12 1 12 1 1 1 12 12 12 12 12 12 12 12 12 12 12 12 12 12 12 12 12 1 7 12 12 1 1 1 1 1 1 1 1 1 1 1 1 1 1 1 1 1 1 1 1 1 1 1 1 1
staticfield java/lang/Double TYPE Ljava/lang/Class; java/lang/Class
ciInstanceKlass java/lang/Float 1 1 192 7 100 10 10 4 100 10 10 8 8 10 10 10 10 4 4 4 10 9 10 10 10 10 10 10 3 10 10 10 10 8 10 9 7 100 1 1 1 1 1 4 1 1 1 4 1 1 3 1 3 1 3 1 3 1 1 1 1 1 1 1 5 0 1 1 1 1 1 1 1 1 1 1 1 1 1 7 1 1 1 1 1 1 1 1 1 1 1 1 1 1 1 1 1 1 1 1 1 1 1 1 1 1 1 1 1 1 1 1 1 1 1 1 1 1 1 1 1 1 1 1 1 1 1 1 1 1 1 1 1 1 1 1 1 1 1 1 1 1 1 1 1 1 1 1 7 12 100 12 1 12 12 1 1 100 12 12 12 12 12 12 12 12 12 12 12 12 12 12 12 1 7 12 12 1 1 1 1 1 1 1 1 1 1 1 1 1 1 1 1 1
staticfield java/lang/Float TYPE Ljava/lang/Class; java/lang/Class
ciInstanceKlass java/lang/Character 1 1 550 7 100 10 9 9 10 10 10 10 10 3 3 3 3 3 10 10 3 11 11 10 10 100 10 10 3 10 10 10 100 8 7 10 10 10 10 10 10 10 10 10 10 10 10 10 10 10 10 10 10 10 10 10 10 10 10 10 10 10 10 10 10 10 10 10 10 10 10 10 10 10 10 10 10 10 10 10 5 0 10 10 10 10 10 10 10 10 10 10 9 100 10 10 10 3 10 10 10 100 10 10 10 10 8 10 9 10 10 10 10 10 10 10 10 10 100 8 10 10 8 10 9 100 100 7 1 1 100 1 100 1 100 1 1 1 1 3 1 3 1 1 3 1 3 1 1 1 1 1 1 1 3 1 1 3 1 3 1 3 1 3 1 3 1 3 1 3 1 3 1 3 1 3 1 3 1 3 1 3 1 3 1 3 1 3 1 3 1 3 1 3 1 3 1 3 1 3 1 3 1 3 1 3 1 3 1 3 1 3 1 1 1 1 1 1 1 1 1 1 1 1 1 1 1 1 1 1 1 3 1 1 1 1 1 1 1 3 1 1 3 1 1 1 1 1 3 1 1 1 5 0 1 1 1 1 1 1 1 1 1 1 1 1 1 1 1 1 1 1 1 1 1 1 1 1 1 1 1 1 1 1 1 1 1 1 1 1 1 1 1 1 1 1 1 1 1 1 1 1 1 1 1 1 1 1 1 1 1 1 1 1 1 1 1 1 1 1 1 1 1 1 1 1 1 1 1 1 1 1 1 1 1 1 1 1 1 1 1 1 1 1 1 1 1 1 1 1 1 1 1 1 1 1 1 1 1 1 1 1 1 1 1 1 1 1 1 1 1 1 1 1 1 1 1 1 1 1 1 1 1 1 1 1 1 1 1 1 1 1 1 1 1 1 1 1 1 7 1 1 1 1 1 1 1 1 1 1 1 1 1 12 12 12 12 12 12 12 12 12 12 7 12 12 12 12 1 12 12 12 12 1 1 1 100 12 12 12 12 12 12 12 12 7 12 12 12 12 12 12 12 12 12 12 12 12 12 12 12 12 12 12 12 12 12 12 12 12 12 12 12 12 12 12 12 1 12 12 100 12 12 12 1 12 12 12 1 12 100 12 12 12 12 12 12 12 1 1 12 7 12 1 12 12 1 1 1 1 1 1 1 1 1 1 1 1 1 1 1 1 1 1 1 1 1 1 1 1 1 1 1 1 1 1 1 1 1 1 1 1 1 1 1 1 1 1 1 1 1 1
staticfield java/lang/Character TYPE Ljava/lang/Class; java/lang/Class
staticfield java/lang/Character $assertionsDisabled Z 1
ciInstanceKlass java/lang/Boolean 1 1 128 10 9 10 10 8 10 9 9 8 10 7 10 10 100 100 10 10 8 10 9 7 100 100 1 1 1 1 1 1 1 1 1 1 1 1 5 0 1 1 1 1 1 1 1 1 1 1 1 1 1 1 1 1 1 1 1 1 1 1 1 1 1 1 7 1 1 1 1 1 1 1 1 1 1 1 100 1 1 1 1 1 1 1 1 1 1 1 1 1 1 1 1 1 12 12 12 12 1 12 12 12 1 12 1 12 7 12 1 1 12 12 1 7 12 12 1 1 1 1 1 1 1 1 1 1 1 1
staticfield java/lang/Boolean TRUE Ljava/lang/Boolean; java/lang/Boolean
staticfield java/lang/Boolean FALSE Ljava/lang/Boolean; java/lang/Boolean
staticfield java/lang/Boolean TYPE Ljava/lang/Class; java/lang/Class
ciInstanceKlass java/lang/LiveStackFrameInfo 0 0 97 10 9 9 9 9 9 100 10 10 8 10 100 8 8 8 10 100 10 100 10 100 100 100 1 1 1 1 1 1 1 1 3 1 3 1 1 1 1 1 1 1 1 1 1 1 1 1 1 1 1 1 1 1 1 1 1 1 100 1 1 1 1 1 1 1 1 1 1 12 12 12 12 12 12 1 12 12 1 12 1 1 1 1 1 12 1 12 1 1 1 1 1 1 1 1 1
instanceKlass java/lang/LiveStackFrameInfo
ciInstanceKlass java/lang/StackFrameInfo 1 1 132 10 9 9 9 11 9 11 10 10 10 11 11 11 10 9 10 10 10 11 10 9 10 100 8 10 10 7 7 100 1 1 1 1 1 1 1 1 1 1 1 1 1 1 1 1 1 1 1 1 1 1 1 1 1 1 1 1 1 1 1 1 1 1 1 1 1 1 1 1 1 100 100 1 1 1 1 1 12 7 12 12 7 12 12 12 12 7 12 12 12 12 12 12 12 12 12 12 12 12 12 12 1 1 12 7 12 1 1 1 1 1 1 1 1 1 1 1 1 1 1 1 1 1 1 1 1 1 1 1 1 1
staticfield java/lang/StackFrameInfo JLIA Ljdk/internal/misc/JavaLangInvokeAccess; java/lang/invoke/MethodHandleImpl$1
ciInstanceKlass java/lang/StackWalker 1 1 235 9 10 7 10 10 11 10 10 7 10 100 8 10 10 10 10 9 9 9 9 10 9 10 11 100 8 10 10 9 10 10 10 18 100 8 10 10 10 9 11 10 7 7 1 1 1 100 1 1 1 1 1 1 1 1 1 1 1 1 1 1 1 1 1 1 1 1 1 1 1 1 1 1 1 1 1 1 1 1 1 1 1 1 1 1 1 1 1 1 1 100 1 1 1 1 1 1 1 1 1 1 1 1 1 1 1 1 1 1 1 1 1 1 1 1 1 1 1 1 1 1 1 1 1 1 1 1 1 1 12 7 12 1 7 12 12 7 12 12 12 1 12 1 1 12 12 12 12 12 12 12 12 12 12 100 12 12 1 1 12 12 12 7 12 7 12 1 15 16 15 16 12 1 1 12 100 12 12 100 12 12 1 1 1 1 1 1 1 1 1 1 1 1 1 1 1 1 1 1 1 1 1 1 1 1 1 1 1 1 10 10 1 1 1 1 1 1 1 1 1 1 1 1 100 12 12 1 1 100 1 1 100 1 1
staticfield java/lang/StackWalker DEFAULT_EMPTY_OPTION Ljava/util/EnumSet; java/util/RegularEnumSet
staticfield java/lang/StackWalker DEFAULT_WALKER Ljava/lang/StackWalker; java/lang/StackWalker
ciInstanceKlass java/security/CodeSource 1 1 402 10 9 9 9 9 10 9 10 7 10 7 10 7 10 10 10 7 10 10 10 10 10 7 10 10 10 10 10 10 10 10 10 10 10 10 10 8 10 10 10 10 8 10 10 100 10 10 8 10 10 10 8 8 9 100 8 10 10 8 10 8 8 8 10 10 10 10 10 10 100 100 10 10 10 10 10 100 10 10 8 10 10 10 100 10 100 100 8 8 10 10 10 100 10 10 11 10 10 11 10 10 8 100 10 10 7 10 11 11 7 100 1 1 1 5 0 1 1 1 1 1 1 1 1 1 1 1 1 1 1 1 1 1 1 1 1 1 7 1 1 1 1 1 1 1 1 1 1 1 1 1 1 1 1 1 1 1 1 1 1 1 1 1 1 1 1 1 1 1 1 1 1 1 1 1 1 1 1 1 7 1 1 1 1 1 1 1 1 1 1 1 1 1 100 1 1 1 1 1 1 1 1 1 1 1 1 1 1 1 1 1 1 100 100 100 1 1 1 1 1 1 1 1 1 12 12 12 12 12 7 12 12 100 12 7 12 1 12 12 7 1 12 7 12 12 12 1 12 7 100 12 100 12 12 12 12 12 12 1 12 12 12 12 1 12 1 12 1 12 12 12 1 1 12 1 1 12 12 1 12 1 1 1 12 12 12 12 12 12 1 1 12 12 12 12 12 1 12 1 12 12 12 1 12 1 1 1 1 12 100 12 1 12 12 12 12 12 100 1 1 12 12 1 12 12 1 1 1 1 1 1 1 1 1 1 1 1 1 1 1 1 1 1 1 1 1 1 1 1 1 1 1 1 1 1 1 1 1 1 1 1 1 1 1 1 1 1 1 1 1 1 1 1 1 1 1 1 1 1 1 1 1 1 1 1 1 1 1 1 1 1 1 1 1 1 1 1 1 1 1 1
ciInstanceKlass jdk/internal/loader/ClassLoaders$PlatformClassLoader 1 1 57 8 10 9 11 10 100 10 100 7 1 100 1 1 1 1 1 1 1 1 1 1 1 1 1 1 1 1 1 1 1 1 1 1 1 100 1 12 12 100 12 7 12 1 12 1 1 1 1 1 1 1 1 1 1 1 1
ciInstanceKlass jdk/internal/loader/ClassLoaders$AppClassLoader 1 1 134 8 10 9 10 10 10 10 10 10 7 8 10 10 10 9 11 10 10 100 10 7 7 1 1 1 100 1 1 1 1 1 1 1 1 1 1 1 1 1 1 1 1 1 1 1 1 1 1 100 1 100 1 1 1 1 1 1 1 1 1 1 1 1 1 1 1 1 1 1 1 1 1 1 1 1 1 1 1 100 1 12 12 7 12 100 12 12 12 12 12 1 1 12 7 12 7 12 12 100 12 12 7 12 1 12 1 1 1 1 1 1 1 1 1 1 1 1 1 1 1 1 1 1 1 1 1 1 1 1 1 1 1 1
ciInstanceKlass jdk/internal/loader/ClassLoaders 1 1 143 10 9 9 9 7 11 100 11 11 10 10 100 100 10 9 8 10 7 10 7 10 10 7 10 8 10 8 8 7 10 7 100 1 1 1 1 1 1 1 1 1 1 1 1 1 1 1 1 1 1 1 1 1 1 1 1 1 1 1 1 1 1 1 100 1 1 1 1 1 1 1 1 1 1 1 1 12 12 12 12 1 100 12 1 12 12 100 12 100 12 1 1 7 12 12 1 7 12 1 12 1 12 12 1 12 1 7 12 1 1 1 12 1 1 1 1 1 1 1 1 1 1 1 1 1 1 1 1 1 1 1 1 1 1 1 1 1 1 1 1 1 1
staticfield jdk/internal/loader/ClassLoaders JLA Ljdk/internal/misc/JavaLangAccess; java/lang/System$2
staticfield jdk/internal/loader/ClassLoaders BOOT_LOADER Ljdk/internal/loader/ClassLoaders$BootClassLoader; jdk/internal/loader/ClassLoaders$BootClassLoader
staticfield jdk/internal/loader/ClassLoaders PLATFORM_LOADER Ljdk/internal/loader/ClassLoaders$PlatformClassLoader; jdk/internal/loader/ClassLoaders$PlatformClassLoader
staticfield jdk/internal/loader/ClassLoaders APP_LOADER Ljdk/internal/loader/ClassLoaders$AppClassLoader; jdk/internal/loader/ClassLoaders$AppClassLoader
ciInstanceKlass java/util/jar/Manifest 1 1 301 10 7 10 9 7 10 9 9 10 10 10 10 10 11 11 10 10 100 100 10 8 10 10 10 10 11 100 10 10 11 11 11 11 100 100 8 10 11 7 9 10 10 10 10 8 10 10 11 10 10 10 8 10 7 10 10 10 100 8 10 10 8 10 10 10 10 11 10 10 10 7 10 11 10 11 10 7 100 1 1 1 1 1 1 1 1 1 1 1 1 1 1 1 1 1 1 1 1 1 1 1 1 1 1 1 1 1 1 1 1 1 1 1 1 1 1 1 1 1 1 1 1 1 1 1 1 1 1 1 1 1 100 100 1 1 1 1 1 1 1 1 1 1 1 1 1 1 1 1 1 1 1 1 100 100 1 1 1 1 1 1 1 1 1 1 1 1 1 1 1 1 12 1 12 1 12 12 12 12 12 12 12 7 12 12 100 12 1 1 1 12 12 12 12 1 12 12 12 100 12 12 12 1 1 1 12 1 7 12 12 12 12 12 1 12 12 12 12 12 1 12 1 12 12 12 1 1 12 1 12 7 12 12 12 12 12 7 12 12 1 12 12 12 1 1 1 1 1 1 1 1 1 1 1 1 1 1 1 1 1 1 1 1 1 1 1 1 1 1 1 1 1 1 1 1 1 1 1 1 1 1 1 1 1 1 1 1 1 1 1 1 1 1 1 1 1 1 1 1 1
ciInstanceKlass java/net/URL 1 1 744 10 10 10 9 9 10 10 10 9 10 8 10 100 10 10 8 10 9 100 8 10 10 8 9 10 9 10 10 9 9 8 9 10 8 9 10 10 8 10 7 10 10 10 10 10 8 10 10 8 9 8 10 10 100 10 10 10 100 8 10 10 8 10 10 10 10 10 10 8 10 7 10 10 10 9 10 9 10 10 100 100 10 10 10 10 10 10 7 10 10 10 100 10 10 8 9 10 10 9 10 100 10 10 10 10 10 10 10 10 10 10 10 9 9 100 8 10 10 9 10 8 10 8 10 10 8 8 10 100 10 10 10 7 7 10 9 10 8 10 7 10 10 8 9 10 10 10 10 10 11 10 10 9 10 10 10 8 10 7 100 10 8 8 10 8 8 8 100 10 9 10 10 10 10 10 10 10 10 10 10 10 10 10 10 10 100 8 10 10 10 10 10 8 7 10 7 10 7 10 7 7 10 9 9 7 10 10 100 1 1 1 1 1 1 1 5 0 1 1 1 1 1 1 1 1 1 1 1 1 1 1 1 1 1 1 1 1 1 1 1 1 1 1 1 1 1 1 1 1 1 1 1 1 1 1 1 1 1 1 1 1 1 1 1 1 1 1 1 1 1 1 1 1 1 1 1 1 1 1 1 1 1 1 1 1 1 1 1 1 1 1 1 1 1 1 100 1 1 1 1 1 1 1 1 1 1 1 1 1 1 1 1 1 1 1 1 1 1 1 1 1 1 1 1 1 1 1 1 1 1 1 100 100 1 1 1 1 1 1 1 1 1 1 1 1 1 1 7 1 1 1 1 1 1 1 1 1 1 1 1 1 1 100 7 1 1 1 1 1 1 1 1 1 1 1 1 1 1 1 1 1 1 100 1 1 100 1 1 100 1 1 1 1 1 1 1 1 1 1 1 1 1 1 1 1 1 1 1 1 1 1 1 12 12 12 12 12 7 12 12 12 12 12 1 12 1 12 1 12 12 1 1 12 12 1 12 12 12 12 12 12 12 1 12 12 1 12 12 7 12 1 12 1 12 12 12 12 12 1 12 12 1 12 1 12 12 1 12 12 12 1 1 12 1 12 12 12 12 12 12 1 12 1 7 12 12 100 12 12 12 12 100 12 1 1 12 12 12 12 12 12 1 12 1 12 12 1 12 100 12 12 100 12 12 1 12 12 12 12 12 12 12 7 12 12 12 12 12 1 1 12 12 12 1 7 12 1 12 12 1 1 12 1 100 12 12 12 1 1 12 12 1 12 1 7 12 7 12 12 12 12 12 7 12 12 12 12 12 12 100 12 12 12 1 1 12 1 12 12 12 12 12 12 12 12 12 12 12 12 12 12 1 1 12 12 12 1 1 1 1 1 1 12 7 12 12 1 7 12 1 1 1 1 1 1 1 1 1 1 1 1 1 1 1 1 1 1 1 1 1 1 1 1 1 1 1 1 1 1 1 1 1 1 1 1 1 1 1 1 1 1 1 1 1 1 1 1 1 1 1 1 1 1 1 1 1 1 1 1 1 1 1 1 1 1 1 1 1 1 1 1 1 1 1 1 1 1 1 1 1 1 1 1 1 1 1 1 1 1 1 1 1 1 1 1 1 1 1 1 1 1 1 1 1 1 1 1 1 1 1 1 1 1 1 1 1 1 1 1 1 1 1 1 1 1 1 1 1 1 1 1 1 1
staticfield java/net/URL defaultFactory Ljava/net/URLStreamHandlerFactory; java/net/URL$DefaultFactory
staticfield java/net/URL streamHandlerLock Ljava/lang/Object; java/lang/Object
staticfield java/net/URL serialPersistentFields [Ljava/io/ObjectStreamField; 7 [Ljava/io/ObjectStreamField;
instanceKlass sun/security/util/DerInputBuffer
ciInstanceKlass java/io/ByteArrayInputStream 1 1 96 10 9 9 9 9 10 10 10 10 10 10 7 7 1 1 1 1 1 1 1 1 1 1 1 1 1 1 1 1 1 1 1 1 1 1 1 1 1 1 1 1 1 1 1 1 1 1 100 1 1 1 1 1 1 1 1 1 1 1 1 1 1 12 12 12 12 12 7 12 7 12 7 12 7 12 12 100 12 1 1 1 1 1 1 1 1 1 1 1 1 1 1 1 1 1
ciInstanceKlass jdk/internal/module/Modules 1 1 483 10 9 11 11 11 11 11 11 11 11 10 10 18 10 7 10 10 10 10 11 10 10 10 10 9 10 10 10 100 100 11 10 11 10 10 10 10 10 11 18 11 10 11 100 11 11 11 10 10 18 11 18 11 10 18 18 10 9 11 100 10 11 11 7 11 10 100 10 10 10 11 10 100 10 18 10 100 8 10 10 18 11 11 10 10 10 18 10 10 7 10 10 100 1 1 1 1 1 1 1 1 1 1 1 1 1 1 1 1 1 1 1 1 1 1 1 1 1 1 1 1 1 1 1 1 1 1 1 1 1 1 1 1 1 1 1 1 1 1 1 1 1 1 1 1 1 1 1 1 7 100 100 1 1 1 1 1 1 1 1 1 1 1 1 1 1 1 1 1 1 1 1 1 1 1 1 1 1 1 1 1 1 1 100 100 100 100 100 100 100 100 1 1 1 1 1 1 100 1 1 1 1 1 1 1 1 1 1 100 1 1 1 1 1 1 1 1 1 12 12 7 12 12 12 12 12 12 12 12 12 100 12 1 15 16 15 16 12 100 12 1 7 12 7 12 12 12 12 12 12 12 12 12 100 12 1 1 12 100 12 12 12 12 100 12 12 12 12 16 15 16 12 12 100 12 100 12 1 12 12 12 12 100 12 16 15 16 12 12 16 15 16 12 12 12 15 16 15 16 12 12 12 1 12 12 1 12 1 12 12 12 12 12 1 15 16 12 12 1 1 12 12 15 16 12 12 12 15 12 1 12 7 12 1 1 1 1 1 1 1 1 1 1 1 1 1 1 1 1 1 1 1 1 10 1 10 1 1 1 1 1 1 1 1 1 1 1 1 1 1 1 1 1 1 1 1 1 1 1 1 1 1 1 1 1 1 1 1 1 1 1 1 1 1 1 10 1 1 1 1 1 1 1 1 1 1 1 1 1 1 1 1 1 1 1 1 10 1 1 1 1 1 1 10 1 1 1 1 1 1 10 1 10 1 1 1 1 1 1 1 1 1 1 1 1 1 10 1 1 1 1 1 10 1 1 10 1 1 1 1 1 100 12 12 12 12 12 12 12 12 12 1 1 100 1 1 1 1 1 100 1 1
staticfield jdk/internal/module/Modules JLA Ljdk/internal/misc/JavaLangAccess; java/lang/System$2
staticfield jdk/internal/module/Modules $assertionsDisabled Z 1
ciInstanceKlass jdk/internal/misc/Unsafe 1 1 1165 10 9 9 10 10 10 10 10 10 10 10 10 10 10 10 10 10 10 10 10 100 10 10 10 5 0 10 10 10 10 10 10 10 10 10 100 10 10 10 10 10 10 10 10 10 10 10 10 10 10 5 0 5 0 5 0 10 10 10 100 10 10 10 10 10 10 10 10 10 100 10 10 10 10 8 10 8 8 10 9 9 9 9 9 9 9 9 10 10 10 10 5 0 5 0 9 10 10 10 10 10 8 3 10 10 10 10 10 10 10 10 10 10 10 10 10 10 10 10 10 10 10 10 10 10 10 10 10 10 10 10 10 10 10 10 10 10 10 10 10 10 10 10 10 10 10 10 10 10 10 10 10 10 10 10 10 10 10 10 10 10 10 10 10 10 10 10 10 10 10 10 10 10 10 10 10 10 10 10 10 10 10 10 10 10 10 10 10 10 10 10 10 10 10 10 10 10 10 10 100 10 100 10 9 5 0 10 5 0 10 5 0 10 10 10 10 10 10 10 10 10 10 10 10 10 10 10 10 10 10 10 10 10 10 10 10 10 10 10 10 10 10 10 5 0 5 0 5 0 10 10 10 10 10 7 10 7 10 9 7 9 7 9 7 9 7 9 7 9 7 9 7 9 7 9 10 9 9 9 9 9 9 9 9 9 10 10 10 7 1 1 1 1 1 3 1 1 1 1 1 1 1 1 1 1 1 1 1 1 1 1 1 1 1 1 1 1 1 1 1 1 1 1 1 1 1 1 1 1 1 1 1 1 1 1 1 1 1 1 1 1 1 1 1 1 1 1 1 1 1 1 1 1 1 1 1 1 1 1 1 1 1 1 1 1 1 1 1 1 1 1 1 1 1 1 1 1 1 1 1 1 1 1 1 1 1 1 1 1 1 1 1 1 1 1 1 1 1 1 1 1 1 1 1 1 1 1 1 1 1 1 1 1 1 7 1 1 1 1 1 1 1 1 1 1 1 1 1 1 1 1 1 1 1 1 1 1 1 1 1 1 1 1 1 1 1 1 1 1 1 1 1 1 1 1 1 1 1 1 1 1 1 1 1 1 1 1 1 1 1 1 1 1 1 1 1 1 1 1 1 1 1 1 1 1 1 1 1 1 1 1 100 1 1 1 1 1 1 1 1 1 1 1 1 1 1 1 1 1 1 1 1 1 1 1 1 1 1 1 1 1 1 1 1 1 1 1 1 1 1 1 1 1 1 1 1 1 1 1 1 1 1 1 1 1 1 1 1 1 1 1 1 1 1 1 1 1 1 1 1 1 1 1 1 1 1 1 1 1 1 1 1 1 1 1 1 1 1 1 1 1 1 1 1 1 1 1 1 1 1 1 1 1 1 1 1 1 1 1 1 1 1 1 1 1 1 1 1 1 1 1 1 1 1 1 1 1 1 1 1 1 1 1 1 1 1 1 1 1 1 1 1 1 1 1 1 1 1 1 1 1 1 1 1 1 1 1 1 1 1 1 1 1 1 1 1 1 1 1 1 1 1 1 1 1 1 1 1 1 1 1 1 1 1 1 1 1 1 1 1 1 1 1 1 1 1 1 1 1 1 1 1 1 1 1 1 1 1 1 1 1 1 1 1 1 1 1 1 1 1 1 1 1 1 1 1 1 1 1 1 1 1 1 1 1 1 1 1 1 1 1 1 1 1 1 1 1 1 1 1 1 1 1 1 1 1 1 1 1 1 1 1 1 1 1 1 1 1 1 1 1 1 1 1 1 1 1 1 1 1 1 1 1 1 1 1 1 1 1 1 1 1 1 1 1 1 1 1 1 1 1 1 1 1 1 1 1 1 1 1 1 1 1 1 1 1 1 1 1 1 1 1 1 1 1 1 1 1 1 1 1 1 1 1 1 1 1 1 1 1 1 1 1 1 1 1 1 1 1 1 1 1 1 1 1 1 1 1 1 1 1 1 1 1 1 1 1 1 1 1 1 1 1 1 1 1 1 1 1 1 1 1 1 1 1 1 1 1 1 1 1 1 12 12 12 12 7 12 12 12 12 12 12 12 12 12 12 12 12 12 12 12 12 1 12 12 12 12 12 12 12 12 12 12 12 1 12 12 12 12 12 12 12 12 12 12 12 12 12 12 12 12 1 12 12 12 12 12 12 12 12 1 12 12 12 1 12 1 1 12 7 12 100 7 7 100 7 100 12 12 12 12 12 12 12 12 12 12 1 12 12 12 12 12 12 12 12 12 12 12 12 12 12 12 12 12 12 12 12 12 12 12 12 12 12 12 12 12 12 12 12 12 12 12 12 12 12 12 12 12 12 12 12 12 12 12 12 12 12 12 12 12 12 12 12 12 12 12 12 12 12 12 12 12 12 12 12 12 12 12 12 12 12 12 12 12 12 12 12 12 12 12 12 12 12 12 12 12 12 12 12 12 12 12 12 1 1 12 12 12 12 12 12 12 12 12 12 12 12 12 12 12 12 12 12 12 12 12 12 12 12 12 12 12 12 12 12 12 12 12 12 12 12 12 12 1 1 12 12 12 1 12 1 12 1 12 1 12 1 12 12 12 12 12 12 12 12 12 12 12 12 12 12 12 12 1 1 1 1 1 1 1 1 1 1 1 1 1 1 1 1 1 1 1 1 1 1 1 1 1 1 1 1 1
staticfield jdk/internal/misc/Unsafe theUnsafe Ljdk/internal/misc/Unsafe; jdk/internal/misc/Unsafe
staticfield jdk/internal/misc/Unsafe ARRAY_BOOLEAN_BASE_OFFSET I 16
staticfield jdk/internal/misc/Unsafe ARRAY_BYTE_BASE_OFFSET I 16
staticfield jdk/internal/misc/Unsafe ARRAY_SHORT_BASE_OFFSET I 16
staticfield jdk/internal/misc/Unsafe ARRAY_CHAR_BASE_OFFSET I 16
staticfield jdk/internal/misc/Unsafe ARRAY_INT_BASE_OFFSET I 16
staticfield jdk/internal/misc/Unsafe ARRAY_LONG_BASE_OFFSET I 16
staticfield jdk/internal/misc/Unsafe ARRAY_FLOAT_BASE_OFFSET I 16
staticfield jdk/internal/misc/Unsafe ARRAY_DOUBLE_BASE_OFFSET I 16
staticfield jdk/internal/misc/Unsafe ARRAY_OBJECT_BASE_OFFSET I 16
staticfield jdk/internal/misc/Unsafe ARRAY_BOOLEAN_INDEX_SCALE I 1
staticfield jdk/internal/misc/Unsafe ARRAY_BYTE_INDEX_SCALE I 1
staticfield jdk/internal/misc/Unsafe ARRAY_SHORT_INDEX_SCALE I 2
staticfield jdk/internal/misc/Unsafe ARRAY_CHAR_INDEX_SCALE I 2
staticfield jdk/internal/misc/Unsafe ARRAY_INT_INDEX_SCALE I 4
staticfield jdk/internal/misc/Unsafe ARRAY_LONG_INDEX_SCALE I 8
staticfield jdk/internal/misc/Unsafe ARRAY_FLOAT_INDEX_SCALE I 4
staticfield jdk/internal/misc/Unsafe ARRAY_DOUBLE_INDEX_SCALE I 8
staticfield jdk/internal/misc/Unsafe ARRAY_OBJECT_INDEX_SCALE I 4
staticfield jdk/internal/misc/Unsafe ADDRESS_SIZE I 8
staticfield jdk/internal/misc/Unsafe BE Z 0
staticfield jdk/internal/misc/Unsafe unalignedAccess Z 1
ciInstanceKlass java/lang/StringBuilder 1 1 409 10 10 10 11 10 10 10 10 10 10 10 10 10 10 10 10 10 10 10 10 10 10 10 10 10 10 10 10 10 10 10 10 10 10 10 10 10 10 10 10 10 10 9 9 10 10 10 10 10 10 10 10 10 10 10 100 100 8 10 10 10 10 10 10 10 10 10 10 10 10 10 10 10 10 10 10 10 10 10 10 10 10 10 10 10 10 10 10 10 10 10 10 10 10 10 10 10 10 10 10 10 10 10 10 10 7 10 7 100 100 100 1 1 1 5 0 1 1 1 1 1 1 1 1 1 1 1 1 1 1 1 1 1 1 1 1 1 1 1 1 1 1 1 1 1 1 1 1 1 1 1 1 1 1 1 1 1 1 1 1 1 1 1 1 1 1 1 1 1 1 1 1 1 1 1 1 1 1 1 1 1 1 1 1 1 1 1 1 1 1 1 1 1 1 1 1 1 1 1 1 1 1 1 7 1 1 1 1 1 100 1 1 1 100 1 1 1 1 1 1 1 1 1 1 1 1 1 1 1 1 1 1 1 1 1 1 1 1 1 1 1 1 1 1 1 1 1 1 1 1 1 1 1 1 1 1 1 1 1 1 1 1 1 1 1 1 1 1 1 1 1 1 1 1 12 12 12 12 12 12 12 12 12 12 12 12 12 12 12 12 12 12 12 12 12 12 12 12 12 12 12 12 12 12 12 12 12 12 12 12 12 12 12 12 12 12 7 12 7 100 12 12 12 12 12 100 12 12 12 1 1 12 12 12 12 12 12 12 12 12 12 12 12 12 12 12 12 12 12 12 12 12 12 12 12 12 12 12 12 12 12 12 12 12 12 12 12 12 12 12 12 12 12 12 12 12 1 12 1 1 1 1 1 1 1 1 1 1 1 1 1 1 1 1 1 1 1 1 1 1 1 1 1 1 1 1 1 1
instanceKlass java/lang/StringBuilder
instanceKlass java/lang/StringBuffer
ciInstanceKlass java/lang/AbstractStringBuilder 1 1 522 7 7 10 9 9 9 9 10 9 10 10 10 10 10 10 10 10 7 3 10 3 100 10 10 100 10 10 10 10 10 10 10 100 10 10 10 10 10 10 10 10 10 10 10 10 10 10 10 10 10 10 10 11 10 10 8 10 10 10 10 10 10 10 10 10 10 10 10 10 10 10 10 10 10 10 10 10 10 10 10 10 10 10 10 10 10 10 10 10 10 10 18 100 10 18 10 10 10 11 10 10 10 100 10 8 10 10 8 8 10 10 10 10 100 10 100 10 100 10 7 100 7 1 1 1 1 1 1 1 1 1 1 1 1 1 1 1 1 1 1 1 1 1 1 1 1 1 1 100 1 1 1 1 1 1 1 1 1 1 1 1 1 1 1 1 1 1 1 1 1 1 1 1 1 1 1 1 1 1 1 1 1 1 1 1 1 1 1 1 1 1 1 1 1 1 1 1 1 1 1 1 1 1 1 1 1 1 1 1 1 1 1 1 1 1 1 1 1 1 1 1 1 1 1 1 1 1 1 1 1 1 1 1 1 1 1 1 1 1 1 1 1 1 1 1 1 1 1 1 1 1 1 1 1 1 1 1 1 1 1 1 1 1 1 1 1 1 1 1 1 1 1 1 1 1 1 1 1 1 1 1 1 1 1 1 1 1 1 1 1 100 1 1 1 1 1 1 100 1 1 1 100 1 1 1 1 1 1 1 1 1 12 12 12 12 12 7 12 12 12 7 12 12 12 12 12 7 12 1 12 1 12 1 12 12 12 12 12 12 1 12 100 12 12 12 12 12 12 12 12 12 12 12 12 12 12 12 12 12 1 12 12 12 12 12 12 7 12 12 12 100 12 12 12 12 12 12 12 12 12 7 12 12 12 12 12 12 12 12 12 12 12 12 12 12 12 12 1 15 16 15 16 12 1 100 12 15 12 12 12 12 12 12 1 1 12 12 1 1 12 12 12 1 1 12 1 1 1 1 1 1 1 1 1 1 1 1 1 1 1 1 1 1 1 1 1 1 1 1 1 1 1 1 1 1 1 1 1 1 1 1 1 1 1 1 1 1 1 1 1 1 1 1 1 1 1 1 1 1 1 1 1 1 1 1 1 1 1 1 1 10 1 10 1 1 1 1 1 10 1 1 1 1 1 1 1 1 1 1 100 12 12 12 1 1 100 1 1 100 1 1
staticfield java/lang/AbstractStringBuilder EMPTYVALUE [B 0
ciInstanceKlass java/lang/StringBuffer 1 1 471 10 10 10 11 10 10 10 9 10 10 10 9 10 10 10 10 10 10 10 10 10 10 10 10 10 10 10 10 10 10 10 10 10 10 10 10 10 10 10 10 10 10 10 10 10 10 10 10 10 10 10 10 10 10 10 10 10 9 10 10 7 10 10 10 10 10 8 10 8 10 8 10 10 10 10 7 10 100 8 10 10 10 10 10 10 10 10 10 10 10 10 10 10 10 10 10 10 10 10 10 10 10 10 10 10 10 10 10 10 10 10 10 10 7 10 7 10 9 9 9 7 100 100 100 1 1 1 1 1 5 0 1 1 1 1 1 1 1 1 1 1 1 1 1 1 1 1 1 1 1 1 1 1 1 1 1 1 1 1 1 1 1 1 1 1 1 1 1 1 1 1 1 1 1 1 1 1 1 1 1 1 1 1 1 1 1 1 1 1 1 1 1 1 1 1 1 1 1 1 1 1 1 1 1 1 1 1 1 1 1 1 1 1 1 1 1 1 1 1 1 1 1 1 1 1 1 1 1 1 1 1 1 1 1 1 1 1 1 1 1 1 1 1 1 1 1 1 1 1 1 1 1 1 1 1 1 1 100 1 1 1 1 1 100 1 1 1 100 1 1 100 1 1 1 1 1 1 1 1 1 1 1 1 1 1 1 1 1 1 1 1 1 1 1 1 1 1 1 1 1 1 1 1 1 1 1 1 1 1 1 1 1 1 1 1 1 12 12 12 12 12 12 12 12 12 12 12 12 12 12 12 12 12 12 12 12 12 12 12 12 12 12 12 12 12 12 12 12 12 12 12 12 12 12 12 12 12 12 12 12 12 12 12 12 12 12 12 12 12 12 7 12 100 1 12 100 12 12 1 12 1 12 1 12 12 100 12 12 12 1 1 12 12 12 12 12 12 12 12 12 12 12 12 12 12 12 12 12 12 12 12 12 12 12 12 12 12 12 12 12 12 12 12 12 1 12 1 12 7 12 7 12 1 1 1 1 1 1 1 1 1 1 1 1 1 1 1 1 1 1 1 1 1 1 1 1 1 1 1 1 1 1 1 1 1 1 1 1 1 1
staticfield java/lang/StringBuffer serialPersistentFields [Ljava/io/ObjectStreamField; 3 [Ljava/io/ObjectStreamField;
ciInstanceKlass java/lang/AssertionStatusDirectives 0 0 24 10 100 100 1 1 1 1 1 1 1 1 1 1 1 1 1 1 1 1 1 12 1 1
ciInstanceKlass java/lang/invoke/VolatileCallSite 0 0 41 10 10 10 10 10 10 100 100 1 1 1 1 1 1 1 1 1 1 1 1 1 1 1 1 1 1 1 12 12 12 12 12 12 1 1 1 1 1 1 1
instanceKlass java/lang/invoke/VolatileCallSite
instanceKlass java/lang/invoke/MutableCallSite
instanceKlass java/lang/invoke/ConstantCallSite
ciInstanceKlass java/lang/invoke/CallSite 1 1 299 10 10 9 10 9 10 10 100 7 10 7 10 10 10 100 100 10 10 10 8 10 10 10 10 10 10 10 10 9 9 7 8 10 10 100 10 9 8 100 10 10 100 8 10 10 10 100 10 10 10 10 10 9 9 8 10 9 100 10 10 10 10 10 10 100 8 10 10 100 100 100 8 10 10 1 1 1 7 1 1 1 1 1 1 1 1 1 1 1 1 1 1 1 1 1 1 1 1 1 1 1 1 1 1 1 1 1 1 1 1 1 1 1 1 1 1 1 7 1 1 1 1 1 1 1 1 1 1 1 1 1 1 1 1 1 1 1 1 1 1 1 1 1 1 1 1 1 1 1 1 1 1 1 1 1 1 1 100 7 1 1 1 1 1 1 12 12 12 12 12 12 12 1 1 12 1 12 12 12 1 1 12 12 1 12 12 12 12 12 100 12 12 12 100 12 1 12 12 1 100 12 12 12 12 1 1 12 12 1 12 12 12 12 12 12 12 100 12 12 1 100 12 12 12 12 7 12 1 1 12 1 1 1 1 12 12 1 1 1 1 1 1 1 1 1 1 1 1 1 1 1 1 1 1 1 1 1 1 1 1 1 1 1 1 1 1 1 1 1 1 1 1 1 1 1 1 1 1 1 1 1 1 1 1 1 1 1 1 1 1 1 1 1 1 1 1 1 1
staticfield java/lang/invoke/CallSite $assertionsDisabled Z 1
ciInstanceKlass java/lang/invoke/MutableCallSite 0 0 67 10 10 9 10 10 10 9 10 10 100 10 100 100 1 1 1 1 1 1 1 1 1 1 1 1 1 1 1 1 1 1 1 1 1 1 1 1 1 100 1 1 1 1 12 12 12 12 12 12 12 12 100 12 1 12 1 1 1 1 1 1 1 1 1 1 1
ciInstanceKlass java/lang/invoke/ConstantCallSite 1 1 49 10 9 10 100 10 9 100 10 10 7 7 1 1 1 1 1 1 1 1 1 1 1 1 1 1 1 1 100 1 1 1 1 1 1 1 1 12 12 12 1 12 12 1 12 1 1 1 1
ciInstanceKlass java/lang/invoke/MethodHandleNatives$CallSiteContext 1 1 49 10 7 10 10 10 10 7 100 1 1 1 1 1 1 1 1 1 1 1 1 1 1 1 1 1 1 7 12 1 7 12 7 12 12 1 1 1 1 1 1 1 1 100 1 1 1 1 1
ciInstanceKlass java/lang/BootstrapMethodError 0 0 45 10 10 10 10 10 100 100 1 1 1 5 0 1 1 1 1 1 1 1 1 1 1 1 1 1 1 1 100 100 1 1 12 12 12 12 12 1 1 1 1 1 1 1 1
ciInstanceKlass java/lang/invoke/MethodType 1 1 674 7 10 9 9 9 10 9 8 10 10 9 9 10 100 10 8 10 10 10 100 8 10 100 10 10 10 10 11 9 11 7 7 10 10 9 10 10 10 10 10 10 9 7 10 7 10 10 10 10 10 10 10 10 10 8 8 10 9 100 10 10 10 10 10 10 10 10 10 8 10 10 10 10 10 10 10 10 10 9 10 10 10 10 9 7 10 10 10 10 10 10 10 10 100 8 8 8 10 10 10 10 11 11 10 9 10 10 10 10 10 10 10 10 10 10 10 10 9 7 10 10 10 10 10 10 10 8 10 11 9 10 10 10 10 10 9 9 10 9 10 10 100 10 7 10 7 7 9 100 1 1 100 1 1 1 1 5 0 1 1 1 1 1 1 1 1 1 1 1 1 1 1 1 1 1 1 1 3 1 3 1 3 1 1 1 1 1 1 1 1 1 1 1 1 1 1 1 1 1 1 1 1 1 1 1 1 1 1 1 1 1 1 1 1 1 1 1 1 1 1 1 1 1 1 1 1 1 1 1 1 1 1 1 1 1 1 1 1 1 1 1 1 1 1 1 1 1 1 1 1 1 1 1 1 1 1 1 1 1 1 1 1 1 1 1 1 1 1 1 1 1 1 1 1 1 1 1 1 1 1 1 1 1 1 1 1 1 1 1 1 1 1 1 1 1 1 1 1 1 1 1 1 1 1 1 1 1 1 1 1 1 1 1 1 1 1 1 1 1 1 1 1 1 1 1 1 1 1 1 1 1 1 1 1 1 1 1 1 1 1 1 1 1 1 1 1 1 1 7 1 1 1 1 1 1 1 1 1 1 1 1 1 1 1 1 1 1 1 1 1 1 1 100 1 1 1 1 1 1 1 1 1 1 1 100 100 1 7 7 1 1 1 1 1 1 1 1 1 1 1 1 100 1 1 1 100 1 1 1 1 1 1 1 100 1 12 12 12 12 7 12 7 12 1 100 12 12 7 7 12 1 1 12 12 12 1 1 12 1 12 12 12 12 12 12 1 7 12 12 12 12 12 12 7 12 12 12 12 1 12 1 12 12 7 12 12 12 12 12 12 12 1 1 12 12 1 12 12 12 12 100 12 12 12 1 12 7 12 12 12 12 12 12 12 12 12 12 12 12 12 1 12 7 12 12 7 12 12 12 1 1 1 1 12 12 12 12 12 100 12 12 12 12 12 12 12 12 12 12 12 12 12 12 1 12 12 12 12 12 12 12 1 7 12 12 12 12 12 100 12 12 12 12 12 100 12 12 100 12 12 12 1 1 1 12 1 1 1 1 1 1 1 1 1 1 1 1 1 1 1 1 1 1 1 1 1 1 1 1 1 1 1 1 1 1 1 1 1 1 1 1 1 1 1 1 1 1 1 1 1 1 1 1 1 1 1 1 1 1 1 1 1 1 1 1 1 1 1 1 1 1 1 1 1 1 1 1 1 1 1 1 1 1 1 1 1 1 1 1 1 1 1 1 1 1 1 1 1 1 1 1 1 1 1 1 1 1 1 1 1 1 1 1
staticfield java/lang/invoke/MethodType internTable Ljava/lang/invoke/MethodType$ConcurrentWeakInternSet; java/lang/invoke/MethodType$ConcurrentWeakInternSet
staticfield java/lang/invoke/MethodType NO_PTYPES [Ljava/lang/Class; 0 [Ljava/lang/Class;
staticfield java/lang/invoke/MethodType objectOnlyTypes [Ljava/lang/invoke/MethodType; 20 [Ljava/lang/invoke/MethodType;
staticfield java/lang/invoke/MethodType METHOD_HANDLE_ARRAY [Ljava/lang/Class; 1 [Ljava/lang/Class;
staticfield java/lang/invoke/MethodType serialPersistentFields [Ljava/io/ObjectStreamField; 0 [Ljava/io/ObjectStreamField;
staticfield java/lang/invoke/MethodType $assertionsDisabled Z 1
ciInstanceKlass java/lang/invoke/LambdaForm 1 1 1075 100 9 10 10 9 9 10 100 10 9 10 9 10 7 9 9 9 9 10 7 10 7 10 10 10 10 10 10 9 100 10 9 10 10 10 10 10 7 10 10 8 10 10 10 7 10 10 7 10 10 9 9 9 10 9 10 10 100 10 9 10 10 100 10 10 10 10 10 10 10 8 10 10 8 8 9 9 9 10 10 10 9 10 10 10 10 10 10 9 10 8 8 8 8 8 8 8 8 10 9 7 10 9 10 10 10 10 10 10 10 10 10 10 10 10 10 10 100 8 10 10 10 10 8 10 8 8 10 9 10 10 100 10 10 10 10 9 8 10 10 10 10 10 9 8 10 100 10 10 9 9 8 10 10 100 100 10 10 8 8 100 8 10 10 10 8 8 9 10 10 8 8 8 100 8 100 8 100 8 10 8 9 10 10 9 10 10 10 10 10 10 10 10 10 10 8 100 10 10 9 10 8 8 100 8 8 8 8 8 8 8 8 10 10 10 10 8 8 8 10 8 10 8 8 8 8 8 10 10 10 10 10 10 10 10 10 10 10 9 8 10 9 10 9 9 9 9 7 10 9 10 10 7 8 10 9 7 10 8 100 10 9 9 10 7 10 10 10 9 10 10 10 9 10 10 10 9 10 9 7 9 10 9 10 100 10 7 9 100 1 1 100 1 100 1 1 1 7 1 7 1 1 1 1 1 1 1 1 1 1 1 1 1 1 1 1 1 1 1 1 1 3 1 3 1 1 1 1 1 3 1 1 1 7 1 1 1 1 1 1 1 1 1 1 1 1 1 1 1 1 1 1 1 1 1 1 1 1 1 1 1 1 1 1 1 1 1 1 1 1 1 1 1 1 1 1 1 1 1 1 1 1 1 1 1 1 1 1 1 1 1 1 1 1 1 1 1 1 1 1 1 1 1 1 1 1 1 1 1 1 1 1 1 1 1 1 1 1 1 1 1 1 1 1 1 1 1 1 1 1 1 1 1 1 1 1 1 1 1 1 100 1 1 1 1 1 1 1 1 1 1 1 1 1 1 1 1 1 1 1 1 1 1 1 1 1 1 1 1 1 1 1 1 1 1 1 1 1 1 1 1 1 1 1 1 1 1 1 1 1 1 1 1 1 1 1 1 1 1 1 1 1 1 7 1 1 1 1 1 1 1 1 1 1 1 1 1 1 1 1 1 1 1 1 1 1 1 1 100 1 1 1 1 1 1 1 1 1 1 1 1 1 1 1 1 1 1 1 1 100 1 1 1 1 1 1 1 1 1 1 1 1 1 1 1 1 1 1 1 1 1 1 1 1 1 1 1 1 1 1 1 1 1 1 1 1 1 1 1 1 1 1 1 1 1 1 1 1 1 1 1 100 1 1 1 1 1 1 1 1 1 1 1 1 1 1 1 1 1 1 1 1 1 1 1 1 100 1 1 1 100 1 1 12 12 12 12 12 12 1 12 12 12 7 12 12 12 12 12 12 1 12 1 12 12 100 12 100 12 12 12 12 1 12 12 12 12 12 12 12 1 12 1 12 12 12 1 12 12 1 12 12 12 12 12 12 12 12 12 1 12 12 12 12 1 12 12 12 12 12 12 12 1 12 12 1 1 12 12 12 12 7 12 12 12 7 12 12 12 12 12 12 12 1 1 1 1 1 1 1 1 12 12 1 12 12 12 12 12 12 12 12 12 12 12 12 12 12 12 1 1 12 12 12 1 12 1 1 12 12 12 12 1 12 12 7 12 12 12 1 100 12 12 12 12 12 12 1 12 12 7 12 12 1 12 12 1 1 12 1 1 1 1 12 12 12 1 1 12 12 12 1 1 1 1 1 1 1 1 1 12 1 12 12 12 12 12 12 12 12 12 12 12 12 1 12 12 12 12 1 1 1 1 1 1 1 1 1 1 1 12 12 12 12 1 1 1 12 1 12 1 1 1 1 1 12 12 12 7 12 12 12 12 12 12 12 12 12 1 12 12 12 12 12 12 12 1 7 12 12 12 12 1 1 12 12 1 12 1 1 12 12 12 12 1 12 7 12 12 7 12 12 12 12 12 12 12 12 12 12 12 12 12 1 1 1 1 1 1 1 1 1 1 1 1 1 1 1 1 1 1 1 1 1 1 1 1 1 1 1 1 1 1 1 1 1 1 1 1 1 1 1 1 1 1 1 1 1 1 1 1 1 1 1 1 1 1 1 1 1 1 1 1 1 1 1 1 1 1 1 1 1 1 1 1 1 1 1 1 1 1 1 1 1 1 1 1 1 1 1 1 1 1 1 1 1 1 1 1 1 1 1 1 1 1 1 1 1 1 1 1 1 1 1 1 1 1 1 1 1 1 1 1 1 1 1 1 1 1 1 1 1 1 1 1 1 1 1 1 1 1 1 1 1 1 1 1 1 1 1 1 1 1 1 1 1 1 1 1 1 1 1 1 1
staticfield java/lang/invoke/LambdaForm COMPILE_THRESHOLD I 0
staticfield java/lang/invoke/LambdaForm INTERNED_ARGUMENTS [[Ljava/lang/invoke/LambdaForm$Name; 5 [[Ljava/lang/invoke/LambdaForm$Name;
staticfield java/lang/invoke/LambdaForm IMPL_NAMES Ljava/lang/invoke/MemberName$Factory; java/lang/invoke/MemberName$Factory
staticfield java/lang/invoke/LambdaForm LF_identity [Ljava/lang/invoke/LambdaForm; 6 [Ljava/lang/invoke/LambdaForm;
staticfield java/lang/invoke/LambdaForm LF_zero [Ljava/lang/invoke/LambdaForm; 6 [Ljava/lang/invoke/LambdaForm;
staticfield java/lang/invoke/LambdaForm NF_identity [Ljava/lang/invoke/LambdaForm$NamedFunction; 6 [Ljava/lang/invoke/LambdaForm$NamedFunction;
staticfield java/lang/invoke/LambdaForm NF_zero [Ljava/lang/invoke/LambdaForm$NamedFunction; 6 [Ljava/lang/invoke/LambdaForm$NamedFunction;
staticfield java/lang/invoke/LambdaForm createFormsLock Ljava/lang/Object; java/lang/Object
staticfield java/lang/invoke/LambdaForm DEBUG_NAME_COUNTERS Ljava/util/HashMap; null
staticfield java/lang/invoke/LambdaForm DEBUG_NAMES Ljava/util/HashMap; null
staticfield java/lang/invoke/LambdaForm TRACE_INTERPRETER Z 0
staticfield java/lang/invoke/LambdaForm $assertionsDisabled Z 1
ciInstanceKlass java/lang/invoke/MethodHandleNatives 1 1 660 100 10 9 10 100 10 10 10 10 8 8 8 8 8 8 8 8 8 8 7 10 7 10 10 7 10 10 8 10 8 10 8 10 9 8 10 100 10 100 100 8 7 7 10 10 7 9 10 10 10 7 10 10 10 10 10 9 8 10 8 10 8 8 8 100 10 8 10 10 10 100 8 10 7 8 10 8 8 8 8 8 10 10 10 10 10 7 10 100 100 10 10 8 8 10 10 10 8 10 8 8 10 10 100 10 7 9 10 10 10 9 10 9 9 10 10 10 7 7 10 10 10 10 10 8 10 10 10 10 10 10 100 8 10 9 10 10 100 10 10 100 100 10 10 100 100 10 100 10 10 10 10 10 10 10 10 10 10 10 10 8 100 10 10 10 10 10 10 7 10 10 10 10 1 1 7 1 1 1 1 1 1 1 1 1 1 1 1 1 1 1 1 1 100 1 1 1 1 1 1 1 1 1 1 1 1 1 1 1 1 1 1 1 1 1 1 1 1 1 1 1 1 1 1 1 1 1 1 1 1 1 1 1 1 1 1 1 1 1 1 1 1 1 1 1 1 1 100 1 1 1 1 1 1 1 1 1 1 1 1 1 1 1 1 1 1 1 1 1 1 7 1 1 1 1 1 1 1 1 1 1 1 1 1 1 1 1 1 1 1 1 1 1 1 1 1 1 1 1 1 1 1 1 1 1 1 1 1 1 1 1 1 1 7 1 1 1 1 1 1 1 1 1 1 1 1 100 1 1 1 1 1 1 1 1 1 1 1 1 1 1 7 1 1 1 1 1 1 1 1 1 1 1 1 1 1 100 1 1 1 1 1 1 1 1 1 1 1 1 1 1 1 1 12 12 12 1 12 12 12 1 1 1 1 1 1 1 1 1 1 1 12 1 12 12 1 12 1 12 1 12 1 12 100 12 1 100 12 1 12 1 1 1 1 1 12 1 7 12 12 12 12 1 12 7 12 12 12 12 12 1 12 1 12 1 1 1 1 12 1 12 12 7 12 1 100 12 1 1 12 1 1 1 1 1 12 12 12 12 12 1 12 1 1 12 12 1 1 12 12 1 100 12 1 1 12 12 1 12 1 12 7 12 12 12 12 12 12 12 12 12 1 1 12 12 12 7 12 12 1 12 12 12 12 7 12 12 1 1 12 12 12 1 12 12 1 1 1 1 1 12 12 12 12 12 12 12 12 12 1 1 12 12 12 12 12 12 1 12 12 12 1 1 1 1 1 100 1 1 1 1 1 1 1 1 1 1 1 1 1 1 1 1 1 1 1 1 1 1 1 1 1 1 1 1 1 1 1 1 1 1 1 1 1 1 1 1 1 1 1 1 1 1 1 1 1 1 1 1 1 1 1 1 1 1 1 1 1 1 1 1 1 1 1 1 1 1 1 1 1 1 1 1 1 1 1 1 1 1 1 1 1 1 1 1 1 1 1 1 1 1 1 1 1 1 1 1 1 1 1 1 1 1 1 1 1 1 1 1
staticfield java/lang/invoke/MethodHandleNatives $assertionsDisabled Z 1
ciInstanceKlass java/lang/invoke/ResolvedMethodName 1 1 16 10 100 100 1 1 1 1 1 1 1 1 1 12 1 1
ciInstanceKlass java/lang/invoke/MemberName 1 1 747 7 7 100 9 10 9 10 10 10 10 10 10 10 9 10 100 100 10 8 10 10 10 10 9 8 10 7 7 10 10 100 100 7 10 9 100 8 10 10 10 10 10 10 10 10 10 10 8 8 8 10 10 9 3 10 10 10 10 10 10 10 10 10 7 8 10 10 8 9 8 9 10 8 10 10 10 10 10 100 10 10 8 10 10 8 10 10 7 10 10 8 8 100 10 10 100 10 10 10 10 10 10 10 10 10 3 10 3 10 3 3 3 3 3 3 100 10 10 10 3 9 10 3 10 10 10 10 10 10 10 10 10 10 10 10 10 10 100 10 10 10 100 10 10 10 10 10 10 8 10 10 10 10 10 10 10 10 10 10 10 10 10 100 10 100 8 10 7 10 10 10 10 10 8 8 8 8 10 10 10 8 8 10 8 10 10 10 8 8 10 10 8 10 8 10 10 10 8 8 8 100 10 8 8 8 8 10 100 100 100 10 100 10 100 10 9 10 100 100 7 1 1 1 1 1 1 1 1 1 1 1 1 1 1 1 1 1 3 1 3 1 3 1 3 1 3 1 3 1 1 1 1 1 1 1 1 3 1 1 1 1 3 1 1 1 1 1 1 1 1 1 1 1 1 1 1 1 1 1 1 1 1 1 1 1 1 1 1 1 1 1 1 1 1 1 1 1 1 1 1 1 1 1 1 1 1 1 1 1 1 1 1 1 1 1 1 1 1 1 1 1 1 1 1 1 1 1 1 1 1 1 1 1 1 1 1 1 1 1 1 1 1 1 1 1 1 1 1 1 1 1 1 1 1 1 1 1 1 1 1 1 1 1 1 1 1 1 1 1 1 1 1 1 1 1 1 1 1 1 1 1 1 1 7 1 1 1 1 1 1 1 1 1 1 1 100 1 1 1 1 1 1 100 1 1 1 1 1 1 1 1 1 1 1 1 1 1 1 1 1 1 1 1 1 1 1 1 1 1 1 1 1 1 1 1 1 1 1 1 1 1 1 1 1 1 1 1 1 1 1 100 1 1 100 1 1 1 1 1 1 1 1 1 7 1 1 12 12 12 12 12 12 12 12 12 12 100 12 12 1 1 12 1 12 12 12 12 12 1 100 12 1 1 12 1 12 12 1 1 12 12 12 12 12 12 12 12 12 12 1 1 1 100 12 12 12 12 12 12 12 12 12 12 12 1 12 12 100 100 12 1 12 12 12 12 12 1 12 12 1 12 12 1 12 12 1 12 12 1 1 1 12 100 12 1 12 12 12 12 12 12 12 12 12 12 100 1 12 7 12 12 12 12 12 7 12 12 12 12 12 12 12 12 12 1 12 1 12 12 12 12 12 12 12 12 12 12 12 12 12 1 12 1 1 1 12 12 12 12 12 1 1 1 1 12 12 12 1 1 12 1 12 12 1 1 12 1 12 1 12 12 12 1 1 1 1 1 1 1 1 12 1 1 1 1 1 12 12 12 1 1 1 1 1 1 1 1 1 1 1 1 1 1 1 1 1 1 1 1 1 1 1 1 1 1 1 1 1 1 1 1 1 1 1 1 1 1 1 1 1 1 1 1 1 1 1 1 1 1 1 1 1 1 1 1 1 1 1 1 1 1 1 1 1 1 1 1 1 1 1 1 1 1 1 1 1 1 1 1 1 1 1 1 1 1 1 1 1 1 1 1 1 1 1 1 1
staticfield java/lang/invoke/MemberName $assertionsDisabled Z 1
ciInstanceKlass jdk/internal/reflect/CallerSensitive 0 0 17 100 100 100 1 1 1 1 1 1 1 1 1 1 1 1 1
instanceKlass jdk/internal/reflect/UnsafeStaticBooleanFieldAccessorImpl
instanceKlass jdk/internal/reflect/UnsafeStaticIntegerFieldAccessorImpl
instanceKlass jdk/internal/reflect/UnsafeStaticObjectFieldAccessorImpl
instanceKlass jdk/internal/reflect/UnsafeQualifiedStaticFieldAccessorImpl
ciInstanceKlass jdk/internal/reflect/UnsafeStaticFieldAccessorImpl 1 1 43 10 9 10 9 7 7 8 10 7 1 1 1 1 1 1 1 1 1 1 1 1 1 1 1 12 12 7 12 12 1 1 7 12 1 1 1 1 1 1 1 1 1
instanceKlass jdk/internal/reflect/UnsafeFieldAccessorImpl
ciInstanceKlass jdk/internal/reflect/FieldAccessorImpl 1 1 59 10 100 7 100 1 1 1 1 1 1 1 1 1 1 100 1 1 1 1 1 1 1 1 1 1 1 1 1 1 1 1 1 1 100 1 1 1 1 1 1 1 1 1 1 1 1 1 1 1 1 1 1 12 1 1 1 1 1
instanceKlass jdk/internal/reflect/UnsafeByteFieldAccessorImpl
instanceKlass jdk/internal/reflect/UnsafeFloatFieldAccessorImpl
instanceKlass jdk/internal/reflect/UnsafeIntegerFieldAccessorImpl
instanceKlass jdk/internal/reflect/UnsafeLongFieldAccessorImpl
instanceKlass jdk/internal/reflect/UnsafeQualifiedFieldAccessorImpl
instanceKlass jdk/internal/reflect/UnsafeBooleanFieldAccessorImpl
instanceKlass jdk/internal/reflect/UnsafeDoubleFieldAccessorImpl
instanceKlass jdk/internal/reflect/UnsafeObjectFieldAccessorImpl
instanceKlass jdk/internal/reflect/UnsafeStaticFieldAccessorImpl
ciInstanceKlass jdk/internal/reflect/UnsafeFieldAccessorImpl 1 1 254 10 9 10 10 9 10 9 10 10 9 10 10 10 10 7 10 10 10 8 10 10 7 8 10 8 10 8 10 100 10 10 8 10 8 10 8 10 8 10 8 10 8 10 8 10 8 10 8 10 10 8 8 8 8 8 8 10 8 8 8 10 10 7 7 1 1 1 1 1 1 1 1 1 1 1 1 1 1 1 1 7 1 1 1 1 1 1 1 1 1 1 1 1 1 1 1 7 100 1 1 1 1 1 1 1 1 1 1 1 1 1 1 1 1 1 1 1 1 1 1 1 1 1 1 1 1 1 1 1 1 1 1 1 1 1 1 1 12 12 12 7 12 12 7 12 12 12 12 12 12 12 7 12 12 1 12 12 1 12 1 1 12 1 12 1 12 1 12 1 12 1 100 12 1 100 12 1 100 12 1 100 12 1 100 12 1 100 12 1 100 12 1 100 12 12 1 1 1 1 1 1 12 1 1 1 12 12 1 1 1 1 1 1 1 1 1 1 1 1 1 1 1 1 1 1 1 1 1 1 1 1 1 1 1 1 1 1 1 1 1 1 1 1 1 1 1 1 1 1 1 1 1 1
staticfield jdk/internal/reflect/UnsafeFieldAccessorImpl unsafe Ljdk/internal/misc/Unsafe; jdk/internal/misc/Unsafe
ciInstanceKlass jdk/internal/reflect/ConstantPool 1 1 138 10 9 10 10 10 10 10 10 10 10 10 10 10 10 10 10 10 10 10 10 10 7 7 8 10 100 100 1 1 1 1 1 1 1 1 1 1 1 1 1 1 1 1 1 1 1 1 1 1 1 1 1 1 1 1 1 1 1 1 1 1 1 1 1 1 1 1 1 1 1 1 1 1 1 1 1 1 1 1 1 1 1 1 1 1 1 1 1 1 1 1 1 1 1 1 1 1 1 1 1 1 1 1 1 1 12 12 12 12 12 12 12 12 12 12 12 12 12 12 12 12 12 12 12 12 12 1 1 7 12 1 1 1 1 1 1 1
ciInstanceKlass jdk/internal/reflect/DelegatingClassLoader 1 1 18 10 100 7 1 1 1 1 1 1 1 1 1 1 1 12 1 1
ciInstanceKlass java/lang/reflect/Method 1 1 441 9 10 10 9 10 10 10 10 9 9 9 9 9 9 9 9 9 9 9 7 8 10 7 10 9 8 10 10 10 10 10 10 10 7 10 10 10 7 10 10 10 10 10 10 10 10 10 10 10 10 10 10 10 7 8 10 100 8 10 10 10 10 10 10 10 11 9 10 10 10 10 11 10 7 10 10 10 10 9 10 10 10 10 10 11 10 7 100 100 10 10 10 100 10 8 10 10 10 10 10 8 10 7 1 1 1 1 1 1 1 1 1 1 1 1 1 1 1 1 1 1 1 1 1 1 1 1 1 1 1 1 1 1 1 1 1 1 1 1 1 1 1 1 1 1 1 1 1 1 1 1 1 1 1 1 1 1 1 1 1 1 1 1 1 1 1 1 1 1 1 1 1 1 1 1 1 1 1 1 1 1 1 1 1 1 1 1 1 1 1 1 1 1 1 1 1 1 1 1 1 1 1 1 1 1 1 1 1 1 1 7 100 7 7 1 7 7 1 1 1 1 1 1 1 1 1 1 1 1 1 1 1 1 1 1 1 1 1 1 1 1 1 1 1 1 1 1 1 1 1 1 1 1 1 1 12 7 12 7 12 12 12 12 7 12 12 12 12 12 12 12 12 12 12 12 12 12 1 1 12 1 12 12 1 7 12 7 12 12 12 12 12 12 1 12 12 7 12 12 7 12 12 12 12 12 7 12 12 12 12 12 12 12 1 1 1 1 12 12 12 12 12 12 12 100 12 12 12 12 12 12 12 1 12 12 12 12 12 7 12 12 7 12 7 12 7 12 7 12 7 12 1 1 1 12 12 12 1 1 12 12 12 12 1 12 1 1 1 1 1 1 1 1 1 1 1 1 1 1 1 1 1 1 1 1 1 1 1 1 1 1 1 1 1 1 1 1 1 1 1 1 1 1 1 1 1 1 1 1 1 1 1 1 1 1 1 1 1 1 1 1 1 1 1 1 1 1 1 1 1 1 1 1 1 1 1 1 1 1 1
ciInstanceKlass java/lang/reflect/Parameter 0 0 226 10 9 9 9 9 100 10 10 10 100 10 10 11 10 10 10 10 10 8 8 10 10 10 8 10 8 10 9 10 9 10 10 10 10 10 10 10 10 11 10 100 10 10 10 10 10 9 100 10 11 11 100 100 1 1 1 1 1 1 1 1 1 1 1 1 1 1 1 1 1 1 1 1 1 1 1 1 1 1 1 1 1 1 1 1 1 1 1 1 1 1 1 100 100 1 1 1 1 1 1 1 1 1 1 1 100 1 1 1 1 1 1 1 1 1 1 1 1 1 1 1 1 1 1 1 1 1 1 100 1 1 1 12 12 12 12 12 1 12 12 100 12 1 12 12 12 100 12 12 12 12 1 1 12 12 12 1 1 12 12 12 12 12 12 12 12 12 100 12 12 100 12 12 1 100 12 12 12 12 12 12 1 12 12 1 1 1 1 1 1 1 1 1 1 1 1 1 1 1 1 1 1 1 1 1 1 1 1 1 1 1 1 1 1 1 1 1 1 1 1 1 1 1 1 1
ciInstanceKlass java/lang/reflect/Field 1 1 433 9 10 10 10 9 10 10 10 10 9 9 9 9 9 9 9 100 8 10 7 10 9 9 10 10 10 10 10 10 7 10 10 10 10 10 10 10 7 10 8 10 10 8 10 10 8 8 10 11 9 10 10 11 11 11 11 11 11 11 11 11 11 11 11 11 11 11 11 11 11 10 10 10 10 10 9 10 10 10 10 11 10 100 10 10 9 10 11 10 10 9 10 10 7 100 1 1 1 1 1 1 1 1 1 1 1 1 1 1 1 1 1 1 1 1 1 1 1 1 1 1 1 1 1 1 1 1 1 1 1 1 1 1 1 1 1 1 1 1 1 1 1 1 1 1 1 1 1 1 1 1 1 1 1 1 1 1 1 1 1 1 1 1 1 1 1 1 1 7 1 1 1 1 100 1 1 1 100 1 1 1 1 1 1 1 1 1 1 1 1 1 1 1 1 1 1 1 1 1 1 1 1 1 1 1 1 1 1 1 1 1 1 1 1 1 1 1 1 1 1 1 1 1 1 1 1 1 1 7 7 1 1 1 1 1 7 1 1 1 1 1 1 1 1 1 1 1 1 1 1 1 1 1 1 1 1 7 100 1 1 1 1 1 1 1 1 12 12 7 12 7 12 12 12 12 7 12 12 12 12 12 12 12 12 12 1 1 12 1 12 12 12 12 7 12 12 12 12 12 1 12 12 12 12 12 12 1 1 12 12 1 12 12 1 1 12 12 12 12 12 12 12 12 12 12 12 12 12 12 12 12 12 12 12 12 12 12 12 12 12 12 12 7 12 12 7 12 12 12 1 100 12 7 12 12 7 12 7 12 12 12 100 12 100 12 12 1 1 1 1 1 1 1 1 1 1 1 1 1 1 1 1 1 1 1 1 1 1 1 1 1 1 1 1 1 1 1 1 1 1 1 1 1 1 1 1 1 1 1 1 1 1 1 1 1 1 1 1 1 1 1 1 100 1 1 1 1 1 1 1 1 1
ciInstanceKlass java/lang/Module 1 1 907 10 9 10 9 9 9 10 10 10 10 7 10 10 7 11 7 10 10 9 10 10 8 10 10 10 9 11 9 10 9 10 10 100 100 10 10 8 10 10 10 10 10 10 9 10 10 9 10 10 9 11 7 10 9 9 10 7 7 10 100 8 10 10 10 8 10 10 10 10 8 8 10 10 10 18 10 11 9 11 10 100 8 10 7 10 10 11 11 9 11 10 10 9 10 10 10 10 18 11 10 11 10 11 4 10 7 10 11 7 10 11 7 10 7 8 10 10 7 10 10 7 7 10 9 100 10 11 10 10 10 11 7 10 11 10 11 10 10 10 10 10 10 10 10 18 11 11 18 10 10 10 7 10 10 10 9 7 10 10 10 10 10 10 10 10 10 9 18 10 7 100 8 10 10 10 100 10 100 8 100 10 100 100 3 10 100 10 10 10 100 10 10 100 100 10 8 10 10 10 10 10 10 10 100 10 10 10 100 8 10 10 8 10 8 10 10 10 8 10 7 10 10 10 11 100 7 1 1 1 1 1 1 1 1 1 1 1 1 1 1 1 1 1 1 1 1 1 1 1 1 1 1 1 1 1 1 1 1 1 1 1 1 1 1 1 1 1 1 1 1 1 1 7 1 1 1 1 1 1 1 1 1 1 100 1 1 1 1 1 1 1 1 1 1 1 1 1 1 1 1 1 1 1 1 1 1 1 1 1 1 1 1 1 1 1 1 1 1 1 1 1 1 1 1 1 1 1 1 1 1 1 1 1 1 1 1 1 1 1 1 100 1 1 1 1 1 1 1 1 1 1 1 1 1 1 1 1 1 1 1 1 100 1 1 1 1 1 1 1 1 1 1 1 1 1 1 1 1 1 1 1 1 1 1 1 1 1 1 1 1 1 1 1 7 7 7 7 7 1 1 1 1 1 1 1 1 1 1 1 1 1 1 1 1 1 1 1 1 100 1 1 1 1 1 1 1 1 1 1 1 1 1 1 1 1 1 1 1 1 100 1 1 1 1 1 1 1 1 1 1 1 1 1 100 100 1 100 1 1 1 1 1 100 1 1 1 1 1 1 1 1 1 1 1 1 1 1 1 1 1 7 1 1 1 1 1 1 1 1 1 12 12 12 12 12 12 12 12 12 12 1 7 12 12 1 12 12 7 12 100 12 12 12 1 12 12 12 12 12 12 7 12 12 7 12 12 1 1 12 1 12 12 12 12 12 12 12 12 12 12 12 12 12 12 1 12 12 12 12 1 1 12 1 1 12 12 1 12 12 12 12 1 1 12 12 12 1 15 16 15 16 12 12 12 12 12 7 12 1 1 1 12 12 12 12 12 12 12 12 12 12 7 12 16 15 16 12 12 100 12 12 12 12 12 1 12 1 12 1 7 12 100 1 1 1 12 12 1 12 12 1 1 12 12 1 12 12 12 12 1 12 12 12 12 12 12 12 12 12 12 12 16 15 16 12 12 12 15 16 12 12 12 12 1 12 12 12 12 1 12 12 12 12 12 12 12 16 15 16 12 100 12 1 1 1 12 12 12 1 12 1 1 1 1 1 12 1 12 12 12 1 12 12 1 1 12 1 12 12 7 12 12 12 12 12 1 12 12 1 1 12 100 12 1 12 1 12 12 12 1 1 12 12 12 1 1 1 1 1 1 1 1 1 1 1 1 1 1 1 1 1 1 1 1 1 1 1 1 1 1 1 1 1 1 1 1 1 1 1 1 1 1 1 1 1 1 1 1 1 1 1 1 1 1 1 1 1 1 1 1 1 1 1 1 10 10 1 1 1 1 1 1 1 1 1 1 1 1 1 1 1 1 10 1 1 1 1 1 1 1 1 1 1 1 1 1 1 1 1 1 1 1 1 1 1 1 1 1 1 1 1 1 1 1 1 1 1 10 1 1 1 1 1 1 10 1 1 1 1 1 1 10 1 1 1 1 1 1 1 1 1 1 1 1 1 1 1 1 1 1 1 1 1 1 1 1 1 1 1 1 1 1 1 1 1 1 1 1 1 1 7 12 12 100 12 12 12 1 1 100 1 1 1 100 1 1
staticfield java/lang/Module ALL_UNNAMED_MODULE Ljava/lang/Module; java/lang/Module
staticfield java/lang/Module ALL_UNNAMED_MODULE_SET Ljava/util/Set; java/util/ImmutableCollections$Set12
staticfield java/lang/Module EVERYONE_MODULE Ljava/lang/Module; java/lang/Module
staticfield java/lang/Module EVERYONE_SET Ljava/util/Set; java/util/ImmutableCollections$Set12
staticfield java/lang/Module $assertionsDisabled Z 1
instanceKlass java/security/Provider
ciInstanceKlass java/util/Properties 1 1 645 10 100 10 7 10 9 9 9 10 10 8 10 7 10 10 8 10 7 10 10 9 10 7 10 10 10 100 8 10 10 10 10 100 3 10 10 10 8 10 10 10 10 10 100 7 10 10 100 9 10 10 10 7 10 10 10 11 11 11 7 11 11 10 8 10 10 100 10 10 10 9 10 10 100 100 100 10 8 8 10 10 10 7 10 10 10 7 10 10 11 10 8 10 11 8 10 11 9 10 10 10 10 10 10 10 10 10 10 10 10 10 10 10 7 10 10 10 10 10 10 10 10 10 10 10 10 10 10 10 10 7 10 100 10 11 4 11 10 10 11 10 10 10 100 8 10 10 10 100 6 0 10 11 10 10 1 1 1 1 1 1 5 0 1 1 1 1 1 1 1 1 1 1 1 1 1 1 1 1 1 1 1 1 1 1 1 1 1 1 1 1 1 1 1 1 1 1 1 1 1 1 1 1 1 1 1 1 1 1 1 1 1 1 1 1 1 1 1 1 1 1 1 100 1 1 1 1 1 1 1 1 1 1 1 1 1 1 1 1 1 1 1 1 1 1 1 1 1 100 1 1 1 1 1 1 1 1 1 100 7 100 1 1 1 100 1 1 1 1 1 1 1 1 1 1 1 1 1 1 1 1 1 1 1 1 1 1 1 1 1 1 1 1 1 1 1 1 7 100 1 1 100 1 1 1 1 1 1 1 1 1 1 1 1 1 1 1 1 1 1 1 1 1 1 1 1 1 1 1 1 1 1 1 1 1 1 1 1 1 1 1 1 1 1 1 1 1 1 1 1 1 1 1 1 1 1 1 1 1 1 1 1 1 1 1 1 1 1 1 1 1 1 1 1 1 1 1 1 1 1 1 1 1 1 1 1 1 1 1 1 1 1 1 100 100 1 1 1 1 100 1 1 1 1 1 12 1 12 1 12 12 12 12 7 12 12 1 7 12 1 12 12 1 12 1 12 12 12 12 1 12 12 12 1 1 12 12 12 12 1 12 12 1 12 12 12 12 12 1 1 12 12 1 100 12 12 12 12 1 12 7 12 12 12 1 12 12 12 1 12 12 1 12 100 12 100 12 12 100 12 1 1 1 1 1 12 12 12 1 12 12 1 12 12 7 12 1 12 1 12 12 12 12 12 12 12 12 12 12 12 12 12 12 1 12 12 12 12 12 12 12 12 12 12 12 12 12 12 12 1 12 1 12 12 12 12 12 100 12 12 1 1 12 100 12 1 12 100 12 12 12 1 1 1 1 1 1 1 1 1 1 1 1 1 1 1 1 1 1 1 1 1 1 1 1 1 1 1 1 1 1 1 1 1 1 1 1 1 1 1 1 1 1 1 1 1 1 1 1 1 1 1 1 1 1 1 1 1 1 100 1 1 1 1 1 1 1 1 1 1 1 1 1 1 1 1 1 1 1 1 1 1 1 1 1 1 1 1 1 1 1 1 1 1
staticfield java/util/Properties UNSAFE Ljdk/internal/misc/Unsafe; jdk/internal/misc/Unsafe
staticfield java/util/Properties hexDigit [C 16
instanceKlass java/util/Hashtable
ciInstanceKlass java/util/Dictionary 1 1 36 10 100 7 1 1 1 1 1 1 1 1 1 1 1 1 1 1 1 1 1 1 1 1 1 1 1 1 1 1 1 1 1 12 1 1
instanceKlass javax/swing/UIDefaults
instanceKlass java/util/Properties
ciInstanceKlass java/util/Hashtable 1 1 512 100 10 9 100 100 10 8 10 10 10 10 10 8 10 9 7 9 7 4 10 9 4 10 11 10 10 9 10 100 10 9 10 9 10 10 3 9 9 3 10 10 10 11 11 11 11 100 11 11 10 10 10 9 9 9 10 100 100 10 10 8 10 10 8 10 8 10 7 10 10 7 10 10 100 10 100 10 10 100 11 11 100 10 10 10 11 100 10 11 11 10 10 10 10 10 10 10 8 10 100 8 10 4 10 4 10 8 10 10 100 11 10 10 10 10 7 100 100 1 1 1 100 1 1 1 1 1 1 1 1 1 1 1 1 1 1 1 1 1 5 0 1 1 1 1 1 1 1 1 1 1 3 1 3 1 3 1 1 1 1 1 1 1 1 1 1 1 1 1 1 1 1 1 1 1 1 1 1 1 1 1 1 1 1 1 1 1 1 1 1 1 1 1 1 1 100 1 1 1 1 1 7 1 1 1 1 1 1 1 1 1 1 1 1 1 1 1 1 1 1 1 1 1 1 1 1 1 100 1 1 1 1 1 1 1 1 1 1 1 1 1 1 1 1 1 100 1 1 1 1 1 1 1 1 1 1 1 1 1 1 1 1 1 1 1 1 1 1 1 1 1 1 1 1 1 1 100 1 1 1 1 1 1 1 100 1 1 1 1 1 1 1 1 1 1 1 1 1 100 1 1 1 1 1 1 1 1 1 1 1 1 1 1 1 100 1 1 1 100 100 1 1 1 1 1 1 100 1 1 100 1 1 1 1 1 1 1 1 1 1 1 1 12 12 1 1 1 12 12 12 12 7 12 1 12 12 1 12 1 7 12 12 12 12 12 12 12 12 1 12 12 12 12 12 12 12 12 12 12 12 100 12 12 12 1 12 12 12 12 12 12 12 12 1 1 12 1 12 1 1 7 12 1 12 12 1 12 12 1 1 12 1 12 12 1 100 12 12 1 12 12 12 12 12 12 12 12 100 12 12 1 1 12 12 1 12 100 12 1 100 12 12 12 12 1 1 1 1 1 1 1 1 1 1 1 1 1 1 1 1 1 1 1 1 1 1 1 1 1 1 1 1 1 1 1 1 1 1 1 1 1 1 1 1 1 1 1 1 1 1 1 1 1 1 1 1 1 1 1 1 1 1 1 1 1 1 1 1 1 1 1
ciInstanceKlass java/lang/ref/Finalizer 1 1 139 9 10 9 9 9 9 7 10 10 7 11 100 10 100 10 10 10 100 10 10 7 10 7 10 10 10 10 7 10 7 10 10 10 7 1 1 1 1 1 1 1 1 1 1 1 1 1 1 1 1 1 1 1 1 1 1 1 1 1 1 1 1 1 1 1 1 1 1 1 1 1 1 1 1 7 1 1 1 1 12 12 12 12 12 12 1 12 12 1 7 12 1 12 1 12 100 12 100 12 1 12 12 1 1 12 12 12 1 12 1 12 12 12 1 1 1 1 1 1 1 1 1 1 1 1 1 1 1 1 1 1 1 1 1 1 1 1 1
staticfield java/lang/ref/Finalizer lock Ljava/lang/Object; java/lang/Object
instanceKlass java/lang/ref/Finalizer
ciInstanceKlass java/lang/ref/FinalReference 1 1 36 10 100 8 10 100 7 1 1 1 1 1 1 1 1 1 1 1 1 1 1 1 1 1 1 1 1 1 1 12 1 1 12 1 1 1
ciInstanceKlass java/lang/IllegalMonitorStateException 1 1 26 10 10 100 100 1 1 1 5 0 1 1 1 1 1 1 1 1 1 1 1 1 12 12 1 1
ciInstanceKlass java/lang/StackOverflowError 1 1 26 10 10 100 100 1 1 1 5 0 1 1 1 1 1 1 1 1 1 1 1 1 12 12 1 1
ciInstanceKlass java/lang/ArrayStoreException 1 1 26 10 10 100 100 1 1 1 5 0 1 1 1 1 1 1 1 1 1 1 1 1 12 12 1 1
ciInstanceKlass java/lang/ClassCastException 1 1 26 10 10 100 100 1 1 1 5 0 1 1 1 1 1 1 1 1 1 1 1 1 12 12 1 1
ciInstanceKlass java/lang/NoClassDefFoundError 0 0 26 10 10 100 100 1 1 1 5 0 1 1 1 1 1 1 1 1 1 1 1 1 12 12 1 1
ciInstanceKlass java/lang/ClassNotFoundException 1 1 37 100 10 10 9 100 7 1 1 1 5 0 1 1 1 1 1 1 1 1 1 1 1 1 1 1 1 1 1 1 1 12 12 12 1 1 1
ciInstanceKlass java/security/AccessControlContext 1 1 367 9 9 10 8 10 10 9 9 9 10 7 100 10 11 11 11 11 7 11 10 10 9 10 11 10 7 100 8 10 10 7 10 9 9 9 9 9 9 9 10 9 10 10 8 10 10 10 7 10 10 10 10 8 10 8 10 8 8 10 8 10 8 10 10 10 8 8 100 10 10 7 10 8 10 10 10 8 10 10 10 7 10 10 10 10 10 10 10 10 7 1 1 1 1 1 1 1 1 1 1 1 1 1 1 1 1 1 1 1 1 1 1 1 1 1 1 1 1 1 1 1 1 1 1 100 1 1 1 1 1 1 100 1 1 1 1 1 1 100 1 1 1 1 1 1 1 1 100 1 1 1 1 1 1 1 1 1 1 1 1 1 1 100 1 1 1 1 1 1 1 1 1 1 1 1 1 1 1 1 1 1 1 1 1 1 1 1 1 1 1 1 1 1 1 1 1 1 1 1 1 1 1 1 1 1 1 1 1 1 1 1 1 1 12 12 7 12 1 7 12 12 12 12 12 7 12 1 12 12 12 12 12 1 12 12 7 12 100 12 12 12 1 1 1 12 12 1 7 12 12 12 12 12 12 12 12 7 12 12 12 12 1 12 12 100 12 1 12 100 12 1 12 1 100 12 1 1 12 1 12 1 12 12 12 1 1 1 12 12 1 12 1 12 12 1 12 12 12 1 12 12 12 12 12 12 1 1 1 1 1 1 1 1 1 1 1 1 1 1 1 1 1 1 1 1 1 1 1 1 1 1 1 1 1 1 1 1 1 1 1 1 1 1 1 1 1 1 1 1 1 1 1 1 1 1 1 1 1 1 1 1 1 1 1 1 1
ciInstanceKlass java/security/ProtectionDomain 1 1 331 10 9 7 10 9 9 9 10 7 9 9 7 9 9 10 7 10 10 10 10 9 9 10 7 10 100 10 9 8 100 8 10 10 10 10 8 11 8 10 8 8 10 10 10 10 8 10 8 8 10 9 10 9 10 100 100 10 10 7 10 100 10 10 11 11 100 11 10 10 11 11 10 10 10 11 10 8 8 10 7 10 10 7 1 1 100 1 1 1 1 1 1 1 1 1 1 1 1 1 1 1 1 1 1 1 1 1 1 1 1 100 1 100 1 1 1 1 1 1 1 1 1 1 1 1 1 1 1 1 1 1 1 7 1 1 1 1 1 1 1 1 1 1 7 1 1 1 100 1 1 1 1 1 1 1 1 1 1 1 1 1 1 1 1 1 1 1 1 1 100 100 100 100 1 1 1 1 1 100 12 12 1 12 12 12 12 12 1 12 12 1 12 12 100 12 7 12 12 12 12 100 12 12 1 1 12 100 12 1 1 1 12 12 12 1 1 12 1 1 12 12 12 12 1 12 1 1 100 12 12 12 12 12 1 1 100 12 1 1 12 12 12 12 1 12 12 12 12 12 12 100 12 12 12 1 1 7 12 1 7 12 1 1 1 1 1 1 1 1 1 1 1 1 1 1 1 1 1 1 1 1 1 1 1 1 1 1 1 1 1 1 1 1 1 1 1 1 1 1 1 1 1 1 1 1 1 1 1 1 1 1 1 1 1 1 1 1 1 1 1 1 1 1 1 1 1 1 1 1 1
staticfield java/security/ProtectionDomain filePermCompatInPD Z 0
instanceKlass javax/crypto/JceSecurityManager
ciInstanceKlass java/lang/SecurityManager 1 1 572 10 9 7 10 100 8 10 10 10 10 100 10 100 10 9 10 10 10 100 8 10 9 9 8 9 100 10 8 10 10 10 100 10 10 100 100 8 10 8 8 8 8 8 8 10 8 8 8 8 8 10 10 8 100 8 10 8 8 8 8 8 10 8 100 8 8 10 8 8 10 100 8 10 10 100 10 10 10 10 10 10 11 18 11 18 11 18 18 11 18 11 9 9 9 9 7 10 10 10 18 18 10 18 10 18 18 8 10 9 11 8 100 10 10 10 9 10 10 8 100 10 9 8 8 100 10 10 10 9 11 10 11 10 7 7 10 10 10 1 1 1 1 1 1 1 1 1 1 1 1 1 1 1 1 1 1 1 1 1 1 1 1 1 1 100 1 1 1 1 1 1 1 1 1 1 1 1 1 1 1 7 1 1 1 1 1 1 1 1 1 1 1 1 1 1 1 1 1 1 1 1 1 1 1 1 1 1 1 1 1 1 1 1 1 1 1 1 1 1 1 1 1 1 1 1 1 1 1 1 1 1 1 1 1 1 1 1 1 1 100 1 1 1 1 1 1 1 1 1 1 1 1 1 1 1 1 1 1 1 1 1 1 1 1 1 1 1 1 7 1 1 1 1 7 1 1 1 1 1 1 1 1 1 1 1 12 12 1 7 12 1 1 12 12 100 12 1 1 12 7 12 12 12 1 1 12 12 1 12 1 1 12 12 12 1 12 1 1 1 12 1 1 1 1 1 1 12 1 1 1 1 1 12 12 1 1 1 1 1 1 1 1 100 12 1 1 1 1 1 1 12 1 1 12 1 12 12 12 7 12 12 7 12 7 12 1 15 16 15 16 12 7 12 16 15 16 12 12 15 16 15 16 12 16 15 16 12 12 12 12 12 12 1 7 12 12 12 15 16 12 15 16 7 12 15 12 12 15 16 15 16 1 12 12 7 12 1 1 12 12 12 12 12 12 1 1 12 1 1 1 12 7 12 12 12 12 12 1 1 12 12 1 1 1 1 1 1 1 1 1 1 1 1 1 1 1 1 1 1 1 1 1 1 1 1 1 1 1 1 1 1 1 1 1 1 1 1 1 1 1 1 1 1 1 1 1 1 10 1 10 1 1 1 1 1 1 10 1 1 1 1 1 10 11 1 1 1 10 1 1 1 1 1 1 10 1 10 1 1 1 11 1 1 10 10 1 1 1 1 1 1 1 1 1 1 1 1 1 1 1 1 1 1 1 1 7 12 7 12 12 12 7 12 12 12 12 12 1 1 100 1 1 1 1 1 1 1 1 100 1 1
staticfield java/lang/SecurityManager packageAccessLock Ljava/lang/Object; java/lang/Object
staticfield java/lang/SecurityManager packageDefinitionLock Ljava/lang/Object; java/lang/Object
staticfield java/lang/SecurityManager nonExportedPkgs Ljava/util/Map; java/util/concurrent/ConcurrentHashMap
ciInstanceKlass java/lang/ThreadDeath 0 0 21 10 100 100 1 1 1 5 0 1 1 1 1 1 1 1 1 1 12 1 1
ciInstanceKlass java/lang/System 1 1 631 10 10 10 10 10 9 7 10 11 10 10 10 100 8 10 10 9 100 8 10 10 8 10 100 10 8 10 10 100 10 10 10 9 9 7 10 10 10 10 10 10 10 100 100 8 10 10 7 10 100 8 10 8 10 100 8 10 100 10 8 10 10 10 8 10 10 10 100 8 10 10 10 100 18 100 9 10 100 10 10 10 10 10 10 10 10 7 7 10 10 100 10 10 100 8 10 9 9 10 10 10 10 8 10 10 8 10 10 8 10 7 9 10 7 9 10 9 7 10 8 10 8 10 10 10 10 10 10 10 10 10 9 100 8 10 8 10 10 8 100 10 10 10 10 7 10 10 10 10 10 8 10 10 10 10 8 10 10 10 7 10 10 10 9 100 1 1 1 1 1 1 1 1 1 1 1 1 1 1 1 1 1 1 1 1 1 1 1 1 1 1 1 1 1 1 1 1 1 1 1 100 100 1 1 1 100 1 1 1 1 1 1 1 1 1 1 1 1 1 1 1 1 1 1 1 1 1 1 1 1 1 1 1 1 1 1 1 1 1 1 1 1 1 1 1 1 1 1 1 1 1 1 1 1 1 1 1 1 1 1 1 1 1 1 1 1 1 1 1 1 1 1 1 1 1 1 1 1 1 1 1 1 1 1 1 1 1 1 1 100 1 1 1 1 1 1 1 1 1 1 1 1 1 1 1 1 1 100 1 1 1 1 1 1 1 100 12 12 12 12 12 12 1 7 12 100 12 100 12 12 12 1 1 12 12 12 1 1 12 100 12 1 12 1 12 12 12 1 12 100 12 12 12 12 1 12 7 12 12 12 12 12 1 1 1 12 12 1 12 1 1 1 12 1 1 1 1 12 12 7 12 1 12 7 12 7 12 1 1 12 7 12 1 1 15 16 15 16 12 1 12 12 1 12 12 7 12 12 12 12 12 12 1 1 12 12 1 12 7 12 1 1 12 12 12 12 12 12 1 12 12 1 12 12 1 7 12 1 7 12 12 1 12 12 1 12 1 12 1 7 12 12 7 12 12 7 12 12 7 12 12 7 12 12 1 1 12 1 12 1 1 12 12 12 1 12 12 12 100 12 1 12 12 1 12 12 12 1 12 12 12 1 1 1 1 1 1 1 1 1 1 1 1 1 1 1 1 1 1 1 1 1 1 1 1 1 1 1 1 1 1 1 1 1 1 1 1 1 1 1 1 1 1 1 1 1 1 1 1 1 1 1 1 10 1 10 1 1 1 1 1 1 1 1 1 1 1 1 1 1 1 1 1 1 1 1 1 1 1 1 1 1 1 1 1 1 1 1 1 1 1 1 1 1 1 1 1 1 1 1 1 1 1 1 1 1 1 1 1 1 1 1 1 1 1 1 1 1 1 1 1 1 1 1 1 1 1 1 1 100 12 12 1 1 100 1 1 100 1 1
staticfield java/lang/System in Ljava/io/InputStream; java/io/BufferedInputStream
staticfield java/lang/System out Ljava/io/PrintStream; java/io/PrintStream
staticfield java/lang/System err Ljava/io/PrintStream; java/io/PrintStream
ciInstanceKlass com/mycombatlevel/ExamplePlugin 1 1 256 10 100 10 9 100 10 9 9 10 10 10 11 9 9 9 9 9 11 9 11 11 11 100 11 9 11 11 9 9 11 11 8 10 8 8 10 8 10 8 100 10 10 10 10 10 18 11 100 10 9 100 100 1 1 1 1 1 1 1 1 1 1 1 1 1 1 1 1 1 1 1 1 1 1 1 1 1 1 1 1 1 1 1 1 1 1 1 1 1 1 1 1 1 1 1 1 1 1 1 1 1 1 1 1 1 1 7 100 100 1 1 1 1 1 1 1 1 1 1 1 1 1 1 1 12 1 12 12 1 12 12 100 12 12 7 12 12 7 12 12 12 12 12 12 12 100 12 12 12 1 12 12 100 12 12 12 12 12 12 1 12 1 1 12 1 12 1 1 100 12 100 12 12 12 12 1 15 8 12 12 1 100 12 12 1 1 1 1 1 1 1 1 1 1 1 1 1 1 1 1 1 1 1 1 1 1 1 1 1 1 1 1 1 1 1 1 1 1 1 1 1 1 1 1 1 1 1 1 1 1 1 1 1 1 1 1 10 1 1 1 1 1 1 1 1 1 100 12 1 100 1 1 100 1 1
instanceKlass java/awt/SystemColor
instanceKlass javax/swing/plaf/ColorUIResource
ciInstanceKlass java/awt/Color 1 1 390 8 18 18 18 18 100 18 10 10 10 9 9 9 9 9 10 3 4 6 0 10 10 10 18 18 18 10 10 10 10 10 10 7 6 0 10 10 10 10 18 10 10 10 10 4 10 4 4 10 10 10 10 100 10 10 10 7 10 100 9 9 9 9 9 9 9 9 9 9 9 9 9 9 9 9 9 9 9 9 9 9 9 9 9 9 10 10 10 7 100 100 1 1 1 1 1 1 1 1 1 1 1 1 1 1 1 1 1 1 1 1 1 1 1 1 1 1 1 1 1 1 1 1 1 1 1 1 1 1 1 5 0 1 1 1 1 1 1 1 1 1 1 1 1 1 1 1 1 1 1 100 1 1 1 1 1 1 1 1 1 1 1 1 1 1 1 1 1 1 100 1 1 1 1 1 1 1 1 1 1 1 1 1 1 1 1 1 1 1 1 1 1 100 1 1 1 7 1 1 1 1 1 1 1 1 1 1 1 1 1 1 1 1 1 1 1 1 1 1 1 1 1 1 1 1 1 1 1 1 1 1 1 1 1 1 1 1 1 1 1 1 1 1 1 1 1 1 15 8 12 8 8 8 1 8 12 12 12 12 12 12 12 12 12 12 12 12 8 12 8 8 12 12 12 12 12 12 1 7 12 12 12 100 12 8 12 12 12 12 12 12 12 12 12 12 1 12 12 12 1 12 1 12 12 12 12 12 12 12 12 12 12 12 12 12 12 12 12 12 12 12 12 12 12 12 12 12 12 7 12 7 12 12 1 1 1 1 1 1 10 1 1 1 1 1 1 1 1 1 1 1 1 1 1 1 1 1 1 1 1 1 1 1 1 1 1 1 1 1 1 1 1 1 1 1 1 1 1 1 100 12 1 100 1 1 1 100 1 1
staticfield java/awt/Color white Ljava/awt/Color; java/awt/Color
staticfield java/awt/Color WHITE Ljava/awt/Color; java/awt/Color
staticfield java/awt/Color lightGray Ljava/awt/Color; java/awt/Color
staticfield java/awt/Color LIGHT_GRAY Ljava/awt/Color; java/awt/Color
staticfield java/awt/Color gray Ljava/awt/Color; java/awt/Color
staticfield java/awt/Color GRAY Ljava/awt/Color; java/awt/Color
staticfield java/awt/Color darkGray Ljava/awt/Color; java/awt/Color
staticfield java/awt/Color DARK_GRAY Ljava/awt/Color; java/awt/Color
staticfield java/awt/Color black Ljava/awt/Color; java/awt/Color
staticfield java/awt/Color BLACK Ljava/awt/Color; java/awt/Color
staticfield java/awt/Color red Ljava/awt/Color; java/awt/Color
staticfield java/awt/Color RED Ljava/awt/Color; java/awt/Color
staticfield java/awt/Color pink Ljava/awt/Color; java/awt/Color
staticfield java/awt/Color PINK Ljava/awt/Color; java/awt/Color
staticfield java/awt/Color orange Ljava/awt/Color; java/awt/Color
staticfield java/awt/Color ORANGE Ljava/awt/Color; java/awt/Color
staticfield java/awt/Color yellow Ljava/awt/Color; java/awt/Color
staticfield java/awt/Color YELLOW Ljava/awt/Color; java/awt/Color
staticfield java/awt/Color green Ljava/awt/Color; java/awt/Color
staticfield java/awt/Color GREEN Ljava/awt/Color; java/awt/Color
staticfield java/awt/Color magenta Ljava/awt/Color; java/awt/Color
staticfield java/awt/Color MAGENTA Ljava/awt/Color; java/awt/Color
staticfield java/awt/Color cyan Ljava/awt/Color; java/awt/Color
staticfield java/awt/Color CYAN Ljava/awt/Color; java/awt/Color
staticfield java/awt/Color blue Ljava/awt/Color; java/awt/Color
staticfield java/awt/Color BLUE Ljava/awt/Color; java/awt/Color
instanceKlass javax/swing/plaf/DimensionUIResource
ciInstanceKlass java/awt/Dimension 1 1 108 10 9 9 10 10 7 10 10 10 18 10 10 10 7 100 1 1 1 1 1 1 5 0 1 1 1 1 1 1 1 1 1 1 1 1 1 1 1 1 1 1 1 1 1 1 1 1 1 1 1 1 1 1 1 1 1 1 12 12 12 12 100 12 1 12 100 12 100 12 1 15 8 12 7 12 7 12 12 1 1 1 1 1 1 1 1 1 1 10 1 1 1 1 1 1 1 1 100 12 1 100 1 1 1 100 1 1
instanceKlass com/formdev/flatlaf/util/Graphics2DProxy
instanceKlass sun/java2d/SunGraphics2D
ciInstanceKlass java/awt/Graphics2D 1 1 125 10 10 10 10 10 10 10 10 100 7 1 1 1 1 1 1 1 1 1 1 1 1 1 1 1 1 1 1 1 1 1 1 1 100 100 1 1 1 1 1 1 1 1 1 1 1 1 1 1 1 1 1 1 1 1 1 1 1 1 1 1 1 1 1 100 1 1 1 1 1 1 1 1 1 1 1 1 1 1 1 1 1 1 1 1 1 1 1 1 1 1 1 1 1 1 1 1 1 1 1 1 1 1 1 1 12 12 12 12 12 12 12 12 1 1 1 1 100 1 1 1 1 1 1
ciInstanceKlass net/runelite/api/Client 1 1 619 11 11 10 11 11 18 10 11 7 11 11 11 11 11 11 11 11 11 7 100 100 100 1 1 1 3 1 3 1 3 1 3 1 1 1 1 1 1 1 1 1 1 1 1 1 1 1 1 1 1 1 1 1 1 1 1 1 1 1 1 1 1 1 1 1 1 1 1 1 1 1 1 1 1 1 1 1 1 1 1 1 1 1 1 1 1 1 1 1 1 1 1 1 1 1 1 1 1 1 1 1 1 1 1 1 1 1 1 1 1 1 1 1 1 1 1 1 1 1 1 1 1 1 1 1 1 1 1 1 1 1 1 1 1 1 1 1 1 1 1 1 1 1 1 1 1 1 1 1 1 1 1 1 1 1 1 1 1 1 1 1 1 1 1 1 1 1 1 1 1 1 1 1 1 1 1 1 1 1 1 1 1 1 1 1 1 1 1 1 1 1 1 1 1 1 1 1 1 1 1 1 1 1 1 1 1 1 1 1 1 1 1 1 1 1 1 1 1 1 1 1 1 1 1 1 1 1 1 1 1 1 1 1 1 1 1 1 1 1 1 1 1 1 1 1 1 1 1 1 1 1 1 1 1 1 1 1 1 1 1 1 1 1 1 1 1 1 1 1 1 1 1 1 1 1 1 1 1 1 1 1 1 1 1 1 1 1 1 1 1 1 1 1 1 1 1 1 1 1 1 1 1 1 1 1 1 1 1 1 1 1 1 1 1 1 1 1 1 1 1 1 1 1 1 1 1 1 1 1 1 1 1 1 1 1 1 1 1 1 1 1 1 1 1 1 1 1 1 1 1 1 1 1 1 1 1 1 1 1 1 1 1 1 1 1 1 1 1 1 1 1 1 1 1 1 1 1 1 1 1 1 1 1 1 1 1 1 1 1 1 1 1 1 1 1 1 1 1 1 1 1 1 1 1 1 1 1 1 1 1 1 1 1 1 1 1 1 1 1 1 1 1 1 1 1 1 1 1 1 1 1 1 1 1 1 1 1 1 1 1 1 1 1 1 1 1 1 1 1 1 1 1 1 1 1 1 1 1 1 1 1 1 1 1 1 1 1 1 1 1 1 1 1 1 1 1 1 1 1 1 1 1 1 7 100 1 1 1 1 1 1 1 1 1 1 1 1 1 1 1 1 1 1 1 1 1 1 1 1 1 1 1 1 1 1 1 1 1 12 12 100 12 12 7 12 1 15 16 15 16 12 7 12 7 12 1 12 12 12 12 12 12 12 12 12 1 1 1 1 1 1 1 1 1 1 1 1 1 10 1 10 1 1 1 1 1 1 1 1 1 1 7 12 7 12 1 1 100 1 1 1 1 1 100 1 1 1 100 1 8 1 1 12 10 1 1 1 8 1 1 1 8 1 1 1 8 1 1 8 1 1 8 1 1 1 8 1 1
ciInstanceKlass client 1 1 19077 1 7 1 7 1 100 1 100 1 100 1 100 1 1 100 1 7 1 1 1 1 1 1 1 3 1 1 1 3 1 3 1 3 1 3 1 1 1 3 1 1 1 3 1 1 1 1 1 1 1 1 1 8 1 1 1 1 1 1 1 1 1 1 1 3 1 1 1 1 1 1 1 1 1 1 1 1 1 1 1 1 1 1 1 1 1 1 1 1 1 1 1 1 1 1 1 1 1 1 1 1 1 1 1 1 1 1 1 1 1 1 1 1 1 1 1 1 1 1 1 1 1 1 1 1 1 1 1 1 1 1 1 1 1 1 1 1 1 1 1 1 1 1 1 1 1 1 1 1 1 1 1 1 1 1 1 1 1 1 1 1 1 1 1 1 1 1 1 1 1 1 1 1 1 1 1 1 1 1 1 1 1 1 1 1 1 1 1 1 1 1 1 1 1 1 1 1 1 1 1 1 1 1 1 1 1 1 1 1 1 1 1 1 1 1 1 1 1 1 1 1 1 1 1 1 1 1 1 1 1 1 1 1 3 1 1 1 1 1 1 1 1 1 1 1 1 1 1 1 1 1 1 1 1 1 1 1 1 1 1 1 1 1 1 1 1 1 1 1 1 1 1 1 1 1 1 1 1 1 1 1 1 1 1 1 1 1 1 1 1 1 1 1 1 1 1 1 1 1 1 1 1 1 1 1 1 1 1 1 1 1 1 1 1 1 1 1 1 4 1 1 1 1 1 1 1 1 1 1 1 1 1 1 1 1 1 1 1 1 1 1 1 1 4 1 1 1 1 1 1 1 1 1 1 1 1 1 1 1 1 1 1 1 1 1 1 1 1 1 1 1 1 1 1 1 1 1 1 1 1 1 1 1 1 1 1 1 1 1 1 1 1 1 1 1 1 1 1 1 1 1 1 1 1 1 1 1 1 1 1 1 1 1 1 1 1 1 1 1 1 1 1 1 1 1 1 1 1 1 1 1 1 1 1 1 1 1 1 1 1 1 1 1 1 1 1 1 1 1 1 1 1 1 1 1 1 1 3 1 3 1 1 1 1 1 1 3 1 1 12 9 3 12 9 3 7 12 9 3 1 1 12 9 3 1 1 1 7 1 12 9 1 12 10 1 7 1 12 10 12 9 1 7 1 1 12 10 1 1 12 10 1 7 1 12 10 1 7 12 9 3 7 1 12 9 1 7 1 1 12 10 7 1 7 12 9 7 12 10 7 1 1 12 9 3 7 12 10 3 7 10 1 12 10 100 1 1 12 9 3 7 10 100 1 12 9 1 100 1 12 9 3 7 10 3 1 7 10 100 12 9 3 7 10 7 1 12 9 1 7 9 3 1 100 1 12 10 3 100 12 10 7 9 12 9 1 12 9 3 7 10 1 7 12 9 1 100 1 12 9 12 9 1 100 1 12 9 1 100 1 1 12 10 3 7 10 7 12 9 12 10 3 7 10 7 1 12 9 3 1 7 10 12 9 1 7 1 12 9 7 1 12 9 3 1 100 10 1 7 1 1 12 9 1 7 12 10 7 1 1 12 9 7 1 12 9 1 12 9 7 1 12 10 100 1 1 12 9 1 7 12 10 7 1 12 9 1 7 1 12 9 1 7 10 7 1 12 9 1 12 9 1 7 1 12 9 7 12 9 7 12 10 7 1 12 9 3 7 10 1 7 1 12 9 7 1 12 9 7 9 12 9 1 12 9 7 1 12 9 3 100 12 10 7 1 12 9 9 1 7 12 9 7 12 9 1 12 9 1 7 1 7 1 12 10 1 8 1 1 12 10 3 1 12 10 1 1 12 10 100 1 12 10 1 8 1 1 100 1 1 12 10 1 12 10 1 12 10 7 1 12 9 1 1 12 10 3 12 9 7 1 12 10 1 7 1 1 12 9 3 12 9 12 9 1 7 1 1 12 10 12 9 3 7 12 9 7 1 12 10 3 7 1 12 10 7 7 1 12 9 12 9 1 7 1 12 9 7 1 12 9 1 12 9 3 12 9 1 8 1 12 10 3 1 7 12 9 1 1 12 10 12 10 3 12 9 1 7 12 9 3 12 9 3 3 12 9 7 12 9 12 9 7 12 9 12 9 1 1 12 10 1 7 1 12 10 7 1 12 9 1 7 10 7 1 12 9 7 12 9 3 1 7 1 1 12 9 1 12 10 1 8 1 7 1 12 9 1 8 1 7 1 12 10 1 12 10 7 1 1 12 9 3 7 12 9 1 8 12 10 1 7 1 12 9 1 8 7 12 9 12 10 7 12 9 1 8 1 12 9 1 8 3 7 1 12 10 1 8 1 7 1 12 10 1 7 1 12 10 12 9 3 12 9 3 1 12 10 3 1 1 12 10 3 3 1 1 12 10 1 8 1 1 7 7 12 9 1 7 1 1 12 11 1 7 12 10 1 8 1 1 8 1 3 12 9 1 8 1 1 7 1 12 10 1 1 1 12 9 3 7 1 12 10 1 8 1 3 7 1 12 10 3 12 9 3 1 12 9 3 12 9 1 7 12 9 3 7 1 1 12 9 1 12 9 3 1 12 10 3 12 9 3 12 9 3 3 12 9 1 1 12 9 3 3 3 12 9 3 1 12 10 3 12 9 3 12 9 3 1 12 9 3 3 12 9 1 100 1 7 1 1 1 12 10 7 1 1 12 10 1 12 10 1 12 10 1 3 12 9 1 8 1 1 12 9 5 0 1 8 1 1 12 10 12 9 1 100 1 8 1 12 10 1 100 1 12 10 12 10 12 9 7 1 12 10 1 3 100 1 12 10 1 1 1 12 10 1 1 12 9 1 7 1 12 11 1 12 9 3 1 7 12 9 12 9 7 1 12 10 7 3 9 9 12 10 12 10 1 3 3 1 7 1 12 9 3 1 1 12 10 1 12 10 7 1 12 10 1 12 9 12 9 7 1 12 9 1 100 12 9 1 12 10 3 1 7 12 9 3 3 1 7 3 1 1 12 10 7 1 7 1 1 12 10 3 7 1 1 12 9 3 1 1 12 10 3 1 7 12 10 3 3 3 1 12 9 3 3 3 1 12 10 3 7 1 12 9 1 7 1 12 9 7 12 9 1 12 9 12 9 9 12 9 3 3 1 1 12 10 1 1 12 9 3 12 10 7 10 7 1 12 9 12 9 3 1 1 12 10 12 9 3 9 12 9 1 7 7 1 12 9 12 9 3 1 12 10 1 7 1 1 12 9 3 1 7 1 12 10 3 7 1 12 10 7 1 12 9 7 1 8 1 12 10 12 9 1 12 11 11 3 12 9 1 7 1 1 12 9 1 12 10 1 1 12 9 12 9 3 7 12 10 1 7 1 12 10 100 1 1 3 1 7 1 12 10 9 10 1 7 1 12 9 1 12 10 12 10 1 7 1 7 10 1 12 10 3 10 12 9 1 8 1 7 1 1 12 11 1 8 1 100 1 12 10 1 12 10 10 1 7 10 1 8 1 8 12 9 1 12 10 12 9 7 1 12 9 3 1 12 10 1 12 9 1 8 3 12 10 1 12 10 1 8 1 100 1 1 12 11 12 9 7 1 12 10 3 1 12 10 12 9 1 8 1 12 10 1 8 1 1 3 3 9 12 9 3 3 12 9 3 12 9 3 10 3 3 1 12 10 3 9 3 1 12 10 3 12 9 3 9 3 12 9 3 3 1 12 10 100 1 12 9 3 12 9 3 12 9 1 12 11 3 3 3 3 3 3 3 3 3 3 3 1 8 1 1 12 9 1 12 10 3 12 10 7 12 9 12 9 1 1 12 10 1 7 12 9 12 9 12 9 12 9 1 12 10 3 7 12 10 12 9 1 7 1 1 12 9 3 7 10 3 7 12 10 12 9 1 7 12 10 7 12 10 3 7 10 3 1 12 10 1 12 9 9 3 9 9 3 9 3 12 9 12 9 12 9 5 0 12 9 9 3 12 9 9 3 9 3 9 9 12 9 5 0 12 9 3 7 1 12 11 3 12 9 3 7 12 10 3 1 7 1 12 10 7 1 12 9 1 12 9 1 7 1 12 10 3 3 12 10 12 10 12 9 7 12 10 12 9 1 12 9 3 1 12 10 3 7 12 10 12 10 1 8 1 100 1 12 9 7 1 12 10 3 12 9 3 12 9 1 12 9 1 12 9 3 1 12 9 1 12 9 12 9 1 12 9 12 9 12 9 1 12 9 12 9 1 12 10 7 12 9 5 0 9 3 1 12 10 1 1 12 10 1 12 10 1 12 10 7 12 9 5 0 9 3 1 12 10 1 1 12 10 7 9 5 0 9 3 12 10 1 1 12 10 100 9 5 0 9 3 12 10 7 1 3 7 1 12 10 1 3 7 12 10 12 9 1 7 12 9 12 9 12 9 12 9 3 9 1 12 9 12 9 12 9 3 1 1 12 10 1 12 10 1 8 10 12 10 12 9 3 12 9 12 10 1 7 10 12 9 5 0 1 12 10 7 10 12 9 7 10 1 7 10 7 10 1 12 10 7 1 1 12 9 7 10 7 10 7 10 1 12 10 1 7 1 12 9 1 7 10 7 1 12 9 1 8 1 7 1 1 12 9 12 9 3 3 3 3 3 1 8 3 1 12 10 1 12 9 12 9 1 8 3 3 12 9 1 8 3 3 1 8 1 7 1 1 12 9 7 12 9 12 9 1 12 11 1 8 1 8 1 1 12 10 3 9 1 7 1 1 12 9 1 1 12 10 12 9 3 7 1 12 10 1 12 9 7 1 12 9 12 9 3 7 1 12 10 12 9 3 1 12 10 3 10 3 1 7 10 7 1 12 9 12 9 12 9 1 7 12 10 3 12 10 12 9 3 7 1 12 10 12 10 3 12 10 12 9 3 12 9 3 1 100 1 12 11 1 12 11 1 12 11 1 100 1 12 11 1 12 11 1 12 11 1 7 1 12 10 3 1 12 10 3 12 10 3 1 1 12 10 3 1 7 10 7 3 12 10 10 3 1 12 10 1 8 1 7 1 12 10 3 1 8 3 1 1 12 10 3 12 9 1 100 11 1 12 11 12 9 12 9 3 1 8 1 12 10 1 8 3 1 12 10 1 8 3 12 10 1 8 1 12 11 3 10 3 10 1 8 3 3 7 1 12 9 3 1 12 10 1 7 9 10 1 12 9 1 7 1 7 1 12 10 3 1 12 10 12 9 3 3 10 3 1 12 10 1 7 12 9 3 1 12 9 9 7 1 1 12 10 3 1 12 10 3 10 1 7 9 12 9 3 3 1 12 10 3 1 12 10 3 12 10 3 12 9 3 3 3 12 10 12 9 3 1 12 10 3 3 1 12 10 5 0 12 9 12 9 3 10 1 7 1 12 10 3 1 12 10 3 3 3 5 0 1 12 10 12 9 3 3 3 3 12 9 10 12 9 3 3 12 9 9 3 12 9 3 1 12 10 3 3 3 12 9 12 10 12 9 10 1 12 10 12 9 12 9 1 7 1 12 9 12 9 3 1 12 10 3 12 9 12 9 3 12 10 3 3 3 3 1 12 10 12 9 3 1 7 12 9 3 12 9 12 9 10 1 12 10 3 3 1 12 9 3 1 7 1 12 10 10 3 1 12 10 9 3 3 12 9 3 1 12 10 3 12 10 3 3 3 3 3 3 12 10 3 3 3 3 3 3 3 3 3 3 3 3 1 1 12 10 3 12 10 7 1 12 10 1 12 9 3 1 12 10 12 9 3 3 3 9 3 12 9 3 12 9 3 12 9 3 3 12 9 12 9 3 12 9 3 3 12 9 3 3 12 9 3 12 9 3 7 12 9 12 9 3 1 7 1 12 10 3 3 1 1 12 10 3 100 1 12 9 12 9 3 3 3 7 1 12 9 3 12 10 3 1 12 10 1 12 10 12 9 12 9 3 3 1 12 10 1 12 10 12 9 3 10 3 12 9 9 1 12 10 3 3 3 1 100 12 9 12 9 3 3 3 3 3 3 12 9 12 9 3 12 9 12 9 3 12 9 1 100 1 12 10 3 3 12 9 3 12 9 9 3 3 3 3 3 3 3 3 3 3 3 3 3 3 3 3 3 12 9 3 12 9 12 9 3 3 3 3 12 10 3 3 3 3 12 10 12 9 3 1 12 10 3 3 1 7 10 3 3 3 12 9 3 3 12 9 3 3 3 3 12 9 3 3 5 0 3 3 5 0 12 9 3 3 5 0 12 9 3 7 1 12 10 3 12 10 12 9 3 3 3 3 12 10 3 3 7 1 12 10 12 10 1 8 1 8 10 1 12 9 3 7 12 9 3 3 3 12 9 3 3 12 9 3 1 7 10 12 10 12 9 3 1 12 10 3 1 7 12 10 3 7 1 12 9 3 7 12 10 12 9 3 3 3 7 1 12 9 12 9 3 3 3 3 12 10 3 3 3 3 3 3 3 10 3 12 10 10 3 3 3 1 8 1 100 1 100 12 9 3 3 12 9 3 3 7 12 10 12 9 7 12 10 3 12 10 3 12 10 7 1 12 9 7 1 12 10 3 7 12 10 3 12 10 12 9 12 9 12 10 3 3 12 10 1 7 1 1 12 9 7 12 9 12 9 3 9 3 12 9 3 9 3 12 9 3 12 9 12 9 3 5 0 12 9 5 0 12 9 5 0 3 3 3 3 3 3 3 3 3 5 0 3 3 1 1 12 10 3 12 10 3 12 9 3 7 1 12 10 12 9 3 7 12 10 3 9 12 9 5 0 5 0 5 0 9 3 12 9 3 3 3 12 10 3 3 3 12 9 3 12 9 12 9 3 1 7 12 10 12 9 3 12 10 12 9 12 9 12 9 12 9 7 1 12 10 1 7 12 9 1 12 9 100 12 10 12 9 1 1 12 10 1 7 1 12 11 1 12 11 3 9 12 9 12 9 12 10 3 12 10 3 12 10 3 9 9 3 3 3 7 12 10 7 12 10 12 10 9 3 3 3 7 1 12 10 10 1 12 9 7 12 10 3 1 12 10 12 9 1 12 10 3 3 12 10 3 12 10 3 12 10 3 1 12 10 1 12 9 100 1 12 10 3 12 10 9 3 3 3 1 100 1 12 10 3 10 12 9 3 1 12 10 3 3 3 3 1 12 10 12 9 3 3 9 7 10 10 9 9 12 9 3 12 9 3 12 9 3 3 3 12 9 3 7 10 1 12 10 3 12 10 3 9 3 12 9 10 7 12 9 10 12 9 3 1 1 12 10 1 12 9 3 1 12 10 12 10 3 3 3 100 1 12 10 100 12 11 3 12 11 3 12 11 3 12 11 3 1 12 10 12 9 1 12 10 3 10 1 12 10 12 10 3 9 12 9 3 12 9 3 9 3 1 12 10 12 10 1 12 10 1 12 9 1 12 10 12 9 12 9 12 9 1 12 10 3 3 12 10 3 12 9 3 12 9 3 3 12 9 3 12 9 12 10 3 7 12 10 12 9 1 100 12 9 3 3 100 1 12 9 3 100 12 9 3 100 1 12 10 1 12 9 3 3 100 12 9 100 1 12 10 1 7 12 9 3 3 100 12 9 3 7 12 9 12 9 1 12 10 12 9 12 9 12 9 12 9 12 9 12 9 1 7 12 9 12 9 7 1 12 9 7 9 7 12 9 12 9 7 12 9 1 12 9 1 12 9 1 12 9 12 9 12 9 12 9 12 9 1 100 12 10 12 9 1 12 9 3 10 9 3 12 10 3 1 7 1 12 10 3 3 12 9 3 12 10 12 9 1 12 11 11 3 1 100 1 12 10 1 100 12 10 12 11 9 3 3 12 9 3 10 1 8 3 5 0 12 9 5 0 5 0 5 0 12 9 3 3 7 12 9 12 9 1 8 3 1 100 9 7 1 12 9 1 12 9 3 1 12 10 3 3 7 11 7 12 10 9 3 3 1 7 12 10 1 7 1 12 10 3 10 3 1 12 10 9 3 3 1 7 12 10 1 12 10 9 3 3 3 9 1 12 10 7 12 9 1 12 10 12 10 3 12 10 3 12 10 1 12 10 7 1 12 10 3 1 12 10 1 7 1 12 10 12 9 1 12 10 1 12 10 1 1 12 10 3 1 12 10 3 1 12 10 7 1 12 10 9 3 12 10 7 1 12 10 3 100 12 10 3 12 11 3 3 1 7 1 12 10 12 10 12 9 3 1 12 10 3 7 12 10 1 8 100 9 9 1 7 1 12 9 12 9 12 9 1 1 12 10 1 12 9 3 1 100 10 12 9 3 3 12 9 3 1 12 10 3 12 9 1 1 12 10 12 9 3 9 12 9 3 12 9 12 9 12 9 12 9 12 10 4 4 4 4 1 1 1 12 10 5 0 5 0 12 9 9 3 1 12 10 1 8 1 3 7 1 12 10 100 12 11 12 9 3 12 10 1 12 11 12 9 12 9 12 9 12 9 1 12 10 12 9 12 9 12 9 3 100 1 12 10 3 1 100 1 12 10 1 9 1 3 12 9 12 9 3 3 12 10 3 1 12 9 7 1 12 9 12 9 9 3 3 10 12 10 3 10 3 7 1 12 10 3 1 12 10 3 100 12 10 3 9 3 1 12 10 1 8 1 100 1 3 12 10 1 12 10 12 10 3 12 10 1 8 1 1 12 10 1 1 8 1 7 1 12 10 1 7 1 12 10 1 100 1 7 10 1 1 12 10 1 100 1 12 10 1 100 1 12 10 1 12 10 1 100 1 1 12 10 1 1 12 10 1 100 1 12 10 1 100 1 1 12 10 1 100 1 1 100 1 12 10 3 12 10 1 1 12 10 1 7 1 12 10 1 12 10 3 12 10 3 12 10 9 3 9 3 3 1 8 12 9 3 3 9 3 3 3 3 3 3 3 3 3 3 3 3 3 3 10 12 9 12 9 12 9 12 9 1 12 9 3 1 7 1 12 10 12 9 3 12 10 3 12 10 12 9 3 12 10 3 12 9 3 3 12 9 3 12 10 3 1 12 10 12 9 3 3 1 12 10 3 3 9 12 9 12 9 3 1 12 10 12 9 12 10 12 10 3 12 10 3 1 12 10 3 12 10 3 3 3 3 1 12 10 3 1 12 10 12 9 7 1 1 12 10 7 12 9 3 1 12 10 12 9 12 9 3 12 9 3 3 3 3 3 12 10 3 12 10 3 3 3 3 3 12 9 3 3 3 3 100 1 12 10 1 100 1 12 10 12 9 3 1 12 10 1 1 12 10 3 12 10 7 1 12 9 1 12 10 3 1 12 10 3 10 3 12 9 3 1 12 10 12 10 3 1 100 1 12 10 3 3 1 12 10 1 7 1 12 10 1 12 10 3 1 7 1 12 10 12 9 3 12 10 3 1 12 10 12 9 9 3 3 12 10 12 9 3 12 10 3 12 10 3 3 3 3 3 3 3 1 12 10 12 9 3 1 12 10 3 12 10 12 9 7 1 12 9 1 100 1 12 10 3 1 12 10 1 12 9 1 100 9 3 9 3 100 1 12 11 3 12 10 1 12 9 3 12 10 12 9 3 3 12 9 12 9 12 9 3 3 3 3 3 3 3 1 12 10 12 9 3 3 3 3 10 1 12 10 3 7 1 12 10 3 7 1 12 10 1 12 10 12 9 12 9 3 12 10 1 12 10 3 10 12 10 12 9 12 10 1 12 10 12 9 12 10 7 1 12 9 12 10 7 1 12 10 12 9 3 3 3 1 12 10 12 9 12 10 12 10 3 100 12 10 3 100 12 10 12 9 12 9 12 10 12 9 12 9 12 9 12 9 3 1 12 10 1 1 12 9 12 9 12 10 12 9 12 9 3 7 12 10 12 9 7 12 10 12 9 3 3 3 3 9 12 9 3 3 12 9 3 3 3 1 12 9 3 12 9 3 3 12 9 3 3 100 1 12 10 100 1 12 10 1 7 12 10 3 1 12 10 12 9 3 3 3 12 9 12 9 1 12 10 12 9 12 9 3 3 3 3 3 3 3 3 3 3 3 1 100 3 3 3 3 1 12 10 12 9 3 12 10 3 3 3 3 12 9 3 3 12 10 3 1 100 1 12 10 12 9 3 3 3 12 10 100 1 12 10 3 7 12 9 12 9 1 100 1 12 10 3 1 12 10 12 9 3 3 3 9 3 1 12 10 12 9 1 12 10 12 9 12 9 1 12 10 12 9 3 3 1 12 10 3 1 12 10 12 9 3 1 100 1 12 10 12 9 3 12 10 3 10 12 9 3 3 12 9 12 9 12 9 7 9 12 10 12 9 3 3 12 9 9 3 3 9 1 12 10 12 9 3 3 3 3 3 3 3 3 3 3 3 3 3 3 12 9 3 3 3 3 3 12 9 100 1 12 9 3 1 12 10 12 9 3 3 1 12 9 7 12 10 10 7 1 12 10 1 12 10 12 9 12 9 1 12 10 3 12 10 12 10 12 9 12 9 12 9 3 10 12 9 1 12 9 3 7 12 10 12 10 3 1 12 10 12 9 3 1 12 10 12 9 3 12 9 3 3 7 1 12 9 3 3 12 9 12 9 3 3 12 9 3 12 9 12 9 3 12 9 3 12 9 3 12 9 9 3 1 12 10 3 1 12 10 12 9 3 3 12 9 3 10 3 12 9 12 9 3 3 3 3 10 12 9 3 3 3 3 12 10 12 9 3 3 10 12 9 3 3 3 3 3 3 12 9 3 3 3 12 9 3 3 12 9 3 3 12 9 12 9 3 3 3 3 3 3 3 3 3 3 3 12 9 3 3 3 3 3 3 3 3 3 3 1 12 10 1 1 12 10 1 12 10 3 1 12 10 3 12 9 3 12 10 12 9 3 3 12 9 3 3 12 10 3 7 12 10 12 9 3 3 3 3 3 100 12 10 12 9 3 3 3 3 3 100 1 12 10 12 9 3 12 9 3 12 9 12 9 3 3 3 3 3 10 1 12 10 12 9 1 12 10 3 3 3 12 9 12 9 3 3 12 9 1 12 10 12 9 12 10 12 9 3 3 12 9 12 9 12 9 3 5 0 7 12 9 100 1 12 10 1 1 12 9 3 10 12 9 3 12 9 1 12 9 3 12 9 3 12 9 3 9 9 3 3 3 3 1 12 10 1 12 9 3 1 12 10 12 9 3 12 10 3 12 9 3 12 10 12 9 3 3 3 1 12 9 3 3 12 10 12 9 3 3 3 3 3 3 3 1 12 10 12 9 3 12 9 3 10 3 12 9 3 3 3 3 3 3 3 3 3 12 9 3 3 3 3 3 3 12 9 3 3 3 1 12 10 12 9 9 3 7 12 10 12 9 12 9 3 12 9 3 3 10 12 9 3 3 3 1 8 12 9 3 12 9 12 10 12 9 12 9 3 3 3 12 9 12 9 12 9 3 3 3 9 3 3 12 10 12 9 3 12 10 1 12 9 3 3 3 3 3 3 3 12 9 12 9 12 9 3 12 9 3 12 10 12 9 3 1 100 12 10 12 9 3 3 1 1 12 10 12 9 7 1 12 10 12 9 3 12 10 3 3 3 3 12 10 3 3 3 3 3 1 12 10 12 9 12 9 3 3 3 1 12 10 12 9 12 9 3 1 12 10 3 12 9 3 3 1 12 10 3 9 3 9 12 9 3 3 10 12 9 3 3 3 3 3 3 3 3 7 12 10 12 10 12 9 3 3 1 12 10 3 3 1 12 10 12 9 3 10 1 7 1 12 10 3 1 12 10 12 9 100 10 12 10 5 0 9 5 0 9 1 12 10 12 9 12 9 3 12 9 3 100 12 10 12 9 3 3 12 9 3 12 9 3 1 12 10 1 12 10 3 10 1 100 12 10 12 9 3 3 3 3 3 12 10 12 9 3 3 3 3 3 3 3 12 10 12 9 12 9 7 10 10 3 10 3 1 12 10 12 9 1 12 10 3 7 3 1 12 10 3 1 100 3 1 1 12 10 3 1 12 10 12 9 12 9 12 9 3 3 3 3 3 3 12 9 12 10 1 12 10 10 3 3 12 9 12 9 3 3 3 3 3 12 9 7 10 3 12 9 3 3 9 3 9 3 12 10 12 9 3 7 1 12 10 9 12 9 3 12 9 12 9 3 7 1 12 10 12 9 3 12 9 3 12 10 3 12 9 3 12 9 3 12 9 12 9 3 9 12 9 10 12 9 3 12 9 7 1 12 10 3 1 12 10 3 12 9 3 9 3 9 3 3 9 3 9 3 3 12 9 9 3 9 12 9 12 9 3 12 9 3 12 9 3 3 9 3 3 12 9 3 3 12 9 12 9 1 12 9 1 12 9 3 12 9 3 3 1 12 10 12 9 3 3 12 9 3 3 12 10 3 3 12 10 12 9 12 9 3 3 12 9 1 12 10 12 9 3 3 12 9 3 3 3 1 12 10 12 9 3 12 10 12 9 1 12 9 7 10 12 9 12 10 12 9 3 3 3 9 100 10 3 12 10 9 3 9 3 3 3 1 12 10 12 9 12 10 1 8 10 12 9 12 9 3 3 3 7 1 12 10 3 12 9 3 3 3 3 12 9 12 9 3 3 1 8 1 100 100 1 1 7 12 10 1 12 10 7 12 10 12 9 9 7 1 12 10 1 12 10 1 12 10 1 12 10 1 12 10 1 12 10 1 12 9 12 9 1 12 10 1 12 10 1 12 10 10 100 1 3 100 10 12 10 1 1 1 12 10 1 12 9 1 8 3 1 12 10 7 1 1 12 10 12 9 1 12 10 9 3 9 3 9 3 1 8 1 7 1 1 12 10 15 1 12 18 1 12 9 3 12 10 3 1 8 1 7 10 1 1 12 10 1 12 11 1 12 10 1 7 1 1 12 9 10 1 12 9 1 12 9 1 12 9 1 12 9 3 9 12 10 1 12 9 1 12 10 12 9 3 9 100 1 12 9 100 1 12 10 12 9 10 3 10 9 3 1 12 9 3 100 12 10 12 9 3 3 10 3 3 12 10 3 12 10 1 12 10 3 1 12 10 3 10 3 100 1 12 10 12 9 12 9 9 3 3 100 12 10 3 100 12 10 3 12 10 3 3 9 9 3 9 3 1 9 3 9 3 9 3 9 3 3 12 10 12 10 3 12 10 3 3 12 10 1 12 10 3 3 1 8 1 100 1 12 10 12 9 3 1 7 1 12 10 1 8 12 18 1 8 1 12 18 1 8 18 3 9 3 1 12 9 12 9 12 10 1 12 9 1 3 12 10 1 12 9 12 9 12 10 12 9 12 10 9 12 9 3 12 9 3 12 9 3 9 3 12 9 3 3 9 3 12 10 1 12 10 9 3 3 3 1 12 10 1 12 9 3 3 3 3 3 12 9 3 1 12 10 3 3 3 3 3 12 9 12 9 3 100 1 12 10 1 12 9 5 0 1 1 3 9 9 3 10 7 1 12 10 1 10 10 10 12 9 7 1 12 9 1 8 1 8 5 0 12 9 12 9 7 10 12 9 3 12 9 3 12 9 3 3 12 9 12 9 12 9 1 8 10 12 9 10 12 9 1 8 12 9 12 9 10 10 10 12 9 12 9 10 3 9 3 9 12 9 9 3 3 3 7 10 12 9 12 9 12 9 12 9 10 12 9 3 12 9 12 9 3 12 9 12 9 12 9 12 9 12 9 1 7 10 12 9 12 9 12 9 3 3 12 9 12 9 3 3 3 12 9 12 9 5 0 3 3 12 9 12 9 12 9 10 12 9 10 12 9 3 12 9 3 12 9 12 9 12 9 10 12 9 12 9 12 9 5 0 12 9 10 12 9 12 9 10 10 10 1 12 10 12 9 3 12 9 3 12 9 12 9 12 9 5 0 5 0 12 9 10 12 9 12 9 3 12 10 12 9 3 12 9 3 12 9 3 12 9 3 12 9 12 9 12 9 12 9 3 12 9 10 12 9 3 12 9 12 9 12 9 12 9 10 12 9 12 9 4 12 9 12 9 12 9 9 1 12 10 12 9 1 8 1 8 12 9 1 12 10 12 9 12 9 12 9 1 1 12 10 6 0 12 9 9 6 0 12 9 1 16 12 10 15 1 7 1 1 12 10 15 1 12 18 12 9 12 9 1 8 1 7 1 1 12 10 12 9 1 12 9 7 12 9 12 9 12 9 12 9 12 9 12 9 12 10 12 9 12 9 12 9 12 10 12 9 3 12 9 3 12 9 9 9 3 3 1 12 9 9 3 12 9 12 10 3 12 10 3 12 10 1 1 12 9 7 1 12 9 1 1 1 1 1 12 10 4 4 1 7 1 1 12 10 1 12 10 7 1 12 10 1 9 3 3 9 1 3 12 10 3 3 5 0 12 9 3 1 12 10 3 3 9 12 9 1 1 12 10 3 3 3 3 1 12 10 3 3 3 3 3 3 3 3 12 9 9 9 1 8 9 3 3 3 3 3 3 3 3 3 3 3 3 12 10 3 7 12 10 3 12 9 12 9 3 3 1 7 1 12 9 1 7 12 10 1 1 3 100 1 12 9 12 9 12 10 1 12 10 7 1 12 9 1 12 10 12 9 1 12 10 3 1 12 9 9 3 12 9 12 9 3 12 9 9 12 9 12 9 12 9 3 9 12 10 12 10 3 12 9 12 9 3 9 12 9 12 9 9 100 1 12 10 3 100 1 12 10 1 12 9 12 9 12 9 9 9 9 9 7 12 9 3 12 9 3 4 4 3 7 9 3 7 12 9 3 7 9 3 9 3 9 3 9 3 3 1 7 12 9 3 3 7 12 9 3 3 9 1 12 9 1 12 10 1 12 10 9 3 12 9 9 3 12 9 9 3 12 9 9 12 9 12 9 12 9 12 9 12 9 1 1 1 12 10 1 3 1 12 10 100 1 1 12 9 3 3 10 7 12 10 3 3 3 12 10 3 10 3 12 10 1 1 1 12 10 12 10 3 1 12 10 3 12 10 9 10 10 100 12 10 3 10 3 12 10 12 10 12 10 3 10 1 12 10 3 10 3 12 10 1 100 10 10 3 10 1 12 9 10 1 12 10 10 1 12 10 1 12 10 3 1 1 12 10 3 10 100 12 10 3 3 3 3 1 1 1 1 12 10 1 1 1 12 10 12 9 3 10 1 12 9 12 9 12 9 12 9 12 9 1 12 10 9 3 1 1 1 7 1 12 10 3 100 1 12 9 3 3 1 12 10 7 1 1 12 9 3 1 12 10 3 7 12 9 3 12 10 1 12 9 3 7 12 9 12 9 12 9 3 12 10 1 8 12 9 12 9 12 9 7 12 9 12 9 12 9 12 9 12 10 3 12 10 3 12 9 100 12 9 12 9 7 1 12 9 3 1 12 10 1 100 1 12 10 3 12 10 3 1 7 10 1 1 9 3 10 3 10 3 9 3 3 3 9 9 3 1 12 10 3 1 12 10 3 3 1 1 3 10 1 12 9 3 3 1 12 9 3 3 3 3 3 3 3 3 3 9 3 12 9 12 9 9 3 9 3 9 3 9 3 3 3 9 9 3 3 3 10 3 9 3 3 3 3 12 10 1 12 9 10 3 3 3 7 1 12 9 3 3 3 3 3 12 10 1 12 10 3 10 7 1 12 9 3 3 12 9 9 3 12 10 9 3 3 1 4 1 12 10 3 3 9 3 3 3 3 3 3 1 9 3 1 3 1 1 12 10 1 1 1 12 10 12 9 1 12 10 1 12 10 1 12 10 1 12 10 1 12 10 1 12 10 1 12 10 1 12 10 1 12 10 5 0 5 0 9 9 1 12 10 1 12 10 12 10 1 12 10 1 12 10 1 12 10 1 1 12 10 1 12 10 1 12 10 1 12 10 1 12 10 1 12 10 1 12 10 1 12 10 10 10 1 12 9 1 12 9 12 9 7 1 1 12 10 12 9 12 9 4 4 4 100 1 12 10 1 1 3 1 1 12 9 1 3 3 10 12 9 3 100 1 12 9 12 9 1 12 10 3 12 9 12 9 3 12 9 3 12 9 3 12 9 12 9 12 9 12 9 3 1 12 10 12 9 3 3 10 3 3 3 3 3 3 3 3 3 3 3 10 3 1 12 10 3 12 9 3 1 8 3 100 1 12 10 1 8 3 1 8 3 1 8 3 1 8 3 1 100 10 3 1 12 10 12 9 3 12 9 3 3 1 12 10 9 3 3 1 12 9 3 100 1 12 11 12 9 9 3 9 12 10 3 3 3 12 9 3 3 3 3 10 9 3 100 1 12 9 10 1 100 1 1 12 10 12 9 5 0 1 100 1 1 12 9 1 100 1 1 12 11 1 12 9 1 100 10 12 10 10 10 100 1 12 10 3 12 10 1 12 10 100 1 12 9 100 12 9 12 9 12 9 3 1 12 10 12 9 3 12 9 3 1 12 9 1 12 10 3 1 12 10 3 1 12 10 10 3 12 9 3 1 12 9 10 12 9 12 9 3 100 1 12 11 12 9 3 12 9 3 100 1 12 10 7 1 12 10 12 9 3 12 9 3 12 9 3 3 3 12 9 3 12 9 12 9 12 9 12 9 3 12 9 12 9 12 9 3 3 12 9 12 9 12 9 3 12 9 12 9 12 9 3 3 12 9 1 12 10 3 12 9 3 3 3 3 3 3 3 3 3 3 3 3 3 3 3 3 3 3 3 3 3 3 3 3 1 8 3 1 8 3 1 8 3 1 8 3 1 8 3 1 8 3 1 8 3 1 8 3 1 8 3 3 12 9 3 12 10 3 3 1 12 10 3 3 12 9 10 12 10 12 9 3 12 9 3 3 12 9 3 10 3 3 3 3 1 12 10 3 10 100 12 9 12 9 3 3 9 1 12 10 12 9 12 9 100 12 9 100 12 9 12 9 100 12 9 3 3 1 7 12 9 12 9 100 12 9 12 9 12 9 12 9 12 9 3 100 10 9 3 3 3 10 12 9 3 10 3 10 3 100 10 9 12 9 3 10 10 1 12 10 3 10 3 1 12 10 100 12 9 12 9 100 9 3 3 3 9 3 1 100 1 12 9 3 3 3 1 12 10 10 12 10 3 10 3 10 9 3 12 9 3 12 9 3 9 3 3 100 1 12 10 12 9 9 3 3 12 9 9 3 100 1 12 10 1 12 10 100 12 10 9 3 3 1 12 10 9 3 3 100 1 12 10 3 10 3 9 12 9 3 9 9 3 7 12 9 3 9 9 3 3 9 12 9 3 9 3 1 12 10 12 10 9 3 3 12 9 3 12 9 12 10 6 0 6 0 1 100 1 12 10 3 12 9 3 12 9 3 3 3 9 1 8 3 3 1 12 10 1 12 10 1 7 1 12 9 1 12 10 1 12 10 12 9 3 10 3 3 3 12 9 3 12 9 3 10 3 1 12 10 12 9 3 12 9 3 1 8 3 1 12 10 12 9 3 100 3 1 12 10 10 3 1 12 10 9 3 12 9 3 3 9 3 3 3 3 3 3 3 3 3 3 3 3 3 3 9 3 1 8 3 1 12 10 3 12 9 3 1 12 10 3 1 12 9 9 3 12 10 3 9 3 12 10 3 10 1 12 10 3 12 9 3 12 9 3 3 3 7 1 1 3 1 12 10 1 1 1 12 10 1 1 1 1 12 10 1 12 10 1 1 1 1 3 5 0 12 9 12 10 12 10 3 3 1 12 10 12 9 3 12 10 3 1 12 10 3 3 1 12 10 1 3 3 3 3 3 3 3 3 3 3 3 3 3 3 3 3 3 3 3 3 3 3 1 1 1 1 1 12 10 12 9 3 100 10 1 12 9 10 3 3 3 3 3 10 3 10 1 7 1 12 10 1 12 10 3 12 10 12 10 3 10 12 9 12 9 12 10 1 12 10 3 1 12 10 3 1 12 10 1 3 3 10 1 12 10 12 9 3 12 10 12 10 1 12 10 3 12 10 12 9 3 3 3 3 3 1 1 1 9 3 12 9 12 9 1 8 1 8 12 10 1 12 10 12 9 1 7 10 12 9 1 12 10 1 1 12 10 12 9 10 1 12 10 1 7 1 12 10 1 7 1 7 1 1 12 9 1 12 10 1 12 10 1 12 10 1 12 10 10 1 8 1 7 1 1 12 11 10 1 8 1 1 12 11 1 8 1 12 10 10 1 1 1 12 10 10 1 7 1 12 10 1 12 10 1 12 10 1 9 3 1 12 10 1 12 10 6 0 1 12 10 3 3 10 3 3 1 12 9 1 1 12 9 1 12 10 12 9 12 9 12 9 12 9 12 9 12 9 3 12 9 12 9 12 9 12 9 12 9 12 9 12 9 12 9 12 9 9 3 9 12 9 12 9 12 9 12 9 12 9 12 9 10 12 9 12 9 12 9 12 9 12 9 12 9 3 12 9 12 9 9 12 9 12 9 12 9 12 9 12 9 12 9 12 9 12 9 12 9 12 9 12 9 12 9 12 9 12 9 12 9 12 9 9 12 9 3 12 9 12 9 12 9 3 3 12 9 12 9 12 9 3 1 8 1 8 1 8 12 9 12 9 12 9 12 9 12 9 12 9 12 9 12 9 12 9 3 12 9 12 9 12 9 12 9 12 9 12 9 12 9 12 9 12 9 3 12 9 12 9 12 9 3 3 12 9 12 9 12 9 12 9 12 9 12 9 12 9 12 9 12 9 3 12 9 12 9 12 9 12 9 12 9 12 9 1 8 3 12 9 9 9 12 9 12 9 12 9 3 12 9 12 9 12 9 3 12 9 12 9 12 9 3 1 12 9 6 0 6 0 1 7 1 1 12 10 3 3 3 3 3 3 3 3 3 3 3 3 3 3 3 3 3 3 3 3 3 3 3 1 1 12 10 1 12 9 1 12 9 1 8 1 12 10 1 1 12 11 1 12 9 1 7 10 10 1 8 12 11 12 10 12 10 1 9 3 12 9 9 12 9 1 1 12 10 3 3 3 3 3 3 3 3 3 3 3 3 1 1 1 12 10 1 12 9 12 9 12 9 12 9 12 9 12 9 12 9 1 12 9 1 100 1 12 10 1 12 9 100 1 12 10 12 10 12 9 12 9 12 9 12 9 1 7 1 12 10 12 9 12 10 12 9 12 9 12 9 1 7 1 1 12 11 12 10 3 3 3 3 3 3 3 3 3 3 3 3 1 1 1 3 12 9 12 9 3 9 3 9 12 9 3 12 9 12 9 3 12 9 12 9 3 9 9 9 3 12 9 3 9 12 9 3 9 9 3 9 12 9 3 12 9 9 3 9 9 3 12 9 12 9 3 9 12 9 12 9 3 9 9 3 9 3 9 9 1 12 10 3 1 12 10 5 0 3 3 1 1 12 10 5 0 1 1 12 10 1 3 9 3 9 12 9 3 9 3 3 9 9 9 12 9 3 9 10 3 12 9 9 1 1 1 12 10 1 12 10 1 8 3 3 3 3 3 3 3 3 3 3 3 3 3 10 3 10 1 3 3 3 3 3 3 1 1 1 1 100 11 3 9 1 12 10 1 1 12 10 12 9 12 9 12 9 1 12 10 12 9 1 12 10 1 7 10 1 1 12 10 1 12 10 1 1 12 10 1 1 3 3 12 10 1 3 12 9 3 3 3 1 1 1 12 10 1 12 10 1 1 1 12 10 1 1 12 9 1 1 1 12 10 1 1 3 1 12 10 3 1 12 10 1 3 1 1 3 1 12 10 3 1 1 12 10 10 1 12 10 1 12 10 1 3 1 12 10 1 7 1 12 10 1 1 12 10 3 12 9 3 3 3 1 1 7 1 12 10 12 9 1 1 12 10 1 1 12 10 1 3 10 1 1 1 1 12 10 1 12 10 12 10 1 12 10 12 10 1 1 100 1 100 1 1 12 10 12 11 1 12 10 3 3 3 3 3 3 3 3 3 3 3 3 3 12 10 3 1 8 1 3 12 9 1 1 1 12 10 12 10 1 12 10 1 3 9 1 9 9 3 100 1 12 10 1 12 10 3 3 1 12 10 3 3 3 3 3 6 0 3 3 1 1 100 1 8 3 12 10 3 12 10 3 1 8 3 1 8 3 1 8 1 12 10 3 1 12 10 3 12 10 1 8 1 8 3 1 12 10 1 8 1 8 1 8 1 1 12 10 3 12 10 3 1 8 1 1 12 10 3 1 8 100 1 12 10 1 12 10 1 8 3 1 8 3 1 8 3 1 8 1 8 12 9 1 8 1 12 10 1 8 8 12 10 1 8 1 8 1 8 3 12 10 1 8 3 1 8 1 12 10 3 1 8 3 1 8 1 8 3 1 8 12 9 3 3 3 1 1 12 10 1 1 12 10 12 10 3 12 10 12 10 9 3 1 12 10 1 12 10 9 3 1 1 12 9 12 10 12 10 1 1 12 10 3 3 3 3 3 3 3 3 3 3 3 3 3 3 3 3 3 3 3 3 3 3 3 3 3 3 3 3 3 3 3 3 3 3 3 3 3 3 3 3 3 3 3 3 3 3 3 3 3 3 3 3 3 3 3 3 3 3 3 3 3 3 3 3 3 3 3 3 3 3 3 3 3 3 3 3 3 3 3 3 3 3 3 3 3 3 3 3 3 3 3 3 3 3 3 3 3 3 3 3 3 3 3 3 3 3 3 3 3 3 3 3 3 3 3 3 3 3 3 3 3 3 3 3 3 3 3 3 3 3 3 3 3 3 3 3 3 3 3 3 3 3 3 3 3 3 3 3 3 3 3 3 3 3 3 3 3 3 3 3 3 3 3 3 3 3 3 3 3 3 3 3 3 3 3 3 3 3 3 3 3 3 3 3 3 3 3 3 3 3 3 3 3 3 3 3 3 3 3 3 3 3 3 3 3 3 3 3 3 3 3 3 3 3 3 3 3 3 3 3 3 3 3 3 3 3 3 3 3 3 3 3 3 3 3 3 3 3 3 3 3 3 3 3 3 3 3 3 3 3 3 3 3 3 3 3 3 3 3 3 3 3 3 3 3 3 3 3 3 3 3 3 3 3 3 3 3 3 3 3 3 3 3 3 3 3 3 3 3 3 3 3 3 3 3 3 3 3 3 3 3 3 3 3 3 3 3 3 3 3 3 3 3 3 3 3 3 3 3 3 3 3 3 3 3 3 3 3 3 3 3 3 3 3 3 3 3 3 3 3 3 3 3 3 3 3 3 3 3 3 3 3 3 3 3 3 3 3 3 3 3 3 3 3 3 3 3 3 3 3 3 3 3 3 3 3 3 3 3 3 3 3 1 1 1 12 10 1 1 3 1 12 9 3 9 3 3 1 12 10 1 12 10 3 100 1 12 10 3 12 10 3 12 10 1 12 10 12 9 12 9 3 3 3 1 1 12 9 12 9 12 10 12 9 12 9 12 10 3 3 3 3 3 3 3 3 3 3 3 3 3 3 3 3 3 3 3 3 3 3 3 3 3 3 3 3 3 3 3 3 3 3 3 3 3 3 3 3 3 3 3 12 10 3 1 8 3 3 3 3 3 3 3 3 3 3 3 3 3 3 3 3 3 3 3 3 3 3 3 3 3 3 3 3 3 3 3 1 3 9 3 9 9 3 9 3 9 3 9 1 3 12 9 3 12 10 3 3 3 3 10 3 3 3 1 1 10 3 3 3 10 3 10 10 10 3 10 3 9 3 100 1 12 10 3 10 3 3 3 3 3 3 3 3 3 3 3 3 3 3 3 3 3 3 3 3 3 3 3 3 3 3 3 3 3 3 3 3 3 3 3 12 9 1 12 9 1 12 10 1 6 0 1 12 10 1 12 10 12 10 12 10 1 12 10 3 12 10 1 1 1 12 10 10 1 8 10 1 12 10 3 3 3 3 3 3 3 3 3 3 3 3 5 0 12 9 3 12 10 12 10 1 8 18 3 12 10 3 3 3 3 3 1 1 1 12 10 1 12 10 1 1 1 12 10 12 10 1 1 1 8 3 1 12 10 1 12 10 3 3 10 1 8 1 12 10 1 12 10 1 12 10 3 1 12 10 1 9 3 100 1 12 10 3 1 12 10 3 3 3 1 100 1 12 10 3 100 1 12 10 3 1 12 10 3 3 3 1 3 3 9 3 12 10 1 12 9 1 1 12 9 12 10 1 12 9 1 1 12 9 1 1 1 12 10 9 100 1 100 3 12 10 3 1 12 9 3 12 10 12 10 3 3 3 3 3 3 3 3 3 3 3 12 10 3 3 3 3 3 3 3 3 3 3 3 1 8 1 3 12 10 12 9 9 3 1 12 10 3 1 12 10 1 12 9 9 3 3 9 3 12 10 9 9 3 3 3 3 9 9 3 3 9 3 9 3 9 9 12 9 3 9 9 3 12 10 3 12 10 3 12 10 1 12 9 3 1 12 10 1 12 9 3 3 9 3 1 12 10 3 12 9 9 3 3 12 10 9 3 3 3 10 3 3 9 3 9 3 9 9 3 12 9 9 3 9 3 3 9 9 3 9 3 9 3 3 3 9 3 3 9 3 3 12 10 12 9 3 12 10 3 3 3 3 3 10 9 9 3 9 3 3 12 10 3 3 9 3 3 3 3 3 3 3 3 3 3 3 3 3 1 1 12 10 3 3 3 3 3 3 3 3 3 3 3 3 3 3 3 3 3 3 3 3 3 3 3 3 3 3 3 3 3 3 3 3 3 3 3 3 3 3 3 3 3 3 3 3 3 3 3 3 3 3 3 3 3 3 3 3 3 3 3 3 3 3 3 3 3 3 3 3 3 3 3 3 3 3 3 3 3 3 3 3 3 3 3 3 3 3 3 3 3 3 3 3 3 3 3 3 3 3 3 3 3 3 3 3 3 3 3 3 3 3 3 3 3 3 3 3 3 3 3 3 3 3 3 3 3 3 3 3 3 3 3 3 3 3 3 3 3 3 3 3 3 3 3 3 3 3 3 3 3 3 3 3 3 3 3 3 3 3 3 3 3 3 3 3 3 3 3 3 3 3 3 3 3 3 3 3 3 3 3 3 3 3 3 3 3 3 3 3 3 3 3 3 3 3 3 3 3 3 3 3 3 3 3 3 3 3 3 3 3 3 3 3 3 3 3 3 3 3 3 3 3 3 3 3 3 3 3 3 3 3 3 3 3 3 3 3 3 3 3 3 3 3 3 3 3 3 3 3 3 3 3 3 3 3 3 3 3 3 3 3 3 3 3 3 3 3 3 3 3 3 3 3 3 3 3 3 3 3 3 3 3 3 3 3 3 3 3 3 3 3 3 3 3 3 3 3 3 3 3 3 3 3 3 3 3 3 3 3 3 3 3 3 3 3 3 3 3 3 3 3 3 3 3 3 3 3 3 3 3 3 3 3 3 3 3 3 3 3 3 3 3 3 3 3 3 3 3 3 3 3 3 3 3 3 3 3 3 3 3 3 3 3 3 3 3 3 3 3 3 3 3 3 3 3 3 3 3 3 3 3 3 3 3 3 3 3 3 3 3 3 3 3 3 3 3 3 3 3 3 3 3 3 3 3 3 3 3 3 3 3 3 3 3 3 3 3 3 3 3 3 3 3 3 3 3 3 3 3 3 3 3 3 3 3 3 3 3 3 3 3 3 3 3 3 3 3 3 3 3 3 3 3 3 3 3 3 3 3 3 3 3 3 3 3 3 3 3 3 3 3 3 3 3 3 3 3 3 3 3 3 3 3 3 3 3 3 3 3 3 3 3 3 3 3 3 3 3 3 3 3 3 3 3 3 3 3 3 3 3 3 3 3 3 3 3 3 3 3 3 3 3 3 3 3 3 3 3 3 3 3 3 3 3 3 3 3 3 3 3 3 3 3 3 3 3 3 3 3 3 3 3 3 3 3 3 3 3 3 3 3 3 3 3 3 3 3 3 3 3 3 3 3 3 3 3 3 3 3 3 3 3 3 3 3 3 3 3 3 3 3 3 3 3 3 3 3 3 3 3 3 3 3 3 3 1 1 3 3 3 3 3 3 3 3 3 3 3 10 12 10 3 3 3 3 12 10 12 10 1 3 3 3 3 3 3 3 3 3 3 3 3 3 3 3 3 3 3 3 3 3 3 3 3 3 3 3 3 3 3 1 12 10 3 1 1 12 10 12 9 12 10 1 1 1 12 10 1 7 1 7 1 1 12 10 1 7 1 12 10 1 8 1 1 12 10 10 1 7 10 1 8 1 12 10 12 9 1 12 10 1 8 12 11 1 1 12 10 12 10 1 3 1 12 10 3 1 12 10 3 12 10 12 10 3 12 10 12 10 3 12 10 3 3 12 10 3 10 12 10 3 100 1 12 10 3 3 12 10 3 3 3 3 1 12 10 1 12 9 3 12 10 3 12 9 3 3 12 9 12 10 3 11 3 3 3 11 3 12 10 12 10 3 12 10 3 3 12 9 1 12 10 3 3 3 3 3 3 3 3 3 3 3 3 3 3 3 3 3 3 3 3 3 3 3 3 3 3 3 3 3 3 3 3 3 3 3 3 3 3 3 3 3 3 3 3 3 1 1 3 1 3 3 1 12 10 3 3 3 3 3 3 1 12 9 4 3 3 1 12 10 3 12 10 3 100 1 12 10 12 10 1 12 10 1 1 1 12 10 1 12 9 12 9 1 1 12 9 1 1 12 10 1 7 1 1 12 10 1 7 10 10 1 12 10 12 9 1 7 12 10 12 10 1 12 9 1 12 9 10 1 12 10 12 9 1 12 9 12 10 1 7 1 12 10 12 10 1 12 9 12 10 12 10 12 10 1 12 10 12 10 12 10 10 12 9 1 7 10 1 100 1 1 12 10 12 9 1 100 1 8 12 18 10 9 3 3 12 10 3 12 10 100 12 10 3 1 12 9 1 12 10 3 100 12 10 12 9 3 12 10 3 12 10 1 12 10 3 3 12 9 1 1 12 10 12 9 3 3 3 3 3 3 1 7 10 12 9 9 9 12 9 12 9 12 9 12 9 12 9 1 12 9 12 9 1 12 10 12 10 12 10 12 10 12 10 1 12 10 7 12 10 12 10 12 10 1 12 10 3 100 12 10 3 3 12 10 12 10 3 3 3 3 1 1 12 10 12 10 10 3 3 3 3 3 3 3 3 3 3 3 3 3 3 3 3 3 3 3 1 1 12 10 12 10 7 9 3 9 3 9 9 7 9 9 12 9 9 3 1 12 10 1 12 10 1 12 10 1 12 10 7 9 1 100 100 3 1 1 1 7 12 10 1 1 1 1 7 10 1 1 1 12 10 1 1 12 10 1 3 12 9 3 3 12 9 3 3 12 10 12 9 3 3 3 12 9 3 3 3 12 9 12 9 3 12 9 1 12 9 1 1 1 12 10 3 1 1 4 4 3 10 6 0 3 4 3 3 1 12 10 3 3 3 3 3 1 12 10 5 0 1 8 12 10 15 5 0 1 7 1 1 12 10 15 1 12 17 12 18 1 1 12 10 12 9 3 3 3 3 3 3 3 3 3 12 9 12 10 1 12 10 1 1 12 10 1 7 11 11 11 12 10 1 1 1 3 3 3 3 3 3 3 3 3 3 3 3 3 3 3 3 3 3 3 3 3 3 3 3 1 12 9 1 6 0 12 9 1 12 10 1 10 3 12 9 3 10 9 12 9 9 3 9 9 12 9 3 3 10 3 9 3 3 3 3 1 12 10 3 9 3 3 3 3 3 3 3 3 3 3 3 3 3 3 3 3 3 3 3 3 3 3 12 10 1 1 1 1 12 10 1 1 1 1 1 100 11 3 1 12 9 1 8 1 8 18 1 12 10 1 1 12 10 7 10 10 12 10 12 10 10 12 10 1 12 10 1 12 10 12 10 3 1 12 9 1 1 100 10 1 12 9 3 3 3 3 12 9 5 0 5 0 12 10 3 3 3 3 1 3 12 10 11 1 8 12 11 1 100 1 12 10 11 1 7 10 1 1 12 10 12 10 12 10 9 12 9 1 12 10 12 10 3 3 10 3 10 1 8 1 12 10 3 3 3 3 1 3 3 3 1 12 9 9 3 12 9 1 12 10 3 100 9 12 10 1 12 10 12 10 10 3 3 3 3 3 3 3 3 3 3 3 3 1 1 1 7 3 3 10 3 3 3 3 3 3 3 3 3 3 3 3 1 1 1 12 10 3 3 3 3 3 3 1 9 3 3 3 12 10 3 3 3 9 9 3 3 100 1 12 10 3 3 3 1 12 9 1 1 1 12 9 1 3 3 3 1 12 10 3 1 12 10 3 3 3 3 3 3 1 1 1 12 10 1 1 1 12 10 1 1 1 1 3 3 3 12 9 9 12 9 12 9 3 3 3 3 3 1 12 9 1 12 10 12 9 12 9 12 9 3 3 3 3 3 3 3 3 3 3 3 3 3 3 3 3 3 3 3 3 3 3 3 3 3 3 3 3 3 1 3 3 3 1 12 10 3 1 12 10 10 3 3 3 3 3 3 3 3 3 3 3 12 9 1 1 12 9 3 3 3 3 3 3 3 3 3 3 3 3 3 3 1 1 3 1 1 12 10 1 1 1 12 10 9 3 12 9 12 9 12 9 9 3 9 3 10 9 3 1 12 10 1 1 12 10 9 9 9 9 9 12 9 10 12 10 12 10 1 12 10 1 12 10 3 12 10 12 10 12 10 12 10 3 3 10 1 3 1 12 10 1 1 12 10 1 100 9 3 1 1 12 11 1 100 1 12 10 3 3 3 3 3 3 3 3 3 3 3 3 3 3 3 3 3 1 1 1 8 1 100 1 1 12 10 1 1 12 9 3 3 3 3 3 3 3 3 3 3 3 3 3 3 3 3 3 3 3 3 3 3 3 3 3 3 3 3 3 3 3 1 1 1 12 10 1 1 12 10 100 1 12 10 12 9 3 5 0 1 12 9 1 12 10 10 5 0 10 1 12 10 12 10 5 0 12 10 12 10 5 0 5 0 1 12 9 5 0 9 3 9 3 10 10 10 3 3 12 10 5 0 5 0 1 12 9 10 5 0 1 1 1 12 10 9 1 8 18 1 1 12 10 3 3 1 8 1 1 3 3 100 12 10 12 9 3 100 1 12 10 3 3 3 3 3 12 10 3 1 12 10 3 3 100 1 12 10 3 3 3 3 3 3 12 10 3 100 1 12 10 3 3 3 3 3 3 3 3 3 3 3 3 3 3 3 3 3 3 3 3 3 3 1 1 1 12 10 1 3 3 1 1 1 1 1 12 10 1 1 12 9 3 3 1 12 10 3 3 12 10 3 3 3 3 3 3 3 3 3 1 8 12 10 1 12 10 12 10 1 7 1 12 10 12 10 1 8 1 12 11 1 7 10 1 1 9 3 1 1 3 3 3 3 3 3 3 12 9 12 10 1 12 10 4 1 12 10 12 10 1 12 10 1 3 3 3 3 3 3 3 3 3 3 3 3 3 3 3 3 3 3 3 3 3 3 3 3 3 3 3 3 3 11 3 3 3 3 3 3 3 3 3 3 3 3 3 3 3 3 3 3 3 3 3 3 3 3 3 3 3 3 3 3 3 3 3 3 3 10 3 10 10 3 3 3 3 3 3 3 3 3 3 3 3 3 3 3 3 3 3 3 3 10 3 3 3 3 3 3 3 3 3 3 3 3 3 3 3 12 10 3 3 3 3 3 1 12 10 3 3 3 3 3 3 3 12 9 3 3 3 3 3 3 3 3 3 3 3 3 3 3 3 3 3 3 3 3 3 3 3 12 10 3 1 12 10 12 10 1 12 10 1 12 10 9 3 12 10 12 10 12 10 12 10 12 10 3 10 1 12 10 3 1 12 10 3 7 1 12 9 9 3 10 12 9 3 3 10 3 1 12 10 3 12 10 3 1 12 10 10 3 10 3 3 3 10 3 3 3 3 12 10 3 3 3 1 12 10 1 12 10 3 3 1 12 10 3 3 3 9 3 10 3 3 3 3 3 3 1 12 10 3 10 3 10 3 10 3 1 12 10 3 3 1 12 10 3 3 3 3 3 3 3 3 100 1 12 10 3 3 1 12 10 3 3 12 10 3 3 3 100 12 10 12 9 12 9 3 3 10 3 100 12 10 3 10 3 3 7 1 12 9 1 8 1 7 1 12 10 1 12 10 1 3 12 9 3 1 12 9 3 3 1 12 10 3 3 3 3 3 3 3 3 3 3 3 3 3 3 3 3 3 1 3 3 3 3 3 3 1 3 100 9 12 9 3 3 3 3 100 1 12 10 3 3 3 3 3 3 3 3 3 3 3 3 3 3 1 12 10 10 3 3 3 3 9 3 3 3 9 3 9 3 3 9 3 1 12 10 12 9 3 3 3 3 3 3 1 12 10 12 9 10 12 9 3 9 3 3 9 3 3 9 3 12 10 3 9 3 3 9 3 3 9 3 9 3 3 9 3 3 9 3 9 12 9 3 9 3 3 3 9 3 9 3 1 12 10 12 10 3 3 3 3 3 3 3 1 12 10 3 3 12 10 3 3 3 3 3 3 3 3 9 3 3 3 1 12 10 3 3 9 3 3 3 3 12 9 3 3 3 3 3 3 3 3 3 3 3 3 3 3 3 3 9 3 3 3 3 12 10 3 3 3 9 3 3 3 3 3 3 12 9 3 9 3 9 3 3 3 3 12 10 3 9 3 3 3 12 9 12 9 12 9 3 3 3 12 10 12 9 3 3 3 3 3 3 3 9 3 3 9 3 1 12 10 1 1 10 1 1 1 1 3 3 12 9 3 12 9 3 3 3 3 3 3 3 3 3 12 9 3 3 3 12 9 3 3 3 3 3 3 3 12 9 3 3 12 10 12 9 12 9 1 12 10 12 10 15 18 1 1 12 9 1 12 9 1 12 9 1 12 9 1 12 9 1 12 9 1 12 9 1 12 9 1 12 9 3 1 3 1 100 1 1 12 10 1 12 10 1 3 1 7 10 1 9 1 3 1 100 1 12 10 3 10 3 10 12 9 9 1 12 10 12 9 3 9 3 1 12 10 3 3 3 3 3 3 3 3 3 5 0 17 18 1 9 1 1 1 12 10 1 12 10 6 0 4 1 1 7 9 3 12 9 12 9 3 3 3 3 3 3 3 3 1 1 12 10 12 9 1 12 10 1 7 10 1 12 10 1 12 10 1 12 10 1 3 3 3 3 3 3 3 3 1 100 1 12 10 1 12 10 3 3 1 3 3 3 3 3 3 3 3 3 3 3 3 3 3 3 3 3 3 3 3 3 1 12 9 1 1 12 10 5 0 12 9 1 1 12 10 3 100 1 12 10 1 1 1 12 9 12 10 1 1 12 10 1 1 12 10 3 9 1 12 10 12 10 12 10 1 12 10 3 1 12 10 12 10 9 3 1 12 10 12 10 1 12 10 1 12 10 12 10 3 12 10 3 3 1 12 10 3 3 12 10 3 1 12 10 1 1 3 3 3 3 3 3 3 3 3 3 3 3 3 3 1 1 12 10 3 3 12 9 3 12 9 3 12 10 12 9 3 12 9 12 9 3 3 1 12 10 100 1 1 100 11 1 1 1 1 1 12 10 1 12 9 12 10 3 1 10 3 3 3 9 3 9 3 9 12 9 3 3 1 1 1 1 1 12 10 1 12 10 3 3 3 3 3 3 3 3 3 3 9 3 12 9 1 12 10 12 10 9 10 12 9 1 12 10 12 9 3 12 9 3 9 3 3 10 3 3 3 10 12 9 3 3 9 3 12 9 10 3 3 3 10 1 12 10 3 12 10 3 3 3 3 12 10 3 3 1 12 10 12 9 3 3 3 1 12 10 100 12 9 1 8 1 1 12 10 1 10 1 12 9 12 10 1 12 9 1 12 10 12 10 12 9 1 12 10 12 10 1 12 10 1 1 12 10 1 12 9 3 1 12 10 3 3 3 3 3 3 3 3 3 3 3 3 3 3 3 3 3 3 3 3 3 3 3 3 3 3 3 3 3 3 3 3 3 3 3 3 3 3 3 3 3 3 3 3 3 3 3 3 3 3 3 3 3 3 3 3 3 3 3 3 3 3 3 3 3 3 3 3 3 3 3 3 3 3 3 3 3 3 3 3 3 3 3 3 3 3 3 3 3 3 3 3 3 3 3 3 3 3 3 3 3 3 3 3 3 3 3 3 3 3 3 3 3 3 3 3 3 3 3 3 3 3 3 3 3 3 3 3 3 3 3 3 3 3 3 3 3 3 3 3 3 3 3 3 3 3 3 3 3 3 3 3 3 3 3 3 3 3 3 3 3 3 3 3 3 3 3 3 3 3 3 3 3 3 3 3 3 3 3 3 3 3 3 3 3 3 3 3 3 3 3 3 3 3 3 3 3 3 3 3 3 3 3 3 3 1 9 9 12 10 5 0 1 12 9 1 12 10 1 12 9 9 12 9 1 12 10 1 12 10 1 12 9 5 0 12 10 5 0 12 9 5 0 1 1 1 12 10 1 1 7 10 3 1 12 10 12 9 1 12 10 3 3 3 3 3 3 3 3 3 3 3 3 3 3 3 3 3 3 1 12 10 1 12 9 1 3 1 12 9 1 8 3 1 1 12 10 1 7 11 1 12 10 1 12 10 1 12 10 1 12 9 12 10 1 12 9 12 10 12 9 12 10 3 9 3 1 8 3 3 9 1 8 3 3 3 3 3 3 3 12 10 12 9 3 10 3 3 3 3 3 12 10 5 0 12 9 3 3 5 0 5 0 3 3 1 12 10 3 1 8 3 3 3 3 1 8 3 1 12 10 12 9 1 7 10 1 12 10 1 12 10 4 4 4 1 7 1 12 10 12 10 1 12 9 1 1 12 10 10 1 12 10 1 12 10 12 10 1 12 10 12 10 1 12 10 12 10 1 100 1 1 12 10 1 12 10 12 10 100 1 12 9 12 9 9 3 10 3 9 1 1 12 10 3 3 3 1 1 1 12 9 3 3 3 3 3 3 3 3 3 3 3 3 3 3 3 3 3 3 3 3 3 3 3 1 12 10 10 1 1 1 3 12 10 1 12 11 1 8 1 1 1 12 10 3 10 12 10 3 10 10 12 10 12 9 1 8 100 1 1 3 1 12 10 1 1 3 10 10 3 10 3 3 1 3 3 1 12 10 3 3 12 10 3 3 3 3 3 1 12 10 1 3 12 10 10 3 3 3 3 9 3 3 10 3 3 3 10 10 3 3 3 3 12 9 3 1 12 10 3 3 3 3 3 3 3 3 3 3 3 12 10 3 3 12 10 10 3 3 9 3 3 1 12 10 3 3 3 100 1 12 10 3 3 9 3 12 10 3 3 3 3 3 3 3 3 3 3 3 3 3 3 3 3 3 3 1 12 10 3 9 3 10 3 12 10 3 3 3 9 3 12 10 3 1 12 10 3 1 12 10 1 12 10 3 3 3 3 3 12 10 3 3 3 3 3 3 3 3 3 3 3 3 3 3 3 3 3 3 3 12 9 3 3 3 3 3 3 3 9 3 3 12 9 3 1 100 10 1 12 9 12 10 3 3 3 1 12 10 3 3 3 3 9 3 3 3 10 3 1 12 10 3 10 3 3 3 12 10 3 3 3 3 3 3 9 3 3 1 12 10 1 12 10 3 3 3 3 3 12 10 3 12 10 3 12 10 3 3 3 3 3 3 9 3 3 3 9 3 3 9 3 3 3 3 3 3 3 3 3 3 3 3 3 3 3 1 12 10 3 3 3 3 1 12 10 3 3 3 1 12 10 3 3 3 1 12 10 3 3 1 12 10 3 12 10 1 1 1 1 12 10 3 3 3 3 3 3 3 3 3 3 3 3 3 3 3 3 3 3 3 3 3 3 3 3 3 3 3 3 3 3 3 3 3 3 3 3 3 3 3 3 3 3 3 3 3 3 3 3 3 3 3 3 3 3 3 3 3 3 3 3 3 3 3 3 3 3 3 3 3 3 3 3 3 3 3 3 3 3 3 3 3 3 3 3 3 3 3 3 3 3 3 3 3 3 3 3 3 3 3 3 3 3 3 3 3 3 3 3 3 3 3 3 3 3 3 3 3 3 3 3 3 3 3 3 3 3 3 3 3 3 3 3 3 3 3 3 3 3 3 3 3 3 3 3 3 3 3 3 3 3 3 3 3 3 3 3 3 3 3 3 3 3 3 3 3 3 3 3 3 3 3 3 3 3 3 3 3 3 3 3 1 3 3 3 3 3 3 3 3 3 3 3 3 3 1 3 3 3 3 3 3 1 12 9 1 1 7 12 10 1 1 1 1 12 10 1 1 1 1 12 10 12 10 12 10 7 1 12 10 1 12 10 1 8 1 1 12 10 12 9 1 8 12 10 3 12 10 12 9 12 10 1 1 12 10 3 3 3 3 12 10 12 9 12 9 12 9 12 9 3 3 12 10 3 3 3 1 12 10 3 1 1 5 0 5 0 5 0 1 1 1 1 3 3 3 1 12 10 3 1 1 3 12 10 12 10 3 3 3 1 12 10 1 12 10 1 12 10 12 10 10 12 10 12 10 3 3 3 1 3 3 10 3 1 12 10 3 1 12 10 3 12 9 3 3 3 12 9 3 12 9 12 9 3 3 3 3 12 9 3 3 3 3 3 3 3 12 9 3 12 9 1 12 10 1 12 10 12 9 12 9 12 9 3 3 12 9 3 3 3 1 12 10 3 10 3 1 12 10 3 3 3 1 12 10 12 9 3 3 3 3 3 3 3 3 3 3 3 3 12 9 3 3 3 3 3 3 3 3 3 3 3 1 12 10 3 12 9 3 12 9 12 9 3 12 9 3 3 3 12 9 3 3 3 3 3 3 3 3 12 9 3 3 3 3 3 12 10 12 9 3 3 3 3 9 3 3 3 12 9 3 12 10 3 3 3 3 3 3 12 9 3 3 3 3 3 12 9 3 3 3 100 12 10 3 3 3 3 3 12 9 12 10 3 12 9 3 12 9 3 3 3 3 3 12 9 12 9 3 3 3 3 3 3 3 3 3 12 9 3 3 3 12 9 3 3 12 9 3 3 3 3 12 9 3 3 3 12 9 3 3 3 9 3 3 3 3 3 3 3 12 9 3 3 3 3 12 9 3 3 3 3 3 3 3 12 9 12 10 12 10 3 3 3 100 12 10 3 9 3 3 3 3 3 3 3 3 3 3 3 3 3 3 3 3 3 3 3 3 3 3 3 3 3 3 3 3 3 3 3 3 3 3 3 3 3 3 3 3 3 3 3 3 3 3 3 3 3 3 3 3 3 3 3 3 3 1 1 12 10 3 3 3 3 3 3 3 3 3 3 3 3 3 3 3 3 3 3 3 3 3 3 3 3 3 3 3 3 3 3 3 3 3 3 3 3 3 3 3 3 3 3 3 3 3 3 3 3 3 3 3 3 3 3 3 3 3 3 3 3 3 3 3 3 3 3 3 3 3 3 3 3 3 3 3 3 3 3 3 3 3 3 3 3 3 3 3 3 3 3 3 3 3 3 3 3 3 3 3 3 3 3 3 3 3 3 3 3 3 3 3 3 3 3 3 3 3 3 3 3 3 3 3 3 3 3 3 3 3 3 3 3 3 3 3 3 3 3 3 3 3 3 3 3 3 3 3 3 3 3 3 3 3 3 3 3 3 3 3 3 12 10 12 10 12 10 12 10 3 3 3 3 1 12 10 3 3 3 3 3 3 3 3 3 3 3 3 3 3 3 3 3 3 3 3 3 3 3 3 12 9 12 10 12 9 3 12 9 3 12 9 3 3 12 9 12 9 3 3 3 3 3 3 3 3 3 3 3 3 3 3 3 3 3 3 3 3 3 3 12 9 1 8 12 9 12 10 12 10 12 10 1 3 1 8 12 9 1 8 3 10 3 1 12 9 3 3 3 3 100 12 9 3 3 3 3 3 1 3 1 1 1 12 9 12 9 12 10 12 9 6 0 6 0 12 10 1 100 1 12 9 1 12 10 3 3 3 3 3 3 3 3 3 3 3 3 3 3 3 3 3 3 3 3 3 3 3 3 3 3 3 3 1 3 3 1 1 8 1 12 10 12 9 1 12 10 12 10 12 10 8 12 10 1 100 10 1 8 1 7 1 1 12 10 1 1 12 10 1 7 1 12 10 1 1 12 10 1 12 10 12 10 1 12 10 1 12 10 1 8 1 1 12 10 10 1 12 10 1 8 1 100 1 12 10 1 1 12 10 1 7 10 1 1 12 10 1 12 10 1 12 10 1 7 10 1 7 10 10 12 10 1 12 9 1 1 12 10 3 3 3 3 3 3 3 3 3 3 3 3 3 3 7 12 10 3 3 3 3 3 3 3 3 3 3 3 3 3 3 3 3 3 3 3 3 3 3 3 3 3 3 3 3 3 3 3 3 3 3 3 3 3 1 12 10 1 1 1 12 10 12 10 12 10 12 10 12 10 12 10 1 12 10 12 10 1 12 10 1 12 9 12 10 1 12 10 12 10 12 10 9 3 9 3 1 1 12 10 1 100 1 1 12 9 1 12 9 1 12 9 1 12 9 1 12 9 1 12 9 1 1 1 1 1 7 1 1 12 10 1 1 1 3 7 10 3 3 3 3 3 3 3 3 3 1 12 10 3 3 3 3 3 3 3 3 3 1 3 12 9 3 12 9 1 12 10 3 9 3 3 1 1 3 3 3 3 3 1 3 3 3 3 3 1 1 3 3 3 3 3 1 12 9 3 3 1 1 12 9 12 9 12 9 12 9 3 12 10 3 3 3 1 1 12 10 3 1 12 10 1 12 10 1 12 10 3 3 1 12 10 3 10 1 12 10 12 9 3 12 10 4 3 3 12 9 3 3 12 9 3 3 1 12 10 3 12 9 3 6 0 6 0 12 9 10 3 3 3 3 3 3 3 3 3 3 3 3 3 3 3 3 3 3 1 1 9 3 12 9 3 12 9 3 3 12 10 3 1 12 10 3 1 12 10 9 1 12 10 3 1 12 10 3 3 1 12 10 3 12 10 3 3 12 10 12 9 3 12 10 12 10 3 3 1 12 10 12 10 100 12 10 3 12 10 3 10 1 1 3 3 1 12 10 1 12 10 12 10 1 12 10 1 12 10 1 1 3 3 1 1 3 3 3 1 3 1 3 100 1 12 10 3 1 12 10 1 12 11 3 3 1 12 10 1 3 3 3 3 3 3 3 3 3 3 3 3 3 3 3 3 3 3 3 3 3 3 3 3 3 3 3 3 3 3 3 3 3 3 3 3 3 3 3 3 3 3 3 3 3 3 3 3 3 3 3 3 3 3 3 3 3 3 3 3 3 3 3 3 3 3 3 3 3 3 3 3 3 3 3 3 3 3 3 3 3 3 3 3 3 3 3 3 3 3 3 3 3 3 3 3 3 3 3 3 3 3 3 3 3 3 3 3 3 3 3 3 3 3 3 3 3 3 3 3 3 3 3 3 3 3 3 3 3 3 3 3 3 3 3 3 3 3 3 3 3 3 3 3 3 3 3 3 3 3 3 3 3 3 3 3 3 3 3 3 3 3 3 3 3 3 3 3 3 3 3 3 3 3 3 3 3 3 3 3 3 3 3 3 3 3 1 7 1 100 12 9 12 10 1 1 12 11 100 12 10 3 100 1 12 10 3 1 12 11 1 1 12 10 1 12 9 1 1 12 10 1 3 9 3 100 12 10 3 3 3 12 10 3 9 3 12 9 3 12 9 3 1 12 10 3 12 9 3 3 1 1 12 9 12 9 1 100 1 1 12 11 1 1 7 11 1 12 10 1 8 1 12 10 1 8 18 1 8 1 12 18 1 12 10 3 3 1 100 12 9 12 9 1 3 3 3 3 3 3 3 3 3 3 3 3 3 3 3 3 3 3 3 3 3 3 3 3 3 3 3 3 3 3 3 1 1 3 12 11 1 1 3 3 3 3 3 12 9 9 3 3 9 1 12 10 3 3 3 3 3 3 3 12 9 3 3 3 3 3 3 12 9 3 1 12 10 3 3 3 3 3 3 3 3 3 3 3 3 3 3 3 3 3 3 3 3 3 3 3 3 4 1 1 12 10 3 3 3 3 3 3 3 3 3 3 3 3 3 3 3 3 3 3 3 3 1 3 10 3 10 1 9 3 3 12 9 3 3 3 3 3 1 1 1 12 10 3 3 3 3 1 3 3 3 3 3 3 3 3 3 3 3 3 3 3 3 3 3 3 3 3 3 3 3 3 3 3 3 3 3 3 3 3 3 3 3 3 3 3 1 1 3 3 3 3 3 3 3 3 1 1 1 7 1 12 10 1 12 10 1 1 12 10 3 12 10 3 12 11 12 11 12 11 1 12 10 1 12 10 12 9 4 4 6 0 12 9 12 9 1 12 10 12 10 4 10 10 10 3 3 3 3 3 3 3 12 10 3 12 10 3 1 12 10 3 1 12 10 12 10 1 1 1 12 10 1 9 3 1 9 1 3 3 3 1 8 1 8 1 1 12 10 1 12 10 16 12 10 15 1 16 1 1 12 18 1 12 10 1 12 10 1 8 18 3 12 10 3 3 12 10 1 3 3 12 10 3 10 3 1 3 3 1 12 10 1 1 12 9 1 1 1 7 12 10 9 12 9 5 0 5 0 3 3 3 3 3 3 3 3 3 3 3 3 3 3 3 3 3 3 3 3 3 3 3 3 3 3 3 3 3 3 3 3 3 3 3 3 3 3 3 3 3 3 3 3 3 3 3 3 3 3 3 3 3 3 3 3 3 3 3 3 3 3 3 3 3 3 3 3 3 3 3 3 3 3 3 3 3 3 3 3 3 3 3 3 3 3 3 3 3 3 3 3 3 3 3 3 3 3 3 3 3 3 3 3 3 3 3 3 3 3 3 3 3 3 3 3 3 3 3 3 3 3 3 3 3 3 3 3 3 3 3 3 3 3 3 3 3 3 3 3 3 3 3 3 3 3 3 3 3 3 3 3 3 3 3 3 3 3 3 3 1 3 3 3 12 10 9 3 6 0 6 0 3 1 12 10 3 3 3 3 3 3 6 0 3 12 10 3 3 3 12 10 3 3 3 3 12 9 12 10 3 3 3 3 3 3 10 3 3 3 3 3 3 3 6 0 1 100 1 100 1 1 12 10 12 10 1 1 12 11 1 1 1 7 1 1 12 10 1 3 3 3 3 3 3 3 3 3 3 3 3 3 3 3 3 3 3 3 3 3 3 3 3 3 3 3 3 3 3 3 3 3 3 3 3 3 3 3 3 3 3 3 3 3 3 3 3 3 3 3 3 3 3 3 1 12 9 1 11 3 1 12 10 1 3 3 3 3 3 3 3 3 3 3 3 3 3 3 3 3 3 3 3 3 3 3 3 1 1 3 10 10 3 10 1 1 1 12 9 3 3 3 3 3 3 1 3 3 3 3 3 3 3 3 3 1 3 3 3 3 3 3 3 3 3 3 3 1 1 3 3 3 3 3 3 1 12 9 3 3 10 12 10 3 3 3 3 1 100 10 1 1 12 9 1 12 9 1 8 18 1 12 9 1 12 9 12 10 100 10 9 3 1 12 9 100 1 12 10 3 10 3 1 12 10 1 8 1 12 11 1 8 1 12 10 1 12 11 12 10 1 1 12 10 1 100 1 100 1 12 11 1 12 10 12 9 3 3 1 12 10 3 3 1 12 10 1 3 3 12 10 12 9 3 1 1 1 100 10 1 12 9 12 10 9 3 12 10 1 12 10 12 10 1 12 10 3 1 12 10 4 12 10 6 0 12 9 1 8 1 1 8 1 8 1 8 3 1 8 1 8 3 1 8 3 1 8 1 8 1 8 1 8 1 8 3 1 8 12 10 12 10 12 10 12 10 12 10 12 10 12 10 12 10 12 10 1 7 10 12 10 12 10 12 10 12 10 12 10 12 10 10 12 10 1 12 9 12 9 12 10 12 10 3 3 3 3 3 3 3 1 3 3 3 1 1 1 12 10 12 10 12 10 3 3 3 3 3 3 12 10 3 100 12 10 1 12 10 12 10 1 7 10 1 12 10 1 100 3 3 3 3 3 3 3 3 3 3 3 3 3 3 1 12 10 12 10 3 1 8 3 1 12 10 1 8 18 1 3 3 3 3 1 8 10 3 1 12 9 1 3 10 1 3 10 3 1 3 1 1 12 9 12 10 1 100 12 10 3 100 12 10 1 1 12 9 1 1 12 10 3 3 1 1 12 10 4 12 10 12 9 12 9 12 10 1 3 3 12 9 12 9 9 12 9 12 9 9 12 9 12 9 12 9 12 10 12 9 10 3 3 3 3 12 10 12 10 12 10 10 10 10 12 10 12 10 12 10 12 10 9 3 1 12 9 12 10 3 3 12 9 9 3 9 3 3 100 3 3 1 3 1 12 10 3 3 12 10 1 8 3 3 1 100 11 12 9 1 8 3 1 12 10 1 3 3 1 3 3 3 3 1 1 1 1 1 1 3 3 3 3 3 3 3 3 1 1 100 10 1 3 3 3 3 3 3 3 3 3 3 3 3 3 3 3 1 100 12 9 1 8 1 8 1 8 1 8 18 1 1 12 10 1 7 1 1 12 10 1 7 1 1 12 11 1 12 10 1 7 1 7 1 1 12 9 1 1 12 10 1 12 11 11 12 10 12 10 1 7 10 1 1 1 12 10 1 1 3 1 12 10 1 3 3 3 3 3 3 1 1 3 3 3 3 3 3 1 3 3 3 3 3 3 3 3 3 3 3 3 3 3 3 3 3 3 3 3 3 3 3 3 3 3 3 3 3 3 3 3 3 3 3 3 3 3 3 3 3 3 3 3 3 3 3 3 3 3 3 3 3 3 3 3 3 3 3 3 3 3 3 3 3 3 3 3 3 3 3 3 3 3 3 3 3 3 3 3 3 3 3 3 3 3 3 3 3 3 3 3 3 3 3 3 3 3 3 3 3 3 3 3 3 3 3 3 3 3 3 3 3 3 3 3 3 3 3 3 3 3 3 3 3 3 3 3 3 3 3 3 3 3 3 3 3 3 3 3 3 3 3 3 3 3 3 3 3 3 3 3 3 3 3 3 3 3 3 3 3 3 3 3 3 3 3 3 3 3 3 3 3 3 3 3 3 3 3 3 3 3 3 3 3 3 3 3 3 3 3 3 3 3 3 3 3 3 3 3 3 3 3 3 3 3 3 3 3 3 3 3 3 3 3 3 3 3 3 3 3 3 3 3 3 3 3 3 3 3 3 3 3 3 3 3 3 3 3 3 3 3 3 3 3 3 3 3 3 3 3 3 3 3 3 3 3 3 3 3 3 3 3 3 3 3 3 3 3 3 3 3 3 3 3 3 3 3 3 3 3 3 3 3 3 3 3 3 3 3 3 3 3 3 3 3 3 3 3 3 3 3 3 3 3 3 3 3 3 3 3 3 3 3 3 3 3 3 3 3 3 3 3 3 3 3 3 3 3 3 3 3 3 3 3 3 3 3 3 3 3 3 3 3 3 3 3 3 3 3 3 3 3 3 3 3 3 3 3 3 3 3 3 3 3 3 3 3 3 3 3 3 3 3 3 3 3 3 3 3 3 3 1 1 3 1 9 3 3 12 10 1 1 1 1 3 3 3 1 1 1 1 3 3 3 3 1 1 1 3 3 3 3 3 3 3 3 3 3 3 3 3 3 3 1 3 3 3 1 3 3 1 1 12 10 1 3 3 3 3 3 3 3 3 3 3 3 3 3 3 3 3 3 3 3 3 3 3 3 3 3 1 3 3 3 3 3 3 3 3 3 3 3 3 3 3 3 3 3 3 3 3 3 3 1 3 3 3 3 3 3 3 3 3 3 3 3 3 3 3 3 3 3 3 3 3 3 3 3 3 3 3 3 3 3 3 3 1 3 3 3 3 3 3 3 3 3 3 3 3 3 3 3 3 3 3 3 3 3 3 3 3 3 3 3 1 1 1 8 1 12 10 1 8 1 1 3 1 3 1 12 10 1 1 3 3 3 1 3 3 3 1 1 7 1 12 10 1 12 10 1 3 1 3 3 3 3 3 3 3 3 3 3 3 3 3 3 3 3 3 3 3 3 3 3 3 3 3 3 1 12 9 3 3 3 3 3 3 3 3 3 3 3 3 3 3 3 3 1 3 3 3 3 3 3 3 3 3 3 3 3 1 3 3 3 1 3 3 3 3 3 3 3 3 3 3 3 1 1 12 10 1 3 3 3 1 1 1 3 3 3 3 3 3 3 3 3 3 3 3 3 3 3 3 3 3 3 3 3 3 3 3 3 3 3 3 3 3 3 3 3 3 3 3 3 3 3 3 3 3 3 3 3 3 3 3 3 3 3 3 3 3 3 3 3 3 3 3 3 3 3 3 3 3 3 3 3 3 3 3 3 3 3 3 3 3 3 3 3 3 3 3 3 3 3 3 3 3 3 3 3 3 3 3 3 3 3 3 3 3 3 3 3 3 3 3 3 3 3 3 3 3 3 3 3 3 3 3 3 3 3 3 3 3 3 3 3 3 3 3 3 3 3 3 3 3 3 3 3 3 3 3 3 3 3 3 3 3 3 3 3 3 3 3 3 3 3 3 3 3 3 3 3 3 3 3 3 3 3 3 3 3 3 3 3 3 3 3 3 3 3 3 3 3 3 3 3 3 3 3 3 3 3 3 3 3 3 3 3 3 3 3 3 3 3 3 3 3 3 3 3 3 3 3 3 3 3 3 3 3 3 3 3 3 3 3 3 3 3 3 3 3 3 3 3 3 3 3 3 3 3 3 3 3 3 3 1 3 3 3 3 3 3 3 3 3 3 3 3 3 3 3 3 3 3 3 3 3 3 3 3 3 3 3 3 3 3 3 3 3 3 3 3 3 3 3 3 3 3 3 3 3 3 3 3 3 3 3 3 3 3 3 3 3 3 3 3 3 3 3 3 3 3 3 3 3 3 3 3 3 3 3 3 3 3 3 3 3 3 3 3 3 3 3 3 3 3 3 3 3 3 3 3 3 3 3 3 3 3 3 3 3 3 3 3 3 3 3 3 3 3 3 3 3 3 3 3 3 3 3 3 3 3 3 3 3 3 3 3 3 3 3 3 3 3 3 3 3 3 3 3 3 3 3 3 3 3 3 3 3 3 3 3 3 3 3 3 3 3 3 3 3 3 3 3 3 3 3 3 3 3 3 3 3 3 3 3 3 3 3 3 3 3 3 3 3 3 3 3 3 3 3 3 3 3 3 3 3 3 3 3 3 3 3 3 3 3 3 3 3 3 3 3 3 3 3 3 3 3 3 3 3 3 3 3 3 3 3 3 3 3 3 3 3 3 3 3 3 3 3 3 3 3 3 3 3 3 3 3 3 3 3 3 1 12 10 1 8 1 1 3 3 3 3 3 3 1 12 10 1 1 12 10 1 3 3 3 3 3 3 3 3 3 3 3 3 3 3 3 3 3 3 3 3 3 3 3 3 3 3 3 3 3 1 3 3 3 1 1 8 1 3 1 9 3 1 3 1 1 1 1 1 12 10 1 12 10 1 12 10 12 10 1 1 12 10 3 3 1 12 10 1 12 10 1 12 10 1 12 10 1 1 12 10 15 1 12 18 1 1 3 1 1 1 3 3 3 3 3 3 3 3 3 3 3 3 1 3 3 3 1 3 3 3 3 1 3 3 3 3 3 3 3 3 3 3 3 1 12 10 1 1 12 9 1 7 10 1 12 10 12 10 12 10 3 3 3 3 3 3 3 3 3 3 3 3 1 1 3 1 1 7 1 12 10 1 12 10 1 3 3 3 3 3 3 3 3 3 3 3 3 3 3 3 3 3 3 3 3 3 3 3 3 3 3 3 3 3 3 3 3 3 3 3 3 3 3 3 3 3 3 3 3 3 3 3 3 3 3 3 3 3 3 3 3 3 3 3 3 3 3 3 3 3 3 3 3 3 3 3 3 3 3 3 3 3 3 3 3 3 3 3 3 3 3 3 3 3 3 3 3 3 3 3 3 3 3 3 3 3 3 3 3 3 3 3 3 3 3 3 3 3 3 3 3 3 3 3 3 3 3 3 3 3 3 3 3 3 3 3 3 3 3 3 3 3 3 3 3 3 3 3 3 3 3 3 3 3 3 3 3 3 3 3 3 3 3 3 3 3 3 3 3 3 3 3 3 3 3 3 3 3 3 3 3 3 3 3 3 3 3 3 3 3 3 3 3 3 3 3 3 3 3 3 3 3 3 3 3 3 3 3 3 3 3 3 3 3 3 3 3 3 3 3 3 3 3 3 3 3 3 3 3 3 3 3 3 3 3 3 3 3 3 3 3 3 3 3 3 3 3 3 3 3 3 3 3 3 3 3 3 3 3 3 3 3 3 3 3 3 3 3 3 3 3 3 3 3 3 3 3 3 3 3 3 3 3 3 3 3 3 3 3 3 3 3 3 3 3 3 3 3 3 3 3 3 3 3 3 3 3 3 3 3 3 3 3 3 3 3 3 3 3 3 3 3 3 3 3 3 3 3 3 3 3 3 3 3 3 3 3 3 3 3 3 3 3 3 3 3 3 3 3 3 3 3 3 3 3 3 3 3 3 3 3 3 3 3 3 3 3 3 3 3 3 3 3 3 3 3 3 3 3 3 3 3 3 3 3 3 3 1 3 10 3 3 3 12 10 3 12 10 3 3 3 1 12 10 3 3 3 1 12 10 3 3 3 3 1 1 1 1 9 1 1 1 12 10 10 10 1 1 12 9 7 12 9 1 1 12 9 9 3 12 9 12 10 9 3 1 12 10 9 1 12 10 9 3 9 3 1 12 10 12 9 12 9 12 10 12 10 1 12 10 1 12 10 1 12 10 1 1 12 10 1 3 1 1 1 3 3 3 3 3 3 3 3 3 3 3 3 3 3 3 3 3 3 3 3 3 3 3 3 3 3 3 3 3 3 3 3 3 3 3 3 3 3 3 3 3 3 3 3 3 3 3 3 3 3 3 3 3 3 3 3 3 3 3 3 1 8 10 1 8 12 10 10 1 8 18 10 3 3 100 1 12 10 12 10 12 10 1 12 10 12 9 1 12 10 1 1 12 9 1 8 1 4 4 12 10 1 12 10 9 11 11 9 3 9 3 1 12 9 12 10 1 1 1 1 1 1 1 1 1 1 1 1
staticfield client ai Ldj; dj
staticfield client bd Ljava/lang/String; "Y29tX2phZ2V4X2F1dGhfZGVza3RvcF9vc3JzOnB1YmxpYw=="staticfield client bl Ljava/lang/String; "Y29tX2phZ2V4X2F1dGhfZGVza3RvcF9ydW5lbGl0ZTpwdWJsaWM="staticfield client cu [I 23
staticfield client cq [I 8
staticfield client ch Lbu; bu
staticfield client cs Llc; lc
staticfield client vp Ljava/util/Map; java/util/HashMap
staticfield client eb Lfa; fa
staticfield client be Lgi; gi
staticfield client es Lyj; yj
staticfield client ep Lfc; fc
staticfield client px Ljava/lang/ClassLoader; jdk/internal/loader/ClassLoaders$AppClassLoader
staticfield client lj Lkq; kq
staticfield client ri [Lvp; 23 [Lvp;
staticfield client zg Lrl7; client$$Lambda$245
staticfield client dr Lcl; cl
staticfield client ve Ljava/util/Map; java/util/HashMap
staticfield client $assertionsDisabled Z 0
ciInstanceKlass net/runelite/api/Actor 1 0 101 100 100 100 100 1 1 1 1 1 1 1 1 1 1 1 1 1 1 1 1 1 1 1 1 1 1 1 1 1 1 1 1 1 1 1 1 1 1 1 1 1 1 1 1 1 1 1 1 1 1 1 1 1 1 1 1 1 1 1 1 1 1 1 1 1 1 1 1 1 1 1 1 1 1 1 1 1 1 1 1 1 1 1 1 1 1 1 1 1 1 1 1 1 1 1 1 1 1 1 1
ciInstanceKlass net/runelite/api/Player 1 0 24 100 100 100 1 1 1 1 1 1 1 1 1 1 1 1 1 1 1 1 1 1 1 1
ciInstanceKlass ct 1 1 1057 1 7 1 7 1 100 1 1 1 1 1 1 1 1 4 1 1 1 1 1 1 1 1 1 1 1 1 1 1 1 1 1 1 3 1 1 1 1 1 1 1 1 1 1 1 1 1 1 1 1 1 100 3 12 9 3 1 100 1 1 12 10 3 1 12 9 3 1 1 12 10 3 1 1 12 10 1 1 12 9 1 7 1 12 10 1 7 1 12 10 3 1 12 10 1 7 1 12 10 3 1 12 10 1 12 9 3 1 12 9 1 12 9 12 9 12 9 1 7 1 12 9 3 3 12 9 12 9 3 12 9 3 3 1 12 9 12 9 3 3 12 9 3 12 9 1 12 9 3 1 12 10 1 12 10 1 12 10 3 1 1 12 10 3 1 12 10 1 12 9 1 1 12 9 1 1 12 10 1 1 12 9 1 100 1 12 10 1 1 12 10 1 100 10 1 8 1 1 12 10 3 1 12 10 1 1 12 10 1 100 1 12 10 1 7 1 100 1 100 1 7 12 9 12 9 3 12 9 12 10 1 8 1 1 1 12 10 1 100 1 1 12 9 1 12 9 1 12 9 1 12 9 1 12 9 1 12 9 1 12 9 1 12 9 1 12 9 1 12 9 1 12 9 1 12 9 1 12 9 1 12 9 1 12 9 3 3 3 3 3 3 3 3 3 3 3 3 3 3 3 3 3 3 3 3 3 3 3 1 1 7 9 3 12 9 3 1 1 12 10 12 9 1 12 10 3 12 9 1 12 9 1 12 10 3 1 12 10 3 3 1 1 12 10 3 12 10 3 1 12 10 1 7 1 12 9 3 1 7 3 1 7 1 1 12 9 1 12 10 12 9 1 100 12 10 3 1 12 9 3 3 1 12 9 3 3 1 12 9 3 3 3 3 1 12 9 3 3 3 1 12 9 3 3 1 12 9 3 12 9 3 1 12 9 3 3 3 3 3 12 9 3 3 1 12 9 3 3 1 12 9 3 3 1 12 10 1 1 12 10 10 3 12 10 1 7 1 12 9 1 100 1 12 10 3 3 3 1 12 10 1 12 9 3 3 3 3 3 1 12 9 1 12 9 3 3 3 12 9 3 3 12 9 3 3 3 1 100 1 12 10 1 100 12 9 3 1 12 9 3 3 3 12 9 1 8 1 100 1 100 1 1 7 1 1 12 9 1 1 12 10 1 7 1 12 10 1 7 1 1 12 11 1 1 8 1 100 1 12 9 1 100 1 12 10 12 9 1 8 1 1 1 3 3 3 3 3 3 3 3 3 3 3 3 3 3 3 3 3 3 3 3 3 3 3 3 3 3 3 3 3 3 3 3 3 3 3 3 3 3 3 3 3 3 3 3 1 12 10 3 12 9 12 9 1 7 1 8 3 1 8 1 100 1 1 1 12 9 1 12 9 12 9 3 1 12 9 1 100 1 12 11 12 10 9 3 3 12 9 3 1 100 1 1 12 10 3 3 1 1 1 7 1 12 9 1 8 1 9 3 12 10 3 3 1 7 12 10 7 1 12 9 1 12 9 3 1 7 12 9 3 1 12 10 7 1 12 10 3 1 1 12 10 1 12 9 12 9 3 12 10 1 12 9 1 7 1 12 9 1 7 9 3 1 12 9 9 3 3 1 12 10 3 1 1 12 9 9 3 3 9 3 12 9 3 9 1 12 9 1 12 9 3 1 7 1 1 12 10 3 1 12 10 3 1 8 1 12 9 1 8 1 1 8 3 1 12 10 1 12 9 12 10 3 1 3 1 12 10 1 7 1 1 12 9 1 100 1 1 12 10 1 8 1 7 1 12 10 1 8 1 9 1 3 3 1 12 10 3 3 1 8 1 3 12 10 1 1 1 8 3 3 3 3 3 3 3 3 3 3 3 3 3 3 3 3 3 3 3 3 3 3 1 3 12 9 1 8 3 3 1 1 3 1 1 12 10 1 1 12 9 3 3 1 100 1 12 10 1 3 12 10 1 1 12 10 1 1 1 12 10 1 1 12 10 1 3 3 3 3 3 3 3 3 3 1 1 1 1 12 10 1 8 1 3 1 1 12 10 1 3 1 1 12 10 1 1 3 3 3 3 3 3 3 3 3 1 1 8 1 3 3 3 3 3 3 3 3 3 3 3 1 1 1 1 1 100 1 12 10 3 12 9 1 1 8 1 1 3 1 3 3 3 1 8 1 1 1 12 10 1 1 12 10 1 1 12 10 12 10 1 100 1 1 12 10 1 12 10 9 9 1 12 10 1 12 10 1 1 1 3 1 8 1 1 1 1 8 1 3 1 8 1 3 100 12 10 1 100 1 12 9 1 12 9 1 12 9 1 100 1 12 10 1 8 12 10 3 3 3 1 8 12 10 12 10 3 3 1 8 1 1 1 1 1 1
ciInstanceKlass net/runelite/api/GameState 1 1 91 9 10 7 7 10 10 9 10 9 8 10 8 9 8 9 8 9 8 9 8 9 8 9 8 9 8 9 7 1 1 1 1 1 1 1 1 1 1 1 1 1 1 1 1 1 1 1 1 1 1 1 1 1 1 1 1 1 1 1 1 1 1 1 1 1 1 1 12 7 12 1 12 12 12 12 12 12 12 12 12 12 12 12 12 12 1 1 1 1 1
staticfield net/runelite/api/GameState UNKNOWN Lnet/runelite/api/GameState; net/runelite/api/GameState
staticfield net/runelite/api/GameState STARTING Lnet/runelite/api/GameState; net/runelite/api/GameState
staticfield net/runelite/api/GameState LOGIN_SCREEN Lnet/runelite/api/GameState; net/runelite/api/GameState
staticfield net/runelite/api/GameState LOGIN_SCREEN_AUTHENTICATOR Lnet/runelite/api/GameState; net/runelite/api/GameState
staticfield net/runelite/api/GameState LOGGING_IN Lnet/runelite/api/GameState; net/runelite/api/GameState
staticfield net/runelite/api/GameState LOADING Lnet/runelite/api/GameState; net/runelite/api/GameState
staticfield net/runelite/api/GameState LOGGED_IN Lnet/runelite/api/GameState; net/runelite/api/GameState
staticfield net/runelite/api/GameState CONNECTION_LOST Lnet/runelite/api/GameState; net/runelite/api/GameState
staticfield net/runelite/api/GameState HOPPING Lnet/runelite/api/GameState; net/runelite/api/GameState
staticfield net/runelite/api/GameState $VALUES [Lnet/runelite/api/GameState; 9 [Lnet/runelite/api/GameState;
ciInstanceKlass net/runelite/client/ui/overlay/outline/ModelOutlineRenderer 1 1 728 10 9 9 9 7 10 9 7 9 9 7 9 7 9 9 10 100 100 7 6 0 6 0 100 10 10 100 9 10 11 18 11 11 11 100 100 10 100 10 11 11 9 9 11 9 10 10 10 10 10 10 9 9 9 9 9 9 9 10 11 11 11 11 10 100 3 10 9 10 9 11 11 11 11 11 10 10 11 100 11 100 10 10 10 100 10 10 9 10 10 10 10 9 10 10 10 10 9 3 3 3 3 11 11 11 11 10 10 10 10 10 10 10 10 11 11 11 10 10 11 11 10 11 11 10 11 100 11 11 11 11 11 11 11 11 11 11 11 11 11 11 11 11 11 11 11 11 11 11 11 11 11 11 11 11 11 11 11 11 11 11 11 11 100 10 100 10 100 10 100 10 100 10 11 11 11 11 11 11 10 10 10 11 10 10 10 7 1 1 1 1 1 1 3 1 3 1 3 1 1 1 1 1 1 1 1 1 1 1 1 1 1 1 1 1 1 1 1 1 1 1 1 1 1 1 1 1 1 1 1 1 1 1 1 1 1 1 1 1 1 1 1 1 1 1 1 1 1 1 1 1 1 1 1 1 1 1 1 1 1 1 100 1 1 1 1 1 1 1 1 1 1 1 1 1 1 1 1 1 1 1 1 1 1 1 1 1 1 1 1 1 1 1 1 1 1 1 1 1 1 1 1 1 1 1 1 1 1 1 1 1 1 1 1 1 1 100 1 1 1 1 1 1 1 1 1 1 1 1 1 1 1 1 1 100 1 1 1 1 1 1 1 1 1 1 1 1 1 1 1 1 1 1 1 1 1 1 1 1 1 1 1 1 1 1 1 1 1 1 1 100 1 1 1 1 1 1 1 1 1 1 1 1 1 1 1 1 1 1 1 100 1 1 1 1 1 1 100 1 1 1 1 1 100 1 1 1 1 1 1 1 1 1 1 1 1 1 1 1 1 1 1 1 1 1 1 1 1 1 1 1 1 1 1 1 1 1 1 1 1 1 1 1 12 12 12 12 1 12 12 12 1 12 1 12 12 100 12 1 1 100 12 1 12 12 12 1 15 16 15 16 12 100 12 12 12 12 1 12 12 12 12 12 12 12 12 12 12 12 12 12 12 12 12 12 12 12 12 12 12 12 12 12 100 12 1 12 12 12 12 12 12 12 12 12 12 12 100 12 1 12 1 12 12 100 12 1 12 12 12 12 12 12 12 12 12 12 12 12 12 12 12 12 12 12 12 12 12 12 12 12 12 100 12 12 12 12 12 12 12 12 12 12 12 12 1 12 12 12 12 12 12 12 12 12 12 12 12 1 12 1 12 1 12 1 12 1 12 100 100 12 100 12 12 12 12 1 1 1 1 1 1 1 1 1 1 1 1 1 1 1 1 10 10 1 1 1 1 1 1 1 1 1 1 1 1 1 1 1 1 1 1 1 1 1 1 1 1 1 1 1 1 1 1 1 1 1 1 1 1 1 1 1 1 1 1 1 1 1 1 1 1 1 1 1 1 1 1 1 1 1 1 1 1 1 1 1 1 1 1 1 1 1 1 1 1 1 1 1 1 1 1 1 1 1 1 1 1 1 1 1 1 1 1 1 1 1 1 1 1 1 1 1 1 1 1 100 12 12 1 1 100 1 1 100 1 1
ciInstanceKlass com/mycombatlevel/ExamplePlugin$overlay_screen 1 1 152 9 10 9 10 9 10 9 11 9 9 9 11 11 11 7 9 11 9 9 9 10 10 9 9 9 11 9 9 9 7 100 1 1 1 1 1 1 1 1 1 1 1 1 1 1 1 1 1 1 1 1 1 1 7 100 1 1 1 7 12 12 100 12 12 100 12 12 12 7 12 7 12 12 12 7 12 12 12 1 12 12 12 12 12 12 100 12 12 12 12 100 12 12 12 12 1 1 1 1 1 1 1 1 1 1 1 1 1 1 1 1 1 1 1 1 1 1 1 1 1 1 1 1 1 1 1 1 1 1 1 1 1 1 1 1 1 1 1 1 1 1 1 1 1 1 1 1 1 1 1 1
ciInstanceKlass com/mycombatlevel/ExampleConfig 1 1 27 100 100 100 1 1 1 1 1 1 1 1 1 1 1 1 1 1 1 1 1 1 1 1 1 1 1
ciMethod net/runelite/api/Player getCombatLevel ()I 0 0 1 0 -1
ciMethod net/runelite/api/Client getGameState ()Lnet/runelite/api/GameState; 0 0 1 0 -1
ciMethod net/runelite/client/ui/overlay/outline/ModelOutlineRenderer drawOutline (Lnet/runelite/api/Actor;ILjava/awt/Color;I)V 0 0 1 0 -1
ciMethod com/mycombatlevel/ExampleConfig highlightSafeInNonPVPWorlds ()Z 0 0 1 0 -1
ciMethod com/mycombatlevel/ExamplePlugin$overlay_screen render (Ljava/awt/Graphics2D;)Ljava/awt/Dimension; 2049 2049 7552 0 -1
ciMethodData com/mycombatlevel/ExamplePlugin$overlay_screen render (Ljava/awt/Graphics2D;)Ljava/awt/Dimension; 2 7552 orig 80 0 1 0 0 1 0 0 0 0 0 0 0 0 0 0 0 0 0 0 0 0 0 0 0 0 0 0 0 0 0 0 0 0 0 0 0 0 0 0 0 0 0 0 0 0 0 0 0 0 0 0 0 0 0 0 0 0 0 0 0 0 0 0 0 0 0 0 0 0 0 0 0 0 0 0 0 0 0 0 0 data 145 0x70005 0x0 0x0 0x2ae434cf280 0x1c80 0x0 0x0 0xf0007 0x1c80 0x20 0x0 0x230007 0x0 0x258 0x1c80 0x2d0005 0x0 0x0 0x2ae434cf330 0x1c80 0x0 0x0 0x340005 0x0 0x0 0x2ae434cf3e0 0x3900 0x0 0x0 0x390007 0x1c80 0x1c8 0x1c80 0x3d0005 0x0 0x0 0x2ae434cf3e0 0x1c80 0x0 0x0 0x420004 0x0 0x0 0x2ae434cf490 0x1c80 0x0 0x0 0x4e0007 0x0 0x38 0x1c80 0x510003 0x1c80 0xffffffffffffff18 0x550005 0x0 0x0 0x0 0x0 0x0 0x0 0x650007 0x0 0xb0 0x0 0x710007 0x0 0x90 0x0 0x8b0005 0x0 0x0 0x0 0x0 0x0 0x0 0x8f0005 0x0 0x0 0x0 0x0 0x0 0x0 0x920003 0x0 0xfffffffffffffe18 0x9c0007 0x1c80 0x130 0x0 0xa60007 0x0 0x98 0x0 0xb00007 0x0 0x78 0x0 0xba0005 0x0 0x0 0x0 0x0 0x0 0x0 0xbf0007 0x0 0x98 0x0 0xcd0007 0x0 0x20 0x0 0xdb0007 0x0 0x58 0x0 0xef0005 0x0 0x0 0x0 0x0 0x0 0x0 0x0 0x0 0x0 0x0 0x0 0x0 0x0 0x0 0x0 0x0 0x0 0x0 0x0 0x0 0x0 0x0 0x0 0x9 0x2 0x0 0x0 oops 5 3 client 18 java/util/ArrayList 25 java/util/ArrayList$Itr 36 java/util/ArrayList$Itr 43 ct methods 0
compile com/mycombatlevel/ExamplePlugin$overlay_screen render (Ljava/awt/Graphics2D;)Ljava/awt/Dimension; -1 4 inline 1 0 -1 com/mycombatlevel/ExamplePlugin$overlay_screen render (Ljava/awt/Graphics2D;)Ljava/awt/Dimension;
